INSERT OR IGNORE INTO dialyse_maintenance_records (id, organization_id, machine_id, maintenance_type, description, scheduled_date, completed_date, status, technician_name, cost, notes, created_at, updated_at) VALUES ('dial-maint-0121', 'org-health-001', 'dial-machine-0132', 'corrective', 'Maintenance corrective', 1704660878351, NULL, 'scheduled', 'Technicien 120', 374.94, 'Intervention maintenance', 1766786874847, 1766786874847);
INSERT OR IGNORE INTO dialyse_maintenance_records (id, organization_id, machine_id, maintenance_type, description, scheduled_date, completed_date, status, technician_name, cost, notes, created_at, updated_at) VALUES ('dial-maint-0122', 'org-health-001', 'dial-machine-0142', 'calibration', 'Maintenance calibration', 1712875030574, NULL, 'scheduled', 'Technicien 121', 754.44, 'Intervention maintenance', 1766786874847, 1766786874847);
INSERT OR IGNORE INTO dialyse_maintenance_records (id, organization_id, machine_id, maintenance_type, description, scheduled_date, completed_date, status, technician_name, cost, notes, created_at, updated_at) VALUES ('dial-maint-0123', 'org-health-001', 'dial-machine-0105', 'corrective', 'Maintenance corrective', 1746026900903, 1766786874847, 'completed', 'Technicien 122', 1537.72, 'Intervention maintenance', 1766786874847, 1766786874847);
INSERT OR IGNORE INTO dialyse_maintenance_records (id, organization_id, machine_id, maintenance_type, description, scheduled_date, completed_date, status, technician_name, cost, notes, created_at, updated_at) VALUES ('dial-maint-0124', 'org-health-001', 'dial-machine-0112', 'preventive', 'Maintenance preventive', 1736644344010, NULL, 'cancelled', 'Technicien 123', 723.79, 'Intervention maintenance', 1766786874847, 1766786874847);
INSERT OR IGNORE INTO dialyse_maintenance_records (id, organization_id, machine_id, maintenance_type, description, scheduled_date, completed_date, status, technician_name, cost, notes, created_at, updated_at) VALUES ('dial-maint-0125', 'org-health-001', 'dial-machine-0114', 'calibration', 'Maintenance calibration', 1754556447811, NULL, 'scheduled', 'Technicien 124', 577.35, 'Intervention maintenance', 1766786874847, 1766786874847);
INSERT OR IGNORE INTO dialyse_maintenance_records (id, organization_id, machine_id, maintenance_type, description, scheduled_date, completed_date, status, technician_name, cost, notes, created_at, updated_at) VALUES ('dial-maint-0126', 'org-health-001', 'dial-machine-0100', 'preventive', 'Maintenance preventive', 1717832968096, NULL, 'cancelled', 'Technicien 125', 1260.43, 'Intervention maintenance', 1766786874847, 1766786874847);
INSERT OR IGNORE INTO dialyse_maintenance_records (id, organization_id, machine_id, maintenance_type, description, scheduled_date, completed_date, status, technician_name, cost, notes, created_at, updated_at) VALUES ('dial-maint-0127', 'org-health-001', 'dial-machine-0100', 'calibration', 'Maintenance calibration', 1758604478203, NULL, 'scheduled', 'Technicien 126', 817.93, 'Intervention maintenance', 1766786874847, 1766786874847);
INSERT OR IGNORE INTO dialyse_maintenance_records (id, organization_id, machine_id, maintenance_type, description, scheduled_date, completed_date, status, technician_name, cost, notes, created_at, updated_at) VALUES ('dial-maint-0128', 'org-health-001', 'dial-machine-0135', 'inspection', 'Maintenance inspection', 1758892841777, NULL, 'cancelled', 'Technicien 127', 207.7, 'Intervention maintenance', 1766786874847, 1766786874847);
INSERT OR IGNORE INTO dialyse_maintenance_records (id, organization_id, machine_id, maintenance_type, description, scheduled_date, completed_date, status, technician_name, cost, notes, created_at, updated_at) VALUES ('dial-maint-0129', 'org-health-001', 'dial-machine-0100', 'inspection', 'Maintenance inspection', 1747270283015, 1766786874847, 'completed', 'Technicien 128', 1796.27, 'Intervention maintenance', 1766786874847, 1766786874847);
INSERT OR IGNORE INTO dialyse_maintenance_records (id, organization_id, machine_id, maintenance_type, description, scheduled_date, completed_date, status, technician_name, cost, notes, created_at, updated_at) VALUES ('dial-maint-0130', 'org-health-001', 'dial-machine-0108', 'inspection', 'Maintenance inspection', 1734452325392, 1766786874847, 'completed', 'Technicien 129', 1914.46, 'Intervention maintenance', 1766786874847, 1766786874847);
INSERT OR IGNORE INTO dialyse_maintenance_records (id, organization_id, machine_id, maintenance_type, description, scheduled_date, completed_date, status, technician_name, cost, notes, created_at, updated_at) VALUES ('dial-maint-0131', 'org-health-001', 'dial-machine-0132', 'inspection', 'Maintenance inspection', 1763915689993, NULL, 'in_progress', 'Technicien 130', 209.37, 'Intervention maintenance', 1766786874847, 1766786874847);
INSERT OR IGNORE INTO dialyse_maintenance_records (id, organization_id, machine_id, maintenance_type, description, scheduled_date, completed_date, status, technician_name, cost, notes, created_at, updated_at) VALUES ('dial-maint-0132', 'org-health-001', 'dial-machine-0132', 'corrective', 'Maintenance corrective', 1756424511707, NULL, 'in_progress', 'Technicien 131', 1255.83, 'Intervention maintenance', 1766786874847, 1766786874847);
INSERT OR IGNORE INTO dialyse_maintenance_records (id, organization_id, machine_id, maintenance_type, description, scheduled_date, completed_date, status, technician_name, cost, notes, created_at, updated_at) VALUES ('dial-maint-0133', 'org-health-001', 'dial-machine-0124', 'calibration', 'Maintenance calibration', 1733557991211, NULL, 'scheduled', 'Technicien 132', 400.04, 'Intervention maintenance', 1766786874847, 1766786874847);
INSERT OR IGNORE INTO dialyse_maintenance_records (id, organization_id, machine_id, maintenance_type, description, scheduled_date, completed_date, status, technician_name, cost, notes, created_at, updated_at) VALUES ('dial-maint-0134', 'org-health-001', 'dial-machine-0116', 'corrective', 'Maintenance corrective', 1754244318816, 1766786874847, 'completed', 'Technicien 133', 1759.89, 'Intervention maintenance', 1766786874847, 1766786874847);
INSERT OR IGNORE INTO dialyse_maintenance_records (id, organization_id, machine_id, maintenance_type, description, scheduled_date, completed_date, status, technician_name, cost, notes, created_at, updated_at) VALUES ('dial-maint-0135', 'org-health-001', 'dial-machine-0106', 'preventive', 'Maintenance preventive', 1759276045811, 1766786874847, 'completed', 'Technicien 134', 1355.97, 'Intervention maintenance', 1766786874847, 1766786874847);
INSERT OR IGNORE INTO dialyse_maintenance_records (id, organization_id, machine_id, maintenance_type, description, scheduled_date, completed_date, status, technician_name, cost, notes, created_at, updated_at) VALUES ('dial-maint-0136', 'org-health-001', 'dial-machine-0121', 'corrective', 'Maintenance corrective', 1743758242142, NULL, 'in_progress', 'Technicien 135', 1447.79, 'Intervention maintenance', 1766786874847, 1766786874847);
INSERT OR IGNORE INTO dialyse_maintenance_records (id, organization_id, machine_id, maintenance_type, description, scheduled_date, completed_date, status, technician_name, cost, notes, created_at, updated_at) VALUES ('dial-maint-0137', 'org-health-001', 'dial-machine-0102', 'preventive', 'Maintenance preventive', 1724336673650, NULL, 'in_progress', 'Technicien 136', 709.34, 'Intervention maintenance', 1766786874847, 1766786874847);
INSERT OR IGNORE INTO dialyse_maintenance_records (id, organization_id, machine_id, maintenance_type, description, scheduled_date, completed_date, status, technician_name, cost, notes, created_at, updated_at) VALUES ('dial-maint-0138', 'org-health-001', 'dial-machine-0105', 'preventive', 'Maintenance preventive', 1720893996766, NULL, 'scheduled', 'Technicien 137', 846.32, 'Intervention maintenance', 1766786874847, 1766786874847);
INSERT OR IGNORE INTO dialyse_maintenance_records (id, organization_id, machine_id, maintenance_type, description, scheduled_date, completed_date, status, technician_name, cost, notes, created_at, updated_at) VALUES ('dial-maint-0139', 'org-health-001', 'dial-machine-0137', 'preventive', 'Maintenance preventive', 1728935064614, NULL, 'scheduled', 'Technicien 138', 1778.55, 'Intervention maintenance', 1766786874847, 1766786874847);
INSERT OR IGNORE INTO dialyse_maintenance_records (id, organization_id, machine_id, maintenance_type, description, scheduled_date, completed_date, status, technician_name, cost, notes, created_at, updated_at) VALUES ('dial-maint-0140', 'org-health-001', 'dial-machine-0115', 'calibration', 'Maintenance calibration', 1736030287641, 1766786874847, 'completed', 'Technicien 139', 1495.84, 'Intervention maintenance', 1766786874847, 1766786874847);
INSERT OR IGNORE INTO dialyse_maintenance_records (id, organization_id, machine_id, maintenance_type, description, scheduled_date, completed_date, status, technician_name, cost, notes, created_at, updated_at) VALUES ('dial-maint-0141', 'org-health-001', 'dial-machine-0140', 'calibration', 'Maintenance calibration', 1752915306780, 1766786874847, 'completed', 'Technicien 140', 646.28, 'Intervention maintenance', 1766786874847, 1766786874847);
INSERT OR IGNORE INTO dialyse_maintenance_records (id, organization_id, machine_id, maintenance_type, description, scheduled_date, completed_date, status, technician_name, cost, notes, created_at, updated_at) VALUES ('dial-maint-0142', 'org-health-001', 'dial-machine-0143', 'inspection', 'Maintenance inspection', 1721466138692, NULL, 'cancelled', 'Technicien 141', 1868.77, 'Intervention maintenance', 1766786874847, 1766786874847);
INSERT OR IGNORE INTO dialyse_maintenance_records (id, organization_id, machine_id, maintenance_type, description, scheduled_date, completed_date, status, technician_name, cost, notes, created_at, updated_at) VALUES ('dial-maint-0143', 'org-health-001', 'dial-machine-0143', 'calibration', 'Maintenance calibration', 1748301399660, NULL, 'cancelled', 'Technicien 142', 151.81, 'Intervention maintenance', 1766786874847, 1766786874847);
INSERT OR IGNORE INTO dialyse_maintenance_records (id, organization_id, machine_id, maintenance_type, description, scheduled_date, completed_date, status, technician_name, cost, notes, created_at, updated_at) VALUES ('dial-maint-0144', 'org-health-001', 'dial-machine-0122', 'corrective', 'Maintenance corrective', 1737616571421, NULL, 'cancelled', 'Technicien 143', 926.05, 'Intervention maintenance', 1766786874847, 1766786874847);
INSERT OR IGNORE INTO dialyse_maintenance_records (id, organization_id, machine_id, maintenance_type, description, scheduled_date, completed_date, status, technician_name, cost, notes, created_at, updated_at) VALUES ('dial-maint-0145', 'org-health-001', 'dial-machine-0111', 'inspection', 'Maintenance inspection', 1754283744460, 1766786874847, 'completed', 'Technicien 144', 225.22, 'Intervention maintenance', 1766786874847, 1766786874847);
INSERT OR IGNORE INTO dialyse_maintenance_records (id, organization_id, machine_id, maintenance_type, description, scheduled_date, completed_date, status, technician_name, cost, notes, created_at, updated_at) VALUES ('dial-maint-0146', 'org-health-001', 'dial-machine-0143', 'corrective', 'Maintenance corrective', 1743230127035, NULL, 'scheduled', 'Technicien 145', 489.12, 'Intervention maintenance', 1766786874847, 1766786874847);
INSERT OR IGNORE INTO dialyse_maintenance_records (id, organization_id, machine_id, maintenance_type, description, scheduled_date, completed_date, status, technician_name, cost, notes, created_at, updated_at) VALUES ('dial-maint-0147', 'org-health-001', 'dial-machine-0107', 'corrective', 'Maintenance corrective', 1735140720075, 1766786874847, 'completed', 'Technicien 146', 451.51, 'Intervention maintenance', 1766786874847, 1766786874847);
INSERT OR IGNORE INTO dialyse_maintenance_records (id, organization_id, machine_id, maintenance_type, description, scheduled_date, completed_date, status, technician_name, cost, notes, created_at, updated_at) VALUES ('dial-maint-0148', 'org-health-001', 'dial-machine-0131', 'inspection', 'Maintenance inspection', 1736044229278, 1766786874847, 'completed', 'Technicien 147', 1288.78, 'Intervention maintenance', 1766786874847, 1766786874847);
INSERT OR IGNORE INTO dialyse_maintenance_records (id, organization_id, machine_id, maintenance_type, description, scheduled_date, completed_date, status, technician_name, cost, notes, created_at, updated_at) VALUES ('dial-maint-0149', 'org-health-001', 'dial-machine-0106', 'calibration', 'Maintenance calibration', 1753917370349, 1766786874847, 'completed', 'Technicien 148', 1132.24, 'Intervention maintenance', 1766786874847, 1766786874847);
INSERT OR IGNORE INTO dialyse_maintenance_records (id, organization_id, machine_id, maintenance_type, description, scheduled_date, completed_date, status, technician_name, cost, notes, created_at, updated_at) VALUES ('dial-maint-0150', 'org-health-001', 'dial-machine-0149', 'inspection', 'Maintenance inspection', 1746603002999, NULL, 'in_progress', 'Technicien 149', 1404.51, 'Intervention maintenance', 1766786874847, 1766786874847);
INSERT OR IGNORE INTO dialyse_maintenance_records (id, organization_id, machine_id, maintenance_type, description, scheduled_date, completed_date, status, technician_name, cost, notes, created_at, updated_at) VALUES ('dial-maint-0151', 'org-health-001', 'dial-machine-0102', 'calibration', 'Maintenance calibration', 1717167753720, 1766786874847, 'completed', 'Technicien 150', 163.18, 'Intervention maintenance', 1766786874847, 1766786874847);
INSERT OR IGNORE INTO dialyse_maintenance_records (id, organization_id, machine_id, maintenance_type, description, scheduled_date, completed_date, status, technician_name, cost, notes, created_at, updated_at) VALUES ('dial-maint-0152', 'org-health-001', 'dial-machine-0108', 'inspection', 'Maintenance inspection', 1762148660449, 1766786874847, 'completed', 'Technicien 151', 1165.54, 'Intervention maintenance', 1766786874847, 1766786874847);
INSERT OR IGNORE INTO dialyse_maintenance_records (id, organization_id, machine_id, maintenance_type, description, scheduled_date, completed_date, status, technician_name, cost, notes, created_at, updated_at) VALUES ('dial-maint-0153', 'org-health-001', 'dial-machine-0116', 'corrective', 'Maintenance corrective', 1752366162937, NULL, 'cancelled', 'Technicien 152', 1834.81, 'Intervention maintenance', 1766786874847, 1766786874847);
INSERT OR IGNORE INTO dialyse_maintenance_records (id, organization_id, machine_id, maintenance_type, description, scheduled_date, completed_date, status, technician_name, cost, notes, created_at, updated_at) VALUES ('dial-maint-0154', 'org-health-001', 'dial-machine-0114', 'calibration', 'Maintenance calibration', 1729240043474, NULL, 'scheduled', 'Technicien 153', 909.76, 'Intervention maintenance', 1766786874847, 1766786874847);
INSERT OR IGNORE INTO dialyse_maintenance_records (id, organization_id, machine_id, maintenance_type, description, scheduled_date, completed_date, status, technician_name, cost, notes, created_at, updated_at) VALUES ('dial-maint-0155', 'org-health-001', 'dial-machine-0101', 'inspection', 'Maintenance inspection', 1716108842497, 1766786874847, 'completed', 'Technicien 154', 1321.59, 'Intervention maintenance', 1766786874847, 1766786874847);
INSERT OR IGNORE INTO dialyse_maintenance_records (id, organization_id, machine_id, maintenance_type, description, scheduled_date, completed_date, status, technician_name, cost, notes, created_at, updated_at) VALUES ('dial-maint-0156', 'org-health-001', 'dial-machine-0111', 'calibration', 'Maintenance calibration', 1762991631893, NULL, 'in_progress', 'Technicien 155', 1672.54, 'Intervention maintenance', 1766786874847, 1766786874847);
INSERT OR IGNORE INTO dialyse_maintenance_records (id, organization_id, machine_id, maintenance_type, description, scheduled_date, completed_date, status, technician_name, cost, notes, created_at, updated_at) VALUES ('dial-maint-0157', 'org-health-001', 'dial-machine-0133', 'inspection', 'Maintenance inspection', 1762698816615, 1766786874847, 'completed', 'Technicien 156', 1428.07, 'Intervention maintenance', 1766786874847, 1766786874847);
INSERT OR IGNORE INTO dialyse_maintenance_records (id, organization_id, machine_id, maintenance_type, description, scheduled_date, completed_date, status, technician_name, cost, notes, created_at, updated_at) VALUES ('dial-maint-0158', 'org-health-001', 'dial-machine-0139', 'inspection', 'Maintenance inspection', 1745145104191, 1766786874847, 'completed', 'Technicien 157', 1469.56, 'Intervention maintenance', 1766786874847, 1766786874847);
INSERT OR IGNORE INTO dialyse_maintenance_records (id, organization_id, machine_id, maintenance_type, description, scheduled_date, completed_date, status, technician_name, cost, notes, created_at, updated_at) VALUES ('dial-maint-0159', 'org-health-001', 'dial-machine-0100', 'calibration', 'Maintenance calibration', 1720057881930, NULL, 'in_progress', 'Technicien 158', 119.2, 'Intervention maintenance', 1766786874847, 1766786874847);
INSERT OR IGNORE INTO dialyse_maintenance_records (id, organization_id, machine_id, maintenance_type, description, scheduled_date, completed_date, status, technician_name, cost, notes, created_at, updated_at) VALUES ('dial-maint-0160', 'org-health-001', 'dial-machine-0136', 'corrective', 'Maintenance corrective', 1725226760915, NULL, 'scheduled', 'Technicien 159', 837.36, 'Intervention maintenance', 1766786874847, 1766786874847);
INSERT OR IGNORE INTO dialyse_maintenance_records (id, organization_id, machine_id, maintenance_type, description, scheduled_date, completed_date, status, technician_name, cost, notes, created_at, updated_at) VALUES ('dial-maint-0161', 'org-health-001', 'dial-machine-0141', 'calibration', 'Maintenance calibration', 1764453305482, NULL, 'scheduled', 'Technicien 160', 985.44, 'Intervention maintenance', 1766786874847, 1766786874847);
INSERT OR IGNORE INTO dialyse_maintenance_records (id, organization_id, machine_id, maintenance_type, description, scheduled_date, completed_date, status, technician_name, cost, notes, created_at, updated_at) VALUES ('dial-maint-0162', 'org-health-001', 'dial-machine-0132', 'inspection', 'Maintenance inspection', 1765550353263, NULL, 'in_progress', 'Technicien 161', 1325.33, 'Intervention maintenance', 1766786874847, 1766786874847);
INSERT OR IGNORE INTO dialyse_maintenance_records (id, organization_id, machine_id, maintenance_type, description, scheduled_date, completed_date, status, technician_name, cost, notes, created_at, updated_at) VALUES ('dial-maint-0163', 'org-health-001', 'dial-machine-0134', 'corrective', 'Maintenance corrective', 1709063551897, NULL, 'in_progress', 'Technicien 162', 140.71, 'Intervention maintenance', 1766786874847, 1766786874847);
INSERT OR IGNORE INTO dialyse_maintenance_records (id, organization_id, machine_id, maintenance_type, description, scheduled_date, completed_date, status, technician_name, cost, notes, created_at, updated_at) VALUES ('dial-maint-0164', 'org-health-001', 'dial-machine-0147', 'corrective', 'Maintenance corrective', 1708772088466, NULL, 'scheduled', 'Technicien 163', 514.82, 'Intervention maintenance', 1766786874847, 1766786874847);
INSERT OR IGNORE INTO dialyse_maintenance_records (id, organization_id, machine_id, maintenance_type, description, scheduled_date, completed_date, status, technician_name, cost, notes, created_at, updated_at) VALUES ('dial-maint-0165', 'org-health-001', 'dial-machine-0127', 'inspection', 'Maintenance inspection', 1705524309728, NULL, 'cancelled', 'Technicien 164', 1403.89, 'Intervention maintenance', 1766786874847, 1766786874847);
INSERT OR IGNORE INTO dialyse_maintenance_records (id, organization_id, machine_id, maintenance_type, description, scheduled_date, completed_date, status, technician_name, cost, notes, created_at, updated_at) VALUES ('dial-maint-0166', 'org-health-001', 'dial-machine-0139', 'calibration', 'Maintenance calibration', 1720016773552, NULL, 'cancelled', 'Technicien 165', 1548.42, 'Intervention maintenance', 1766786874847, 1766786874847);
INSERT OR IGNORE INTO dialyse_maintenance_records (id, organization_id, machine_id, maintenance_type, description, scheduled_date, completed_date, status, technician_name, cost, notes, created_at, updated_at) VALUES ('dial-maint-0167', 'org-health-001', 'dial-machine-0108', 'corrective', 'Maintenance corrective', 1727634535297, NULL, 'in_progress', 'Technicien 166', 613.32, 'Intervention maintenance', 1766786874847, 1766786874847);
INSERT OR IGNORE INTO dialyse_maintenance_records (id, organization_id, machine_id, maintenance_type, description, scheduled_date, completed_date, status, technician_name, cost, notes, created_at, updated_at) VALUES ('dial-maint-0168', 'org-health-001', 'dial-machine-0121', 'corrective', 'Maintenance corrective', 1758820111966, NULL, 'in_progress', 'Technicien 167', 1236.95, 'Intervention maintenance', 1766786874847, 1766786874847);
INSERT OR IGNORE INTO dialyse_maintenance_records (id, organization_id, machine_id, maintenance_type, description, scheduled_date, completed_date, status, technician_name, cost, notes, created_at, updated_at) VALUES ('dial-maint-0169', 'org-health-001', 'dial-machine-0106', 'calibration', 'Maintenance calibration', 1728372655832, NULL, 'scheduled', 'Technicien 168', 1879.15, 'Intervention maintenance', 1766786874847, 1766786874847);
INSERT OR IGNORE INTO dialyse_maintenance_records (id, organization_id, machine_id, maintenance_type, description, scheduled_date, completed_date, status, technician_name, cost, notes, created_at, updated_at) VALUES ('dial-maint-0170', 'org-health-001', 'dial-machine-0147', 'preventive', 'Maintenance preventive', 1715355541944, NULL, 'scheduled', 'Technicien 169', 132.12, 'Intervention maintenance', 1766786874847, 1766786874847);
INSERT OR IGNORE INTO dialyse_maintenance_records (id, organization_id, machine_id, maintenance_type, description, scheduled_date, completed_date, status, technician_name, cost, notes, created_at, updated_at) VALUES ('dial-maint-0171', 'org-health-001', 'dial-machine-0132', 'calibration', 'Maintenance calibration', 1748752298177, 1766786874847, 'completed', 'Technicien 170', 260.25, 'Intervention maintenance', 1766786874847, 1766786874847);
INSERT OR IGNORE INTO dialyse_maintenance_records (id, organization_id, machine_id, maintenance_type, description, scheduled_date, completed_date, status, technician_name, cost, notes, created_at, updated_at) VALUES ('dial-maint-0172', 'org-health-001', 'dial-machine-0113', 'inspection', 'Maintenance inspection', 1748618281888, NULL, 'scheduled', 'Technicien 171', 1238.94, 'Intervention maintenance', 1766786874847, 1766786874847);
INSERT OR IGNORE INTO dialyse_maintenance_records (id, organization_id, machine_id, maintenance_type, description, scheduled_date, completed_date, status, technician_name, cost, notes, created_at, updated_at) VALUES ('dial-maint-0173', 'org-health-001', 'dial-machine-0143', 'inspection', 'Maintenance inspection', 1722007063745, NULL, 'in_progress', 'Technicien 172', 597.56, 'Intervention maintenance', 1766786874847, 1766786874847);
INSERT OR IGNORE INTO dialyse_maintenance_records (id, organization_id, machine_id, maintenance_type, description, scheduled_date, completed_date, status, technician_name, cost, notes, created_at, updated_at) VALUES ('dial-maint-0174', 'org-health-001', 'dial-machine-0111', 'preventive', 'Maintenance preventive', 1743845891218, NULL, 'in_progress', 'Technicien 173', 543.68, 'Intervention maintenance', 1766786874847, 1766786874847);
INSERT OR IGNORE INTO dialyse_maintenance_records (id, organization_id, machine_id, maintenance_type, description, scheduled_date, completed_date, status, technician_name, cost, notes, created_at, updated_at) VALUES ('dial-maint-0175', 'org-health-001', 'dial-machine-0101', 'calibration', 'Maintenance calibration', 1741021218967, NULL, 'scheduled', 'Technicien 174', 753.01, 'Intervention maintenance', 1766786874847, 1766786874847);
INSERT OR IGNORE INTO dialyse_maintenance_records (id, organization_id, machine_id, maintenance_type, description, scheduled_date, completed_date, status, technician_name, cost, notes, created_at, updated_at) VALUES ('dial-maint-0176', 'org-health-001', 'dial-machine-0104', 'inspection', 'Maintenance inspection', 1725115259010, NULL, 'cancelled', 'Technicien 175', 1530.6, 'Intervention maintenance', 1766786874847, 1766786874847);
INSERT OR IGNORE INTO dialyse_maintenance_records (id, organization_id, machine_id, maintenance_type, description, scheduled_date, completed_date, status, technician_name, cost, notes, created_at, updated_at) VALUES ('dial-maint-0177', 'org-health-001', 'dial-machine-0124', 'inspection', 'Maintenance inspection', 1750148085555, 1766786874847, 'completed', 'Technicien 176', 778.38, 'Intervention maintenance', 1766786874847, 1766786874847);
INSERT OR IGNORE INTO dialyse_maintenance_records (id, organization_id, machine_id, maintenance_type, description, scheduled_date, completed_date, status, technician_name, cost, notes, created_at, updated_at) VALUES ('dial-maint-0178', 'org-health-001', 'dial-machine-0125', 'calibration', 'Maintenance calibration', 1743118338594, NULL, 'scheduled', 'Technicien 177', 618.85, 'Intervention maintenance', 1766786874847, 1766786874847);
INSERT OR IGNORE INTO dialyse_maintenance_records (id, organization_id, machine_id, maintenance_type, description, scheduled_date, completed_date, status, technician_name, cost, notes, created_at, updated_at) VALUES ('dial-maint-0179', 'org-health-001', 'dial-machine-0122', 'corrective', 'Maintenance corrective', 1725469202260, NULL, 'cancelled', 'Technicien 178', 355.78, 'Intervention maintenance', 1766786874847, 1766786874847);
INSERT OR IGNORE INTO dialyse_maintenance_records (id, organization_id, machine_id, maintenance_type, description, scheduled_date, completed_date, status, technician_name, cost, notes, created_at, updated_at) VALUES ('dial-maint-0180', 'org-health-001', 'dial-machine-0129', 'inspection', 'Maintenance inspection', 1717112499810, 1766786874847, 'completed', 'Technicien 179', 1438.62, 'Intervention maintenance', 1766786874847, 1766786874847);
INSERT OR IGNORE INTO dialyse_maintenance_records (id, organization_id, machine_id, maintenance_type, description, scheduled_date, completed_date, status, technician_name, cost, notes, created_at, updated_at) VALUES ('dial-maint-0181', 'org-health-001', 'dial-machine-0111', 'inspection', 'Maintenance inspection', 1749566132021, 1766786874847, 'completed', 'Technicien 180', 518.93, 'Intervention maintenance', 1766786874847, 1766786874847);
INSERT OR IGNORE INTO dialyse_maintenance_records (id, organization_id, machine_id, maintenance_type, description, scheduled_date, completed_date, status, technician_name, cost, notes, created_at, updated_at) VALUES ('dial-maint-0182', 'org-health-001', 'dial-machine-0105', 'corrective', 'Maintenance corrective', 1759625325183, NULL, 'scheduled', 'Technicien 181', 1475.8, 'Intervention maintenance', 1766786874847, 1766786874847);
INSERT OR IGNORE INTO dialyse_maintenance_records (id, organization_id, machine_id, maintenance_type, description, scheduled_date, completed_date, status, technician_name, cost, notes, created_at, updated_at) VALUES ('dial-maint-0183', 'org-health-001', 'dial-machine-0127', 'preventive', 'Maintenance preventive', 1726211677346, NULL, 'cancelled', 'Technicien 182', 1745.17, 'Intervention maintenance', 1766786874847, 1766786874847);
INSERT OR IGNORE INTO dialyse_maintenance_records (id, organization_id, machine_id, maintenance_type, description, scheduled_date, completed_date, status, technician_name, cost, notes, created_at, updated_at) VALUES ('dial-maint-0184', 'org-health-001', 'dial-machine-0115', 'preventive', 'Maintenance preventive', 1754374855571, NULL, 'in_progress', 'Technicien 183', 1334.15, 'Intervention maintenance', 1766786874847, 1766786874847);
INSERT OR IGNORE INTO dialyse_maintenance_records (id, organization_id, machine_id, maintenance_type, description, scheduled_date, completed_date, status, technician_name, cost, notes, created_at, updated_at) VALUES ('dial-maint-0185', 'org-health-001', 'dial-machine-0104', 'calibration', 'Maintenance calibration', 1710899106231, NULL, 'in_progress', 'Technicien 184', 381.64, 'Intervention maintenance', 1766786874847, 1766786874847);
INSERT OR IGNORE INTO dialyse_maintenance_records (id, organization_id, machine_id, maintenance_type, description, scheduled_date, completed_date, status, technician_name, cost, notes, created_at, updated_at) VALUES ('dial-maint-0186', 'org-health-001', 'dial-machine-0132', 'preventive', 'Maintenance preventive', 1737905259724, NULL, 'in_progress', 'Technicien 185', 1331.03, 'Intervention maintenance', 1766786874847, 1766786874847);
INSERT OR IGNORE INTO dialyse_maintenance_records (id, organization_id, machine_id, maintenance_type, description, scheduled_date, completed_date, status, technician_name, cost, notes, created_at, updated_at) VALUES ('dial-maint-0187', 'org-health-001', 'dial-machine-0120', 'corrective', 'Maintenance corrective', 1742031177389, NULL, 'cancelled', 'Technicien 186', 1521.49, 'Intervention maintenance', 1766786874847, 1766786874847);
INSERT OR IGNORE INTO dialyse_maintenance_records (id, organization_id, machine_id, maintenance_type, description, scheduled_date, completed_date, status, technician_name, cost, notes, created_at, updated_at) VALUES ('dial-maint-0188', 'org-health-001', 'dial-machine-0104', 'inspection', 'Maintenance inspection', 1708710082143, 1766786874847, 'completed', 'Technicien 187', 294.43, 'Intervention maintenance', 1766786874847, 1766786874847);
INSERT OR IGNORE INTO dialyse_maintenance_records (id, organization_id, machine_id, maintenance_type, description, scheduled_date, completed_date, status, technician_name, cost, notes, created_at, updated_at) VALUES ('dial-maint-0189', 'org-health-001', 'dial-machine-0137', 'corrective', 'Maintenance corrective', 1729001096656, 1766786874847, 'completed', 'Technicien 188', 1630.2, 'Intervention maintenance', 1766786874847, 1766786874847);
INSERT OR IGNORE INTO dialyse_maintenance_records (id, organization_id, machine_id, maintenance_type, description, scheduled_date, completed_date, status, technician_name, cost, notes, created_at, updated_at) VALUES ('dial-maint-0190', 'org-health-001', 'dial-machine-0103', 'corrective', 'Maintenance corrective', 1766808739527, NULL, 'cancelled', 'Technicien 189', 1703.95, 'Intervention maintenance', 1766786874847, 1766786874847);
INSERT OR IGNORE INTO dialyse_maintenance_records (id, organization_id, machine_id, maintenance_type, description, scheduled_date, completed_date, status, technician_name, cost, notes, created_at, updated_at) VALUES ('dial-maint-0191', 'org-health-001', 'dial-machine-0115', 'preventive', 'Maintenance preventive', 1746951324073, 1766786874847, 'completed', 'Technicien 190', 535.16, 'Intervention maintenance', 1766786874847, 1766786874847);
INSERT OR IGNORE INTO dialyse_maintenance_records (id, organization_id, machine_id, maintenance_type, description, scheduled_date, completed_date, status, technician_name, cost, notes, created_at, updated_at) VALUES ('dial-maint-0192', 'org-health-001', 'dial-machine-0121', 'preventive', 'Maintenance preventive', 1753032146859, NULL, 'in_progress', 'Technicien 191', 180.03, 'Intervention maintenance', 1766786874847, 1766786874847);
INSERT OR IGNORE INTO dialyse_maintenance_records (id, organization_id, machine_id, maintenance_type, description, scheduled_date, completed_date, status, technician_name, cost, notes, created_at, updated_at) VALUES ('dial-maint-0193', 'org-health-001', 'dial-machine-0108', 'calibration', 'Maintenance calibration', 1725511204089, NULL, 'cancelled', 'Technicien 192', 1656.17, 'Intervention maintenance', 1766786874847, 1766786874847);
INSERT OR IGNORE INTO dialyse_maintenance_records (id, organization_id, machine_id, maintenance_type, description, scheduled_date, completed_date, status, technician_name, cost, notes, created_at, updated_at) VALUES ('dial-maint-0194', 'org-health-001', 'dial-machine-0146', 'corrective', 'Maintenance corrective', 1766518047865, NULL, 'cancelled', 'Technicien 193', 1341.84, 'Intervention maintenance', 1766786874847, 1766786874847);
INSERT OR IGNORE INTO dialyse_maintenance_records (id, organization_id, machine_id, maintenance_type, description, scheduled_date, completed_date, status, technician_name, cost, notes, created_at, updated_at) VALUES ('dial-maint-0195', 'org-health-001', 'dial-machine-0137', 'inspection', 'Maintenance inspection', 1740724866813, NULL, 'in_progress', 'Technicien 194', 1131.85, 'Intervention maintenance', 1766786874847, 1766786874847);
INSERT OR IGNORE INTO dialyse_maintenance_records (id, organization_id, machine_id, maintenance_type, description, scheduled_date, completed_date, status, technician_name, cost, notes, created_at, updated_at) VALUES ('dial-maint-0196', 'org-health-001', 'dial-machine-0141', 'preventive', 'Maintenance preventive', 1729374669385, NULL, 'in_progress', 'Technicien 195', 1353.46, 'Intervention maintenance', 1766786874847, 1766786874847);
INSERT OR IGNORE INTO dialyse_maintenance_records (id, organization_id, machine_id, maintenance_type, description, scheduled_date, completed_date, status, technician_name, cost, notes, created_at, updated_at) VALUES ('dial-maint-0197', 'org-health-001', 'dial-machine-0100', 'preventive', 'Maintenance preventive', 1750196325270, NULL, 'in_progress', 'Technicien 196', 1437.57, 'Intervention maintenance', 1766786874847, 1766786874847);
INSERT OR IGNORE INTO dialyse_maintenance_records (id, organization_id, machine_id, maintenance_type, description, scheduled_date, completed_date, status, technician_name, cost, notes, created_at, updated_at) VALUES ('dial-maint-0198', 'org-health-001', 'dial-machine-0147', 'corrective', 'Maintenance corrective', 1754362002481, 1766786874847, 'completed', 'Technicien 197', 1214.73, 'Intervention maintenance', 1766786874847, 1766786874847);
INSERT OR IGNORE INTO dialyse_maintenance_records (id, organization_id, machine_id, maintenance_type, description, scheduled_date, completed_date, status, technician_name, cost, notes, created_at, updated_at) VALUES ('dial-maint-0199', 'org-health-001', 'dial-machine-0141', 'preventive', 'Maintenance preventive', 1761415750698, NULL, 'cancelled', 'Technicien 198', 707.74, 'Intervention maintenance', 1766786874847, 1766786874847);
INSERT OR IGNORE INTO dialyse_maintenance_records (id, organization_id, machine_id, maintenance_type, description, scheduled_date, completed_date, status, technician_name, cost, notes, created_at, updated_at) VALUES ('dial-maint-0200', 'org-health-001', 'dial-machine-0145', 'calibration', 'Maintenance calibration', 1721377332353, NULL, 'cancelled', 'Technicien 199', 1220.97, 'Intervention maintenance', 1766786874847, 1766786874847);
INSERT OR IGNORE INTO dialyse_maintenance_records (id, organization_id, machine_id, maintenance_type, description, scheduled_date, completed_date, status, technician_name, cost, notes, created_at, updated_at) VALUES ('dial-maint-0201', 'org-health-001', 'dial-machine-0107', 'corrective', 'Maintenance corrective', 1705625422098, NULL, 'in_progress', 'Technicien 200', 1681, 'Intervention maintenance', 1766786874847, 1766786874847);
INSERT OR IGNORE INTO dialyse_maintenance_records (id, organization_id, machine_id, maintenance_type, description, scheduled_date, completed_date, status, technician_name, cost, notes, created_at, updated_at) VALUES ('dial-maint-0202', 'org-health-001', 'dial-machine-0149', 'inspection', 'Maintenance inspection', 1739087306346, NULL, 'cancelled', 'Technicien 201', 1144.51, 'Intervention maintenance', 1766786874847, 1766786874847);
INSERT OR IGNORE INTO dialyse_maintenance_records (id, organization_id, machine_id, maintenance_type, description, scheduled_date, completed_date, status, technician_name, cost, notes, created_at, updated_at) VALUES ('dial-maint-0203', 'org-health-001', 'dial-machine-0124', 'calibration', 'Maintenance calibration', 1748886557977, NULL, 'scheduled', 'Technicien 202', 619.75, 'Intervention maintenance', 1766786874847, 1766786874847);
INSERT OR IGNORE INTO dialyse_maintenance_records (id, organization_id, machine_id, maintenance_type, description, scheduled_date, completed_date, status, technician_name, cost, notes, created_at, updated_at) VALUES ('dial-maint-0204', 'org-health-001', 'dial-machine-0119', 'corrective', 'Maintenance corrective', 1712268503618, NULL, 'scheduled', 'Technicien 203', 458.38, 'Intervention maintenance', 1766786874847, 1766786874847);
INSERT OR IGNORE INTO dialyse_maintenance_records (id, organization_id, machine_id, maintenance_type, description, scheduled_date, completed_date, status, technician_name, cost, notes, created_at, updated_at) VALUES ('dial-maint-0205', 'org-health-001', 'dial-machine-0123', 'preventive', 'Maintenance preventive', 1744980688428, NULL, 'scheduled', 'Technicien 204', 468.16, 'Intervention maintenance', 1766786874847, 1766786874847);
INSERT OR IGNORE INTO dialyse_maintenance_records (id, organization_id, machine_id, maintenance_type, description, scheduled_date, completed_date, status, technician_name, cost, notes, created_at, updated_at) VALUES ('dial-maint-0206', 'org-health-001', 'dial-machine-0142', 'corrective', 'Maintenance corrective', 1732699747943, NULL, 'scheduled', 'Technicien 205', 1297.43, 'Intervention maintenance', 1766786874847, 1766786874847);
INSERT OR IGNORE INTO dialyse_maintenance_records (id, organization_id, machine_id, maintenance_type, description, scheduled_date, completed_date, status, technician_name, cost, notes, created_at, updated_at) VALUES ('dial-maint-0207', 'org-health-001', 'dial-machine-0102', 'inspection', 'Maintenance inspection', 1762135949934, NULL, 'cancelled', 'Technicien 206', 429.48, 'Intervention maintenance', 1766786874847, 1766786874847);
INSERT OR IGNORE INTO dialyse_maintenance_records (id, organization_id, machine_id, maintenance_type, description, scheduled_date, completed_date, status, technician_name, cost, notes, created_at, updated_at) VALUES ('dial-maint-0208', 'org-health-001', 'dial-machine-0140', 'calibration', 'Maintenance calibration', 1710968313759, NULL, 'cancelled', 'Technicien 207', 615.96, 'Intervention maintenance', 1766786874847, 1766786874847);
INSERT OR IGNORE INTO dialyse_maintenance_records (id, organization_id, machine_id, maintenance_type, description, scheduled_date, completed_date, status, technician_name, cost, notes, created_at, updated_at) VALUES ('dial-maint-0209', 'org-health-001', 'dial-machine-0137', 'corrective', 'Maintenance corrective', 1754721955412, NULL, 'in_progress', 'Technicien 208', 1529.9, 'Intervention maintenance', 1766786874847, 1766786874847);
INSERT OR IGNORE INTO dialyse_maintenance_records (id, organization_id, machine_id, maintenance_type, description, scheduled_date, completed_date, status, technician_name, cost, notes, created_at, updated_at) VALUES ('dial-maint-0210', 'org-health-001', 'dial-machine-0104', 'inspection', 'Maintenance inspection', 1729236014446, NULL, 'in_progress', 'Technicien 209', 1085.79, 'Intervention maintenance', 1766786874847, 1766786874847);
INSERT OR IGNORE INTO dialyse_maintenance_records (id, organization_id, machine_id, maintenance_type, description, scheduled_date, completed_date, status, technician_name, cost, notes, created_at, updated_at) VALUES ('dial-maint-0211', 'org-health-001', 'dial-machine-0101', 'calibration', 'Maintenance calibration', 1733593765526, NULL, 'scheduled', 'Technicien 210', 1465.86, 'Intervention maintenance', 1766786874847, 1766786874847);
INSERT OR IGNORE INTO dialyse_maintenance_records (id, organization_id, machine_id, maintenance_type, description, scheduled_date, completed_date, status, technician_name, cost, notes, created_at, updated_at) VALUES ('dial-maint-0212', 'org-health-001', 'dial-machine-0143', 'corrective', 'Maintenance corrective', 1755857860167, NULL, 'in_progress', 'Technicien 211', 1232.93, 'Intervention maintenance', 1766786874847, 1766786874847);
INSERT OR IGNORE INTO dialyse_maintenance_records (id, organization_id, machine_id, maintenance_type, description, scheduled_date, completed_date, status, technician_name, cost, notes, created_at, updated_at) VALUES ('dial-maint-0213', 'org-health-001', 'dial-machine-0142', 'calibration', 'Maintenance calibration', 1762832651044, NULL, 'cancelled', 'Technicien 212', 1597.36, 'Intervention maintenance', 1766786874847, 1766786874847);
INSERT OR IGNORE INTO dialyse_maintenance_records (id, organization_id, machine_id, maintenance_type, description, scheduled_date, completed_date, status, technician_name, cost, notes, created_at, updated_at) VALUES ('dial-maint-0214', 'org-health-001', 'dial-machine-0116', 'corrective', 'Maintenance corrective', 1747179049592, NULL, 'in_progress', 'Technicien 213', 508.25, 'Intervention maintenance', 1766786874847, 1766786874847);
INSERT OR IGNORE INTO dialyse_maintenance_records (id, organization_id, machine_id, maintenance_type, description, scheduled_date, completed_date, status, technician_name, cost, notes, created_at, updated_at) VALUES ('dial-maint-0215', 'org-health-001', 'dial-machine-0147', 'corrective', 'Maintenance corrective', 1730058585414, NULL, 'scheduled', 'Technicien 214', 1401.69, 'Intervention maintenance', 1766786874847, 1766786874847);
INSERT OR IGNORE INTO dialyse_maintenance_records (id, organization_id, machine_id, maintenance_type, description, scheduled_date, completed_date, status, technician_name, cost, notes, created_at, updated_at) VALUES ('dial-maint-0216', 'org-health-001', 'dial-machine-0112', 'preventive', 'Maintenance preventive', 1717339608023, NULL, 'cancelled', 'Technicien 215', 1136.46, 'Intervention maintenance', 1766786874847, 1766786874847);
INSERT OR IGNORE INTO dialyse_maintenance_records (id, organization_id, machine_id, maintenance_type, description, scheduled_date, completed_date, status, technician_name, cost, notes, created_at, updated_at) VALUES ('dial-maint-0217', 'org-health-001', 'dial-machine-0140', 'inspection', 'Maintenance inspection', 1751268830626, NULL, 'cancelled', 'Technicien 216', 651.93, 'Intervention maintenance', 1766786874847, 1766786874847);
INSERT OR IGNORE INTO dialyse_maintenance_records (id, organization_id, machine_id, maintenance_type, description, scheduled_date, completed_date, status, technician_name, cost, notes, created_at, updated_at) VALUES ('dial-maint-0218', 'org-health-001', 'dial-machine-0134', 'corrective', 'Maintenance corrective', 1704391326035, NULL, 'cancelled', 'Technicien 217', 1051.61, 'Intervention maintenance', 1766786874847, 1766786874847);
INSERT OR IGNORE INTO dialyse_maintenance_records (id, organization_id, machine_id, maintenance_type, description, scheduled_date, completed_date, status, technician_name, cost, notes, created_at, updated_at) VALUES ('dial-maint-0219', 'org-health-001', 'dial-machine-0132', 'calibration', 'Maintenance calibration', 1751251756989, NULL, 'cancelled', 'Technicien 218', 404.9, 'Intervention maintenance', 1766786874847, 1766786874847);
INSERT OR IGNORE INTO dialyse_maintenance_records (id, organization_id, machine_id, maintenance_type, description, scheduled_date, completed_date, status, technician_name, cost, notes, created_at, updated_at) VALUES ('dial-maint-0220', 'org-health-001', 'dial-machine-0129', 'corrective', 'Maintenance corrective', 1742993075915, NULL, 'cancelled', 'Technicien 219', 1171.57, 'Intervention maintenance', 1766786874847, 1766786874847);
INSERT OR IGNORE INTO dialyse_maintenance_records (id, organization_id, machine_id, maintenance_type, description, scheduled_date, completed_date, status, technician_name, cost, notes, created_at, updated_at) VALUES ('dial-maint-0221', 'org-health-001', 'dial-machine-0128', 'preventive', 'Maintenance preventive', 1731884850210, NULL, 'scheduled', 'Technicien 220', 1549.37, 'Intervention maintenance', 1766786874847, 1766786874847);
INSERT OR IGNORE INTO dialyse_maintenance_records (id, organization_id, machine_id, maintenance_type, description, scheduled_date, completed_date, status, technician_name, cost, notes, created_at, updated_at) VALUES ('dial-maint-0222', 'org-health-001', 'dial-machine-0120', 'corrective', 'Maintenance corrective', 1744010482743, NULL, 'in_progress', 'Technicien 221', 947.57, 'Intervention maintenance', 1766786874847, 1766786874847);
INSERT OR IGNORE INTO dialyse_maintenance_records (id, organization_id, machine_id, maintenance_type, description, scheduled_date, completed_date, status, technician_name, cost, notes, created_at, updated_at) VALUES ('dial-maint-0223', 'org-health-001', 'dial-machine-0117', 'calibration', 'Maintenance calibration', 1713882762330, NULL, 'scheduled', 'Technicien 222', 1523.84, 'Intervention maintenance', 1766786874847, 1766786874847);
INSERT OR IGNORE INTO dialyse_maintenance_records (id, organization_id, machine_id, maintenance_type, description, scheduled_date, completed_date, status, technician_name, cost, notes, created_at, updated_at) VALUES ('dial-maint-0224', 'org-health-001', 'dial-machine-0113', 'inspection', 'Maintenance inspection', 1740484652554, NULL, 'scheduled', 'Technicien 223', 458.09, 'Intervention maintenance', 1766786874847, 1766786874847);
INSERT OR IGNORE INTO dialyse_maintenance_records (id, organization_id, machine_id, maintenance_type, description, scheduled_date, completed_date, status, technician_name, cost, notes, created_at, updated_at) VALUES ('dial-maint-0225', 'org-health-001', 'dial-machine-0127', 'preventive', 'Maintenance preventive', 1709431747728, NULL, 'in_progress', 'Technicien 224', 1036.46, 'Intervention maintenance', 1766786874847, 1766786874847);
INSERT OR IGNORE INTO dialyse_maintenance_records (id, organization_id, machine_id, maintenance_type, description, scheduled_date, completed_date, status, technician_name, cost, notes, created_at, updated_at) VALUES ('dial-maint-0226', 'org-health-001', 'dial-machine-0120', 'corrective', 'Maintenance corrective', 1714890543569, 1766786874847, 'completed', 'Technicien 225', 162.04, 'Intervention maintenance', 1766786874847, 1766786874847);
INSERT OR IGNORE INTO dialyse_maintenance_records (id, organization_id, machine_id, maintenance_type, description, scheduled_date, completed_date, status, technician_name, cost, notes, created_at, updated_at) VALUES ('dial-maint-0227', 'org-health-001', 'dial-machine-0100', 'calibration', 'Maintenance calibration', 1733288124511, NULL, 'in_progress', 'Technicien 226', 1476.51, 'Intervention maintenance', 1766786874847, 1766786874847);
INSERT OR IGNORE INTO dialyse_maintenance_records (id, organization_id, machine_id, maintenance_type, description, scheduled_date, completed_date, status, technician_name, cost, notes, created_at, updated_at) VALUES ('dial-maint-0228', 'org-health-001', 'dial-machine-0109', 'corrective', 'Maintenance corrective', 1727849085258, 1766786874847, 'completed', 'Technicien 227', 1037.9, 'Intervention maintenance', 1766786874847, 1766786874847);
INSERT OR IGNORE INTO dialyse_maintenance_records (id, organization_id, machine_id, maintenance_type, description, scheduled_date, completed_date, status, technician_name, cost, notes, created_at, updated_at) VALUES ('dial-maint-0229', 'org-health-001', 'dial-machine-0109', 'corrective', 'Maintenance corrective', 1765790075415, NULL, 'scheduled', 'Technicien 228', 1381.08, 'Intervention maintenance', 1766786874847, 1766786874847);
INSERT OR IGNORE INTO dialyse_maintenance_records (id, organization_id, machine_id, maintenance_type, description, scheduled_date, completed_date, status, technician_name, cost, notes, created_at, updated_at) VALUES ('dial-maint-0230', 'org-health-001', 'dial-machine-0147', 'preventive', 'Maintenance preventive', 1718152358902, NULL, 'scheduled', 'Technicien 229', 1121.89, 'Intervention maintenance', 1766786874847, 1766786874847);
INSERT OR IGNORE INTO dialyse_maintenance_records (id, organization_id, machine_id, maintenance_type, description, scheduled_date, completed_date, status, technician_name, cost, notes, created_at, updated_at) VALUES ('dial-maint-0231', 'org-health-001', 'dial-machine-0149', 'calibration', 'Maintenance calibration', 1739334410589, 1766786874847, 'completed', 'Technicien 230', 1974.09, 'Intervention maintenance', 1766786874847, 1766786874847);
INSERT OR IGNORE INTO dialyse_maintenance_records (id, organization_id, machine_id, maintenance_type, description, scheduled_date, completed_date, status, technician_name, cost, notes, created_at, updated_at) VALUES ('dial-maint-0232', 'org-health-001', 'dial-machine-0144', 'calibration', 'Maintenance calibration', 1730270256336, NULL, 'in_progress', 'Technicien 231', 478.17, 'Intervention maintenance', 1766786874847, 1766786874847);
INSERT OR IGNORE INTO dialyse_maintenance_records (id, organization_id, machine_id, maintenance_type, description, scheduled_date, completed_date, status, technician_name, cost, notes, created_at, updated_at) VALUES ('dial-maint-0233', 'org-health-001', 'dial-machine-0131', 'inspection', 'Maintenance inspection', 1758055063640, NULL, 'scheduled', 'Technicien 232', 327.4, 'Intervention maintenance', 1766786874847, 1766786874847);
INSERT OR IGNORE INTO dialyse_maintenance_records (id, organization_id, machine_id, maintenance_type, description, scheduled_date, completed_date, status, technician_name, cost, notes, created_at, updated_at) VALUES ('dial-maint-0234', 'org-health-001', 'dial-machine-0122', 'corrective', 'Maintenance corrective', 1721096298127, NULL, 'in_progress', 'Technicien 233', 1560.54, 'Intervention maintenance', 1766786874847, 1766786874847);
INSERT OR IGNORE INTO dialyse_maintenance_records (id, organization_id, machine_id, maintenance_type, description, scheduled_date, completed_date, status, technician_name, cost, notes, created_at, updated_at) VALUES ('dial-maint-0235', 'org-health-001', 'dial-machine-0146', 'corrective', 'Maintenance corrective', 1760508553555, NULL, 'cancelled', 'Technicien 234', 742.58, 'Intervention maintenance', 1766786874847, 1766786874847);
INSERT OR IGNORE INTO dialyse_maintenance_records (id, organization_id, machine_id, maintenance_type, description, scheduled_date, completed_date, status, technician_name, cost, notes, created_at, updated_at) VALUES ('dial-maint-0236', 'org-health-001', 'dial-machine-0119', 'calibration', 'Maintenance calibration', 1756033350482, NULL, 'in_progress', 'Technicien 235', 159.95, 'Intervention maintenance', 1766786874847, 1766786874847);
INSERT OR IGNORE INTO dialyse_maintenance_records (id, organization_id, machine_id, maintenance_type, description, scheduled_date, completed_date, status, technician_name, cost, notes, created_at, updated_at) VALUES ('dial-maint-0237', 'org-health-001', 'dial-machine-0145', 'inspection', 'Maintenance inspection', 1752136153942, NULL, 'scheduled', 'Technicien 236', 684, 'Intervention maintenance', 1766786874847, 1766786874847);
INSERT OR IGNORE INTO dialyse_maintenance_records (id, organization_id, machine_id, maintenance_type, description, scheduled_date, completed_date, status, technician_name, cost, notes, created_at, updated_at) VALUES ('dial-maint-0238', 'org-health-001', 'dial-machine-0106', 'preventive', 'Maintenance preventive', 1706631946893, NULL, 'in_progress', 'Technicien 237', 1405.83, 'Intervention maintenance', 1766786874847, 1766786874847);
INSERT OR IGNORE INTO dialyse_maintenance_records (id, organization_id, machine_id, maintenance_type, description, scheduled_date, completed_date, status, technician_name, cost, notes, created_at, updated_at) VALUES ('dial-maint-0239', 'org-health-001', 'dial-machine-0145', 'inspection', 'Maintenance inspection', 1765073646258, NULL, 'scheduled', 'Technicien 238', 503.32, 'Intervention maintenance', 1766786874847, 1766786874847);
INSERT OR IGNORE INTO dialyse_maintenance_records (id, organization_id, machine_id, maintenance_type, description, scheduled_date, completed_date, status, technician_name, cost, notes, created_at, updated_at) VALUES ('dial-maint-0240', 'org-health-001', 'dial-machine-0143', 'calibration', 'Maintenance calibration', 1760207219327, 1766786874847, 'completed', 'Technicien 239', 1719.76, 'Intervention maintenance', 1766786874847, 1766786874847);
INSERT OR IGNORE INTO dialyse_maintenance_records (id, organization_id, machine_id, maintenance_type, description, scheduled_date, completed_date, status, technician_name, cost, notes, created_at, updated_at) VALUES ('dial-maint-0241', 'org-health-001', 'dial-machine-0109', 'corrective', 'Maintenance corrective', 1712187641298, NULL, 'cancelled', 'Technicien 240', 735.82, 'Intervention maintenance', 1766786874847, 1766786874847);
INSERT OR IGNORE INTO dialyse_maintenance_records (id, organization_id, machine_id, maintenance_type, description, scheduled_date, completed_date, status, technician_name, cost, notes, created_at, updated_at) VALUES ('dial-maint-0242', 'org-health-001', 'dial-machine-0139', 'inspection', 'Maintenance inspection', 1722772834496, NULL, 'scheduled', 'Technicien 241', 331.52, 'Intervention maintenance', 1766786874847, 1766786874847);
INSERT OR IGNORE INTO dialyse_maintenance_records (id, organization_id, machine_id, maintenance_type, description, scheduled_date, completed_date, status, technician_name, cost, notes, created_at, updated_at) VALUES ('dial-maint-0243', 'org-health-001', 'dial-machine-0101', 'inspection', 'Maintenance inspection', 1749359856972, NULL, 'in_progress', 'Technicien 242', 1766.85, 'Intervention maintenance', 1766786874847, 1766786874847);
INSERT OR IGNORE INTO dialyse_maintenance_records (id, organization_id, machine_id, maintenance_type, description, scheduled_date, completed_date, status, technician_name, cost, notes, created_at, updated_at) VALUES ('dial-maint-0244', 'org-health-001', 'dial-machine-0118', 'preventive', 'Maintenance preventive', 1751125427570, NULL, 'in_progress', 'Technicien 243', 1415.07, 'Intervention maintenance', 1766786874847, 1766786874847);
INSERT OR IGNORE INTO dialyse_maintenance_records (id, organization_id, machine_id, maintenance_type, description, scheduled_date, completed_date, status, technician_name, cost, notes, created_at, updated_at) VALUES ('dial-maint-0245', 'org-health-001', 'dial-machine-0130', 'calibration', 'Maintenance calibration', 1705609515360, NULL, 'scheduled', 'Technicien 244', 1580.75, 'Intervention maintenance', 1766786874847, 1766786874847);
INSERT OR IGNORE INTO dialyse_maintenance_records (id, organization_id, machine_id, maintenance_type, description, scheduled_date, completed_date, status, technician_name, cost, notes, created_at, updated_at) VALUES ('dial-maint-0246', 'org-health-001', 'dial-machine-0134', 'calibration', 'Maintenance calibration', 1765741125475, NULL, 'in_progress', 'Technicien 245', 1794.67, 'Intervention maintenance', 1766786874847, 1766786874847);
INSERT OR IGNORE INTO dialyse_maintenance_records (id, organization_id, machine_id, maintenance_type, description, scheduled_date, completed_date, status, technician_name, cost, notes, created_at, updated_at) VALUES ('dial-maint-0247', 'org-health-001', 'dial-machine-0131', 'inspection', 'Maintenance inspection', 1748220444447, NULL, 'cancelled', 'Technicien 246', 699.7, 'Intervention maintenance', 1766786874847, 1766786874848);
INSERT OR IGNORE INTO dialyse_maintenance_records (id, organization_id, machine_id, maintenance_type, description, scheduled_date, completed_date, status, technician_name, cost, notes, created_at, updated_at) VALUES ('dial-maint-0248', 'org-health-001', 'dial-machine-0130', 'calibration', 'Maintenance calibration', 1711255818123, NULL, 'scheduled', 'Technicien 247', 1326.5, 'Intervention maintenance', 1766786874848, 1766786874848);
INSERT OR IGNORE INTO dialyse_maintenance_records (id, organization_id, machine_id, maintenance_type, description, scheduled_date, completed_date, status, technician_name, cost, notes, created_at, updated_at) VALUES ('dial-maint-0249', 'org-health-001', 'dial-machine-0129', 'inspection', 'Maintenance inspection', 1727328192265, NULL, 'scheduled', 'Technicien 248', 1018.57, 'Intervention maintenance', 1766786874848, 1766786874848);
INSERT OR IGNORE INTO dialyse_maintenance_records (id, organization_id, machine_id, maintenance_type, description, scheduled_date, completed_date, status, technician_name, cost, notes, created_at, updated_at) VALUES ('dial-maint-0250', 'org-health-001', 'dial-machine-0139', 'inspection', 'Maintenance inspection', 1743879143326, NULL, 'scheduled', 'Technicien 249', 1681.98, 'Intervention maintenance', 1766786874848, 1766786874848);
INSERT OR IGNORE INTO dialyse_maintenance_records (id, organization_id, machine_id, maintenance_type, description, scheduled_date, completed_date, status, technician_name, cost, notes, created_at, updated_at) VALUES ('dial-maint-0251', 'org-health-001', 'dial-machine-0134', 'corrective', 'Maintenance corrective', 1760587272153, 1766786874848, 'completed', 'Technicien 250', 1183.2, 'Intervention maintenance', 1766786874848, 1766786874848);
INSERT OR IGNORE INTO dialyse_maintenance_records (id, organization_id, machine_id, maintenance_type, description, scheduled_date, completed_date, status, technician_name, cost, notes, created_at, updated_at) VALUES ('dial-maint-0252', 'org-health-001', 'dial-machine-0118', 'inspection', 'Maintenance inspection', 1744930908429, 1766786874848, 'completed', 'Technicien 251', 1454.27, 'Intervention maintenance', 1766786874848, 1766786874848);
INSERT OR IGNORE INTO dialyse_maintenance_records (id, organization_id, machine_id, maintenance_type, description, scheduled_date, completed_date, status, technician_name, cost, notes, created_at, updated_at) VALUES ('dial-maint-0253', 'org-health-001', 'dial-machine-0112', 'inspection', 'Maintenance inspection', 1730024243687, NULL, 'in_progress', 'Technicien 252', 1060.08, 'Intervention maintenance', 1766786874848, 1766786874848);
INSERT OR IGNORE INTO dialyse_maintenance_records (id, organization_id, machine_id, maintenance_type, description, scheduled_date, completed_date, status, technician_name, cost, notes, created_at, updated_at) VALUES ('dial-maint-0254', 'org-health-001', 'dial-machine-0103', 'inspection', 'Maintenance inspection', 1730991762304, 1766786874848, 'completed', 'Technicien 253', 1143.24, 'Intervention maintenance', 1766786874848, 1766786874848);
INSERT OR IGNORE INTO dialyse_maintenance_records (id, organization_id, machine_id, maintenance_type, description, scheduled_date, completed_date, status, technician_name, cost, notes, created_at, updated_at) VALUES ('dial-maint-0255', 'org-health-001', 'dial-machine-0132', 'calibration', 'Maintenance calibration', 1720655027980, 1766786874848, 'completed', 'Technicien 254', 158.63, 'Intervention maintenance', 1766786874848, 1766786874848);
INSERT OR IGNORE INTO dialyse_maintenance_records (id, organization_id, machine_id, maintenance_type, description, scheduled_date, completed_date, status, technician_name, cost, notes, created_at, updated_at) VALUES ('dial-maint-0256', 'org-health-001', 'dial-machine-0143', 'calibration', 'Maintenance calibration', 1705240392273, NULL, 'in_progress', 'Technicien 255', 1325.39, 'Intervention maintenance', 1766786874848, 1766786874848);
INSERT OR IGNORE INTO dialyse_maintenance_records (id, organization_id, machine_id, maintenance_type, description, scheduled_date, completed_date, status, technician_name, cost, notes, created_at, updated_at) VALUES ('dial-maint-0257', 'org-health-001', 'dial-machine-0142', 'calibration', 'Maintenance calibration', 1755600927197, NULL, 'cancelled', 'Technicien 256', 152.87, 'Intervention maintenance', 1766786874848, 1766786874848);
INSERT OR IGNORE INTO dialyse_maintenance_records (id, organization_id, machine_id, maintenance_type, description, scheduled_date, completed_date, status, technician_name, cost, notes, created_at, updated_at) VALUES ('dial-maint-0258', 'org-health-001', 'dial-machine-0115', 'preventive', 'Maintenance preventive', 1711857440516, NULL, 'cancelled', 'Technicien 257', 1611.22, 'Intervention maintenance', 1766786874848, 1766786874848);
INSERT OR IGNORE INTO dialyse_maintenance_records (id, organization_id, machine_id, maintenance_type, description, scheduled_date, completed_date, status, technician_name, cost, notes, created_at, updated_at) VALUES ('dial-maint-0259', 'org-health-001', 'dial-machine-0135', 'preventive', 'Maintenance preventive', 1765894139091, NULL, 'cancelled', 'Technicien 258', 1743.34, 'Intervention maintenance', 1766786874848, 1766786874848);
INSERT OR IGNORE INTO dialyse_maintenance_records (id, organization_id, machine_id, maintenance_type, description, scheduled_date, completed_date, status, technician_name, cost, notes, created_at, updated_at) VALUES ('dial-maint-0260', 'org-health-001', 'dial-machine-0106', 'inspection', 'Maintenance inspection', 1735834362133, NULL, 'scheduled', 'Technicien 259', 903.13, 'Intervention maintenance', 1766786874848, 1766786874848);
INSERT OR IGNORE INTO dialyse_maintenance_records (id, organization_id, machine_id, maintenance_type, description, scheduled_date, completed_date, status, technician_name, cost, notes, created_at, updated_at) VALUES ('dial-maint-0261', 'org-health-001', 'dial-machine-0143', 'preventive', 'Maintenance preventive', 1724596820584, 1766786874848, 'completed', 'Technicien 260', 338.53, 'Intervention maintenance', 1766786874848, 1766786874848);
INSERT OR IGNORE INTO dialyse_maintenance_records (id, organization_id, machine_id, maintenance_type, description, scheduled_date, completed_date, status, technician_name, cost, notes, created_at, updated_at) VALUES ('dial-maint-0262', 'org-health-001', 'dial-machine-0140', 'calibration', 'Maintenance calibration', 1708664269643, NULL, 'cancelled', 'Technicien 261', 1831.01, 'Intervention maintenance', 1766786874848, 1766786874848);
INSERT OR IGNORE INTO dialyse_maintenance_records (id, organization_id, machine_id, maintenance_type, description, scheduled_date, completed_date, status, technician_name, cost, notes, created_at, updated_at) VALUES ('dial-maint-0263', 'org-health-001', 'dial-machine-0110', 'corrective', 'Maintenance corrective', 1715914442665, NULL, 'in_progress', 'Technicien 262', 1587.89, 'Intervention maintenance', 1766786874848, 1766786874848);
INSERT OR IGNORE INTO dialyse_maintenance_records (id, organization_id, machine_id, maintenance_type, description, scheduled_date, completed_date, status, technician_name, cost, notes, created_at, updated_at) VALUES ('dial-maint-0264', 'org-health-001', 'dial-machine-0118', 'inspection', 'Maintenance inspection', 1728451200039, 1766786874848, 'completed', 'Technicien 263', 146.16, 'Intervention maintenance', 1766786874848, 1766786874848);
INSERT OR IGNORE INTO dialyse_maintenance_records (id, organization_id, machine_id, maintenance_type, description, scheduled_date, completed_date, status, technician_name, cost, notes, created_at, updated_at) VALUES ('dial-maint-0265', 'org-health-001', 'dial-machine-0117', 'preventive', 'Maintenance preventive', 1764641908714, NULL, 'scheduled', 'Technicien 264', 1766.03, 'Intervention maintenance', 1766786874848, 1766786874848);
INSERT OR IGNORE INTO dialyse_maintenance_records (id, organization_id, machine_id, maintenance_type, description, scheduled_date, completed_date, status, technician_name, cost, notes, created_at, updated_at) VALUES ('dial-maint-0266', 'org-health-001', 'dial-machine-0137', 'inspection', 'Maintenance inspection', 1731481339308, 1766786874848, 'completed', 'Technicien 265', 1626.04, 'Intervention maintenance', 1766786874848, 1766786874848);
INSERT OR IGNORE INTO dialyse_maintenance_records (id, organization_id, machine_id, maintenance_type, description, scheduled_date, completed_date, status, technician_name, cost, notes, created_at, updated_at) VALUES ('dial-maint-0267', 'org-health-001', 'dial-machine-0140', 'inspection', 'Maintenance inspection', 1752726857523, NULL, 'cancelled', 'Technicien 266', 1450.73, 'Intervention maintenance', 1766786874848, 1766786874848);
INSERT OR IGNORE INTO dialyse_maintenance_records (id, organization_id, machine_id, maintenance_type, description, scheduled_date, completed_date, status, technician_name, cost, notes, created_at, updated_at) VALUES ('dial-maint-0268', 'org-health-001', 'dial-machine-0132', 'inspection', 'Maintenance inspection', 1719422460959, 1766786874848, 'completed', 'Technicien 267', 1004.51, 'Intervention maintenance', 1766786874848, 1766786874848);
INSERT OR IGNORE INTO dialyse_maintenance_records (id, organization_id, machine_id, maintenance_type, description, scheduled_date, completed_date, status, technician_name, cost, notes, created_at, updated_at) VALUES ('dial-maint-0269', 'org-health-001', 'dial-machine-0123', 'inspection', 'Maintenance inspection', 1764758850667, NULL, 'scheduled', 'Technicien 268', 1179.64, 'Intervention maintenance', 1766786874848, 1766786874848);
INSERT OR IGNORE INTO dialyse_maintenance_records (id, organization_id, machine_id, maintenance_type, description, scheduled_date, completed_date, status, technician_name, cost, notes, created_at, updated_at) VALUES ('dial-maint-0270', 'org-health-001', 'dial-machine-0100', 'inspection', 'Maintenance inspection', 1737885236871, 1766786874848, 'completed', 'Technicien 269', 1052.72, 'Intervention maintenance', 1766786874848, 1766786874848);
INSERT OR IGNORE INTO dialyse_maintenance_records (id, organization_id, machine_id, maintenance_type, description, scheduled_date, completed_date, status, technician_name, cost, notes, created_at, updated_at) VALUES ('dial-maint-0271', 'org-health-001', 'dial-machine-0107', 'corrective', 'Maintenance corrective', 1707560704999, NULL, 'cancelled', 'Technicien 270', 1416.45, 'Intervention maintenance', 1766786874848, 1766786874848);
INSERT OR IGNORE INTO dialyse_maintenance_records (id, organization_id, machine_id, maintenance_type, description, scheduled_date, completed_date, status, technician_name, cost, notes, created_at, updated_at) VALUES ('dial-maint-0272', 'org-health-001', 'dial-machine-0118', 'calibration', 'Maintenance calibration', 1741083243348, NULL, 'in_progress', 'Technicien 271', 1187.2, 'Intervention maintenance', 1766786874848, 1766786874848);
INSERT OR IGNORE INTO dialyse_maintenance_records (id, organization_id, machine_id, maintenance_type, description, scheduled_date, completed_date, status, technician_name, cost, notes, created_at, updated_at) VALUES ('dial-maint-0273', 'org-health-001', 'dial-machine-0140', 'preventive', 'Maintenance preventive', 1762164680778, NULL, 'cancelled', 'Technicien 272', 932.9, 'Intervention maintenance', 1766786874848, 1766786874848);
INSERT OR IGNORE INTO dialyse_maintenance_records (id, organization_id, machine_id, maintenance_type, description, scheduled_date, completed_date, status, technician_name, cost, notes, created_at, updated_at) VALUES ('dial-maint-0274', 'org-health-001', 'dial-machine-0132', 'preventive', 'Maintenance preventive', 1765103653640, NULL, 'cancelled', 'Technicien 273', 1550.31, 'Intervention maintenance', 1766786874848, 1766786874848);
INSERT OR IGNORE INTO dialyse_maintenance_records (id, organization_id, machine_id, maintenance_type, description, scheduled_date, completed_date, status, technician_name, cost, notes, created_at, updated_at) VALUES ('dial-maint-0275', 'org-health-001', 'dial-machine-0111', 'preventive', 'Maintenance preventive', 1755520168133, NULL, 'in_progress', 'Technicien 274', 451.95, 'Intervention maintenance', 1766786874848, 1766786874848);
INSERT OR IGNORE INTO dialyse_maintenance_records (id, organization_id, machine_id, maintenance_type, description, scheduled_date, completed_date, status, technician_name, cost, notes, created_at, updated_at) VALUES ('dial-maint-0276', 'org-health-001', 'dial-machine-0139', 'preventive', 'Maintenance preventive', 1751336451336, 1766786874848, 'completed', 'Technicien 275', 341.74, 'Intervention maintenance', 1766786874848, 1766786874848);
INSERT OR IGNORE INTO dialyse_maintenance_records (id, organization_id, machine_id, maintenance_type, description, scheduled_date, completed_date, status, technician_name, cost, notes, created_at, updated_at) VALUES ('dial-maint-0277', 'org-health-001', 'dial-machine-0128', 'inspection', 'Maintenance inspection', 1746008890734, 1766786874848, 'completed', 'Technicien 276', 170.58, 'Intervention maintenance', 1766786874848, 1766786874848);
INSERT OR IGNORE INTO dialyse_maintenance_records (id, organization_id, machine_id, maintenance_type, description, scheduled_date, completed_date, status, technician_name, cost, notes, created_at, updated_at) VALUES ('dial-maint-0278', 'org-health-001', 'dial-machine-0146', 'inspection', 'Maintenance inspection', 1762872578291, NULL, 'cancelled', 'Technicien 277', 489, 'Intervention maintenance', 1766786874848, 1766786874848);
INSERT OR IGNORE INTO dialyse_maintenance_records (id, organization_id, machine_id, maintenance_type, description, scheduled_date, completed_date, status, technician_name, cost, notes, created_at, updated_at) VALUES ('dial-maint-0279', 'org-health-001', 'dial-machine-0129', 'inspection', 'Maintenance inspection', 1718689095439, 1766786874848, 'completed', 'Technicien 278', 1207.81, 'Intervention maintenance', 1766786874848, 1766786874848);
INSERT OR IGNORE INTO dialyse_maintenance_records (id, organization_id, machine_id, maintenance_type, description, scheduled_date, completed_date, status, technician_name, cost, notes, created_at, updated_at) VALUES ('dial-maint-0280', 'org-health-001', 'dial-machine-0106', 'calibration', 'Maintenance calibration', 1760879677807, NULL, 'in_progress', 'Technicien 279', 1490.7, 'Intervention maintenance', 1766786874848, 1766786874848);
INSERT OR IGNORE INTO dialyse_maintenance_records (id, organization_id, machine_id, maintenance_type, description, scheduled_date, completed_date, status, technician_name, cost, notes, created_at, updated_at) VALUES ('dial-maint-0281', 'org-health-001', 'dial-machine-0111', 'inspection', 'Maintenance inspection', 1749964531095, NULL, 'in_progress', 'Technicien 280', 1649.95, 'Intervention maintenance', 1766786874848, 1766786874848);
INSERT OR IGNORE INTO dialyse_maintenance_records (id, organization_id, machine_id, maintenance_type, description, scheduled_date, completed_date, status, technician_name, cost, notes, created_at, updated_at) VALUES ('dial-maint-0282', 'org-health-001', 'dial-machine-0132', 'preventive', 'Maintenance preventive', 1728415515982, NULL, 'in_progress', 'Technicien 281', 626.03, 'Intervention maintenance', 1766786874848, 1766786874848);
INSERT OR IGNORE INTO dialyse_maintenance_records (id, organization_id, machine_id, maintenance_type, description, scheduled_date, completed_date, status, technician_name, cost, notes, created_at, updated_at) VALUES ('dial-maint-0283', 'org-health-001', 'dial-machine-0123', 'corrective', 'Maintenance corrective', 1731212275566, 1766786874848, 'completed', 'Technicien 282', 565.58, 'Intervention maintenance', 1766786874848, 1766786874848);
INSERT OR IGNORE INTO dialyse_maintenance_records (id, organization_id, machine_id, maintenance_type, description, scheduled_date, completed_date, status, technician_name, cost, notes, created_at, updated_at) VALUES ('dial-maint-0284', 'org-health-001', 'dial-machine-0131', 'preventive', 'Maintenance preventive', 1708781734278, NULL, 'in_progress', 'Technicien 283', 904.16, 'Intervention maintenance', 1766786874848, 1766786874848);
INSERT OR IGNORE INTO dialyse_maintenance_records (id, organization_id, machine_id, maintenance_type, description, scheduled_date, completed_date, status, technician_name, cost, notes, created_at, updated_at) VALUES ('dial-maint-0285', 'org-health-001', 'dial-machine-0113', 'inspection', 'Maintenance inspection', 1748425929650, NULL, 'scheduled', 'Technicien 284', 899.84, 'Intervention maintenance', 1766786874848, 1766786874848);
INSERT OR IGNORE INTO dialyse_maintenance_records (id, organization_id, machine_id, maintenance_type, description, scheduled_date, completed_date, status, technician_name, cost, notes, created_at, updated_at) VALUES ('dial-maint-0286', 'org-health-001', 'dial-machine-0102', 'corrective', 'Maintenance corrective', 1740746945980, NULL, 'in_progress', 'Technicien 285', 1660.12, 'Intervention maintenance', 1766786874848, 1766786874848);
INSERT OR IGNORE INTO dialyse_maintenance_records (id, organization_id, machine_id, maintenance_type, description, scheduled_date, completed_date, status, technician_name, cost, notes, created_at, updated_at) VALUES ('dial-maint-0287', 'org-health-001', 'dial-machine-0123', 'inspection', 'Maintenance inspection', 1717436392314, NULL, 'cancelled', 'Technicien 286', 1814.65, 'Intervention maintenance', 1766786874848, 1766786874848);
INSERT OR IGNORE INTO dialyse_maintenance_records (id, organization_id, machine_id, maintenance_type, description, scheduled_date, completed_date, status, technician_name, cost, notes, created_at, updated_at) VALUES ('dial-maint-0288', 'org-health-001', 'dial-machine-0100', 'preventive', 'Maintenance preventive', 1719910273760, NULL, 'cancelled', 'Technicien 287', 1997.95, 'Intervention maintenance', 1766786874848, 1766786874848);
INSERT OR IGNORE INTO dialyse_maintenance_records (id, organization_id, machine_id, maintenance_type, description, scheduled_date, completed_date, status, technician_name, cost, notes, created_at, updated_at) VALUES ('dial-maint-0289', 'org-health-001', 'dial-machine-0148', 'inspection', 'Maintenance inspection', 1750852887596, 1766786874848, 'completed', 'Technicien 288', 1541.58, 'Intervention maintenance', 1766786874848, 1766786874848);
INSERT OR IGNORE INTO dialyse_maintenance_records (id, organization_id, machine_id, maintenance_type, description, scheduled_date, completed_date, status, technician_name, cost, notes, created_at, updated_at) VALUES ('dial-maint-0290', 'org-health-001', 'dial-machine-0139', 'calibration', 'Maintenance calibration', 1709539567824, NULL, 'cancelled', 'Technicien 289', 258.18, 'Intervention maintenance', 1766786874848, 1766786874848);
INSERT OR IGNORE INTO dialyse_maintenance_records (id, organization_id, machine_id, maintenance_type, description, scheduled_date, completed_date, status, technician_name, cost, notes, created_at, updated_at) VALUES ('dial-maint-0291', 'org-health-001', 'dial-machine-0125', 'inspection', 'Maintenance inspection', 1715250309670, NULL, 'cancelled', 'Technicien 290', 1554.04, 'Intervention maintenance', 1766786874848, 1766786874848);
INSERT OR IGNORE INTO dialyse_maintenance_records (id, organization_id, machine_id, maintenance_type, description, scheduled_date, completed_date, status, technician_name, cost, notes, created_at, updated_at) VALUES ('dial-maint-0292', 'org-health-001', 'dial-machine-0123', 'preventive', 'Maintenance preventive', 1765910498521, NULL, 'scheduled', 'Technicien 291', 193.21, 'Intervention maintenance', 1766786874848, 1766786874848);
INSERT OR IGNORE INTO dialyse_maintenance_records (id, organization_id, machine_id, maintenance_type, description, scheduled_date, completed_date, status, technician_name, cost, notes, created_at, updated_at) VALUES ('dial-maint-0293', 'org-health-001', 'dial-machine-0148', 'calibration', 'Maintenance calibration', 1739239587709, NULL, 'scheduled', 'Technicien 292', 1235.91, 'Intervention maintenance', 1766786874848, 1766786874848);
INSERT OR IGNORE INTO dialyse_maintenance_records (id, organization_id, machine_id, maintenance_type, description, scheduled_date, completed_date, status, technician_name, cost, notes, created_at, updated_at) VALUES ('dial-maint-0294', 'org-health-001', 'dial-machine-0143', 'corrective', 'Maintenance corrective', 1754780526952, 1766786874848, 'completed', 'Technicien 293', 1510.17, 'Intervention maintenance', 1766786874848, 1766786874848);
INSERT OR IGNORE INTO dialyse_maintenance_records (id, organization_id, machine_id, maintenance_type, description, scheduled_date, completed_date, status, technician_name, cost, notes, created_at, updated_at) VALUES ('dial-maint-0295', 'org-health-001', 'dial-machine-0100', 'corrective', 'Maintenance corrective', 1747173327609, NULL, 'in_progress', 'Technicien 294', 1691.23, 'Intervention maintenance', 1766786874848, 1766786874848);
INSERT OR IGNORE INTO dialyse_maintenance_records (id, organization_id, machine_id, maintenance_type, description, scheduled_date, completed_date, status, technician_name, cost, notes, created_at, updated_at) VALUES ('dial-maint-0296', 'org-health-001', 'dial-machine-0127', 'corrective', 'Maintenance corrective', 1758592276255, NULL, 'scheduled', 'Technicien 295', 728.9, 'Intervention maintenance', 1766786874848, 1766786874848);
INSERT OR IGNORE INTO dialyse_maintenance_records (id, organization_id, machine_id, maintenance_type, description, scheduled_date, completed_date, status, technician_name, cost, notes, created_at, updated_at) VALUES ('dial-maint-0297', 'org-health-001', 'dial-machine-0139', 'inspection', 'Maintenance inspection', 1757032204752, NULL, 'in_progress', 'Technicien 296', 1900.36, 'Intervention maintenance', 1766786874848, 1766786874848);
INSERT OR IGNORE INTO dialyse_maintenance_records (id, organization_id, machine_id, maintenance_type, description, scheduled_date, completed_date, status, technician_name, cost, notes, created_at, updated_at) VALUES ('dial-maint-0298', 'org-health-001', 'dial-machine-0120', 'inspection', 'Maintenance inspection', 1724430264146, NULL, 'scheduled', 'Technicien 297', 1584.12, 'Intervention maintenance', 1766786874848, 1766786874848);
INSERT OR IGNORE INTO dialyse_maintenance_records (id, organization_id, machine_id, maintenance_type, description, scheduled_date, completed_date, status, technician_name, cost, notes, created_at, updated_at) VALUES ('dial-maint-0299', 'org-health-001', 'dial-machine-0126', 'corrective', 'Maintenance corrective', 1737642611663, NULL, 'in_progress', 'Technicien 298', 822.48, 'Intervention maintenance', 1766786874848, 1766786874848);
INSERT OR IGNORE INTO dialyse_maintenance_records (id, organization_id, machine_id, maintenance_type, description, scheduled_date, completed_date, status, technician_name, cost, notes, created_at, updated_at) VALUES ('dial-maint-0300', 'org-health-001', 'dial-machine-0149', 'preventive', 'Maintenance preventive', 1720120390545, NULL, 'scheduled', 'Technicien 299', 1776.11, 'Intervention maintenance', 1766786874848, 1766786874848);
INSERT OR IGNORE INTO healthcare_patients (id, company_id, first_name, last_name, date_of_birth, gender, email, phone, address, city, medical_record_number, blood_type, allergies, notes, status, created_at, updated_at) VALUES ('hc-patient-cardio-00001', 'company-0001', 'Tarik', 'Jabri', 353572309777, 'male', 'tarik.jabri.cardio0@email.com', '+212696636487', 'Adresse 0', 'Marrakech', 'MRN-C000001', 'AB+', 'Aucune', 'Patient cardiologie', 'active', 1766786874848, 1766786874848);
INSERT OR IGNORE INTO cardiology_patients (id, company_id, healthcare_patient_id, primary_diagnosis, secondary_diagnoses, risk_level, has_pacemaker, has_stent, smoking_status, family_history, notes, status, created_at, updated_at) VALUES ('cardio-patient-00001', 'company-0001', 'hc-patient-cardio-00001', 'Endocardite', 'Valvulopathie', 'high', 0, 0, 'current', 'positive_first_degree', 'Patient cardiologie', 'active', 1766786874848, 1766786874848);
INSERT OR IGNORE INTO healthcare_patients (id, company_id, first_name, last_name, date_of_birth, gender, email, phone, address, city, medical_record_number, blood_type, allergies, notes, status, created_at, updated_at) VALUES ('hc-patient-cardio-00002', 'company-0001', 'Khalid', 'Alaoui', 845830920252, 'female', 'khalid.alaoui.cardio1@email.com', '+212654794656', 'Adresse 1', 'Fes', 'MRN-C000002', 'AB+', 'Aspirine', 'Patient cardiologie', 'active', 1766786874848, 1766786874848);
INSERT OR IGNORE INTO cardiology_patients (id, company_id, healthcare_patient_id, primary_diagnosis, secondary_diagnoses, risk_level, has_pacemaker, has_stent, smoking_status, family_history, notes, status, created_at, updated_at) VALUES ('cardio-patient-00002', 'company-0001', 'hc-patient-cardio-00002', 'Cardiopathie ischemique', 'Endocardite', 'high', 0, 1, 'never', 'positive_first_degree', 'Patient cardiologie', 'active', 1766786874848, 1766786874848);
INSERT OR IGNORE INTO healthcare_patients (id, company_id, first_name, last_name, date_of_birth, gender, email, phone, address, city, medical_record_number, blood_type, allergies, notes, status, created_at, updated_at) VALUES ('hc-patient-cardio-00003', 'company-0001', 'Younes', 'Alaoui', -530558430245, 'female', 'younes.alaoui.cardio2@email.com', '+212680668749', 'Adresse 2', 'Fes', 'MRN-C000003', 'AB+', 'Latex', 'Patient cardiologie', 'active', 1766786874848, 1766786874848);
INSERT OR IGNORE INTO cardiology_patients (id, company_id, healthcare_patient_id, primary_diagnosis, secondary_diagnoses, risk_level, has_pacemaker, has_stent, smoking_status, family_history, notes, status, created_at, updated_at) VALUES ('cardio-patient-00003', 'company-0001', 'hc-patient-cardio-00003', 'Fibrillation auriculaire', 'Insuffisance cardiaque', 'high', 0, 0, 'current', 'positive_first_degree', 'Patient cardiologie', 'active', 1766786874848, 1766786874848);
INSERT OR IGNORE INTO healthcare_patients (id, company_id, first_name, last_name, date_of_birth, gender, email, phone, address, city, medical_record_number, blood_type, allergies, notes, status, created_at, updated_at) VALUES ('hc-patient-cardio-00004', 'company-0001', 'Hafsa', 'Benhima', 257347212651, 'female', 'hafsa.benhima.cardio3@email.com', '+212664193599', 'Adresse 3', 'Marrakech', 'MRN-C000004', 'AB+', 'Aspirine', 'Patient cardiologie', 'active', 1766786874848, 1766786874848);
INSERT OR IGNORE INTO cardiology_patients (id, company_id, healthcare_patient_id, primary_diagnosis, secondary_diagnoses, risk_level, has_pacemaker, has_stent, smoking_status, family_history, notes, status, created_at, updated_at) VALUES ('cardio-patient-00004', 'company-0001', 'hc-patient-cardio-00004', 'Pericardite', 'Syndrome coronarien aigu', 'medium', 0, 0, 'current', 'positive_first_degree', 'Patient cardiologie', 'active', 1766786874848, 1766786874848);
INSERT OR IGNORE INTO healthcare_patients (id, company_id, first_name, last_name, date_of_birth, gender, email, phone, address, city, medical_record_number, blood_type, allergies, notes, status, created_at, updated_at) VALUES ('hc-patient-cardio-00005', 'company-0001', 'Rachid', 'Alaoui', 283093559540, 'female', 'rachid.alaoui.cardio4@email.com', '+212602963235', 'Adresse 4', 'Tanger', 'MRN-C000005', 'A-', 'Aspirine', 'Patient cardiologie', 'active', 1766786874848, 1766786874848);
INSERT OR IGNORE INTO cardiology_patients (id, company_id, healthcare_patient_id, primary_diagnosis, secondary_diagnoses, risk_level, has_pacemaker, has_stent, smoking_status, family_history, notes, status, created_at, updated_at) VALUES ('cardio-patient-00005', 'company-0001', 'hc-patient-cardio-00005', 'Insuffisance cardiaque', 'Cardiopathie ischemique', 'high', 0, 0, 'never', 'positive_second_degree', 'Patient cardiologie', 'active', 1766786874848, 1766786874848);
INSERT OR IGNORE INTO healthcare_patients (id, company_id, first_name, last_name, date_of_birth, gender, email, phone, address, city, medical_record_number, blood_type, allergies, notes, status, created_at, updated_at) VALUES ('hc-patient-cardio-00006', 'company-0001', 'Omar', 'Ouazzani', -929852818313, 'female', 'omar.ouazzani.cardio5@email.com', '+212651378010', 'Adresse 5', 'Casablanca', 'MRN-C000006', 'AB+', 'Penicilline', 'Patient cardiologie', 'active', 1766786874848, 1766786874848);
INSERT OR IGNORE INTO cardiology_patients (id, company_id, healthcare_patient_id, primary_diagnosis, secondary_diagnoses, risk_level, has_pacemaker, has_stent, smoking_status, family_history, notes, status, created_at, updated_at) VALUES ('cardio-patient-00006', 'company-0001', 'hc-patient-cardio-00006', 'Valvulopathie', 'Insuffisance cardiaque', 'critical', 0, 1, 'former', 'none', 'Patient cardiologie', 'active', 1766786874848, 1766786874848);
INSERT OR IGNORE INTO healthcare_patients (id, company_id, first_name, last_name, date_of_birth, gender, email, phone, address, city, medical_record_number, blood_type, allergies, notes, status, created_at, updated_at) VALUES ('hc-patient-cardio-00007', 'company-0001', 'Adil', 'Fassi Fihri', 266088414751, 'male', 'adil.fassi fihri.cardio6@email.com', '+212693501125', 'Adresse 6', 'Marrakech', 'MRN-C000007', 'AB+', 'Penicilline', 'Patient cardiologie', 'active', 1766786874848, 1766786874848);
INSERT OR IGNORE INTO cardiology_patients (id, company_id, healthcare_patient_id, primary_diagnosis, secondary_diagnoses, risk_level, has_pacemaker, has_stent, smoking_status, family_history, notes, status, created_at, updated_at) VALUES ('cardio-patient-00007', 'company-0001', 'hc-patient-cardio-00007', 'Arythmie ventriculaire', 'Valvulopathie', 'critical', 0, 0, 'current', 'positive_second_degree', 'Patient cardiologie', 'active', 1766786874848, 1766786874848);
INSERT OR IGNORE INTO healthcare_patients (id, company_id, first_name, last_name, date_of_birth, gender, email, phone, address, city, medical_record_number, blood_type, allergies, notes, status, created_at, updated_at) VALUES ('hc-patient-cardio-00008', 'company-0001', 'Younes', 'Kettani', 273888145983, 'female', 'younes.kettani.cardio7@email.com', '+212601454762', 'Adresse 7', 'Tanger', 'MRN-C000008', 'O-', 'Latex', 'Patient cardiologie', 'active', 1766786874848, 1766786874848);
INSERT OR IGNORE INTO cardiology_patients (id, company_id, healthcare_patient_id, primary_diagnosis, secondary_diagnoses, risk_level, has_pacemaker, has_stent, smoking_status, family_history, notes, status, created_at, updated_at) VALUES ('cardio-patient-00008', 'company-0001', 'hc-patient-cardio-00008', 'Insuffisance cardiaque', 'Insuffisance cardiaque', 'medium', 0, 0, 'current', 'positive_first_degree', 'Patient cardiologie', 'active', 1766786874848, 1766786874848);
INSERT OR IGNORE INTO healthcare_patients (id, company_id, first_name, last_name, date_of_birth, gender, email, phone, address, city, medical_record_number, blood_type, allergies, notes, status, created_at, updated_at) VALUES ('hc-patient-cardio-00009', 'company-0001', 'Jamal', 'Sefrioui', -311261613618, 'male', 'jamal.sefrioui.cardio8@email.com', '+212608100417', 'Adresse 8', 'Rabat', 'MRN-C000009', 'AB+', 'Iode', 'Patient cardiologie', 'active', 1766786874848, 1766786874848);
INSERT OR IGNORE INTO cardiology_patients (id, company_id, healthcare_patient_id, primary_diagnosis, secondary_diagnoses, risk_level, has_pacemaker, has_stent, smoking_status, family_history, notes, status, created_at, updated_at) VALUES ('cardio-patient-00009', 'company-0001', 'hc-patient-cardio-00009', 'Endocardite', 'Cardiomyopathie dilatee', 'high', 0, 0, 'former', 'positive_first_degree', 'Patient cardiologie', 'active', 1766786874848, 1766786874848);
INSERT OR IGNORE INTO healthcare_patients (id, company_id, first_name, last_name, date_of_birth, gender, email, phone, address, city, medical_record_number, blood_type, allergies, notes, status, created_at, updated_at) VALUES ('hc-patient-cardio-00010', 'company-0001', 'Amine', 'Doukkali', 478894262040, 'male', 'amine.doukkali.cardio9@email.com', '+212674462871', 'Adresse 9', 'Casablanca', 'MRN-C000010', 'AB-', 'Sulfamides', 'Patient cardiologie', 'active', 1766786874848, 1766786874848);
INSERT OR IGNORE INTO cardiology_patients (id, company_id, healthcare_patient_id, primary_diagnosis, secondary_diagnoses, risk_level, has_pacemaker, has_stent, smoking_status, family_history, notes, status, created_at, updated_at) VALUES ('cardio-patient-00010', 'company-0001', 'hc-patient-cardio-00010', 'Insuffisance cardiaque', 'Pericardite', 'medium', 0, 1, 'never', 'positive_second_degree', 'Patient cardiologie', 'active', 1766786874848, 1766786874848);
INSERT OR IGNORE INTO healthcare_patients (id, company_id, first_name, last_name, date_of_birth, gender, email, phone, address, city, medical_record_number, blood_type, allergies, notes, status, created_at, updated_at) VALUES ('hc-patient-cardio-00011', 'company-0001', 'Mohamed', 'Idrissi', -51937076162, 'female', 'mohamed.idrissi.cardio10@email.com', '+212660370860', 'Adresse 10', 'Rabat', 'MRN-C000011', 'AB+', 'Sulfamides', 'Patient cardiologie', 'active', 1766786874848, 1766786874848);
INSERT OR IGNORE INTO cardiology_patients (id, company_id, healthcare_patient_id, primary_diagnosis, secondary_diagnoses, risk_level, has_pacemaker, has_stent, smoking_status, family_history, notes, status, created_at, updated_at) VALUES ('cardio-patient-00011', 'company-0001', 'hc-patient-cardio-00011', 'Valvulopathie', 'Valvulopathie', 'medium', 0, 0, 'former', 'none', 'Patient cardiologie', 'active', 1766786874848, 1766786874848);
INSERT OR IGNORE INTO healthcare_patients (id, company_id, first_name, last_name, date_of_birth, gender, email, phone, address, city, medical_record_number, blood_type, allergies, notes, status, created_at, updated_at) VALUES ('hc-patient-cardio-00012', 'company-0001', 'Laila', 'Lahlou', 295390061708, 'male', 'laila.lahlou.cardio11@email.com', '+212643040123', 'Adresse 11', 'Marrakech', 'MRN-C000012', 'AB+', 'Sulfamides', 'Patient cardiologie', 'active', 1766786874848, 1766786874848);
INSERT OR IGNORE INTO cardiology_patients (id, company_id, healthcare_patient_id, primary_diagnosis, secondary_diagnoses, risk_level, has_pacemaker, has_stent, smoking_status, family_history, notes, status, created_at, updated_at) VALUES ('cardio-patient-00012', 'company-0001', 'hc-patient-cardio-00012', 'Hypertension arterielle', 'Syndrome coronarien aigu', 'high', 0, 0, 'former', 'positive_first_degree', 'Patient cardiologie', 'active', 1766786874848, 1766786874848);
INSERT OR IGNORE INTO healthcare_patients (id, company_id, first_name, last_name, date_of_birth, gender, email, phone, address, city, medical_record_number, blood_type, allergies, notes, status, created_at, updated_at) VALUES ('hc-patient-cardio-00013', 'company-0001', 'Mustapha', 'Chraibi', -647002609173, 'female', 'mustapha.chraibi.cardio12@email.com', '+212630429359', 'Adresse 12', 'Agadir', 'MRN-C000013', 'B+', 'Aucune', 'Patient cardiologie', 'active', 1766786874848, 1766786874848);
INSERT OR IGNORE INTO cardiology_patients (id, company_id, healthcare_patient_id, primary_diagnosis, secondary_diagnoses, risk_level, has_pacemaker, has_stent, smoking_status, family_history, notes, status, created_at, updated_at) VALUES ('cardio-patient-00013', 'company-0001', 'hc-patient-cardio-00013', 'Cardiopathie ischemique', 'Pericardite', 'low', 0, 0, 'never', 'none', 'Patient cardiologie', 'active', 1766786874848, 1766786874848);
INSERT OR IGNORE INTO healthcare_patients (id, company_id, first_name, last_name, date_of_birth, gender, email, phone, address, city, medical_record_number, blood_type, allergies, notes, status, created_at, updated_at) VALUES ('hc-patient-cardio-00014', 'company-0001', 'Reda', 'Doukkali', -604997761384, 'female', 'reda.doukkali.cardio13@email.com', '+212632808875', 'Adresse 13', 'Marrakech', 'MRN-C000014', 'A-', 'Aspirine', 'Patient cardiologie', 'active', 1766786874848, 1766786874848);
INSERT OR IGNORE INTO cardiology_patients (id, company_id, healthcare_patient_id, primary_diagnosis, secondary_diagnoses, risk_level, has_pacemaker, has_stent, smoking_status, family_history, notes, status, created_at, updated_at) VALUES ('cardio-patient-00014', 'company-0001', 'hc-patient-cardio-00014', 'Cardiomyopathie dilatee', 'Fibrillation auriculaire', 'low', 0, 0, 'former', 'positive_first_degree', 'Patient cardiologie', 'active', 1766786874848, 1766786874848);
INSERT OR IGNORE INTO healthcare_patients (id, company_id, first_name, last_name, date_of_birth, gender, email, phone, address, city, medical_record_number, blood_type, allergies, notes, status, created_at, updated_at) VALUES ('hc-patient-cardio-00015', 'company-0001', 'Sanaa', 'Kadiri', 938574603645, 'male', 'sanaa.kadiri.cardio14@email.com', '+212600891484', 'Adresse 14', 'Tanger', 'MRN-C000015', 'AB+', 'Penicilline', 'Patient cardiologie', 'active', 1766786874848, 1766786874848);
INSERT OR IGNORE INTO cardiology_patients (id, company_id, healthcare_patient_id, primary_diagnosis, secondary_diagnoses, risk_level, has_pacemaker, has_stent, smoking_status, family_history, notes, status, created_at, updated_at) VALUES ('cardio-patient-00015', 'company-0001', 'hc-patient-cardio-00015', 'Pericardite', 'Cardiomyopathie dilatee', 'low', 1, 1, 'former', 'positive_second_degree', 'Patient cardiologie', 'active', 1766786874848, 1766786874848);
INSERT OR IGNORE INTO healthcare_patients (id, company_id, first_name, last_name, date_of_birth, gender, email, phone, address, city, medical_record_number, blood_type, allergies, notes, status, created_at, updated_at) VALUES ('hc-patient-cardio-00016', 'company-0001', 'Fatima', 'Filali', 484457919201, 'male', 'fatima.filali.cardio15@email.com', '+212656623621', 'Adresse 15', 'Rabat', 'MRN-C000016', 'B-', 'Aspirine', 'Patient cardiologie', 'active', 1766786874848, 1766786874848);
INSERT OR IGNORE INTO cardiology_patients (id, company_id, healthcare_patient_id, primary_diagnosis, secondary_diagnoses, risk_level, has_pacemaker, has_stent, smoking_status, family_history, notes, status, created_at, updated_at) VALUES ('cardio-patient-00016', 'company-0001', 'hc-patient-cardio-00016', 'Endocardite', 'Cardiomyopathie dilatee', 'high', 0, 0, 'current', 'none', 'Patient cardiologie', 'active', 1766786874848, 1766786874848);
INSERT OR IGNORE INTO healthcare_patients (id, company_id, first_name, last_name, date_of_birth, gender, email, phone, address, city, medical_record_number, blood_type, allergies, notes, status, created_at, updated_at) VALUES ('hc-patient-cardio-00017', 'company-0001', 'Aziz', 'Amrani', 71359097827, 'female', 'aziz.amrani.cardio16@email.com', '+212658196687', 'Adresse 16', 'Casablanca', 'MRN-C000017', 'O-', 'Iode', 'Patient cardiologie', 'active', 1766786874848, 1766786874848);
INSERT OR IGNORE INTO cardiology_patients (id, company_id, healthcare_patient_id, primary_diagnosis, secondary_diagnoses, risk_level, has_pacemaker, has_stent, smoking_status, family_history, notes, status, created_at, updated_at) VALUES ('cardio-patient-00017', 'company-0001', 'hc-patient-cardio-00017', 'Syndrome coronarien aigu', 'Syndrome coronarien aigu', 'low', 0, 0, 'never', 'positive_first_degree', 'Patient cardiologie', 'active', 1766786874848, 1766786874848);
INSERT OR IGNORE INTO healthcare_patients (id, company_id, first_name, last_name, date_of_birth, gender, email, phone, address, city, medical_record_number, blood_type, allergies, notes, status, created_at, updated_at) VALUES ('hc-patient-cardio-00018', 'company-0001', 'Ghita', 'Benkirane', -147390670202, 'male', 'ghita.benkirane.cardio17@email.com', '+212688827000', 'Adresse 17', 'Rabat', 'MRN-C000018', 'O+', 'Aucune', 'Patient cardiologie', 'active', 1766786874848, 1766786874848);
INSERT OR IGNORE INTO cardiology_patients (id, company_id, healthcare_patient_id, primary_diagnosis, secondary_diagnoses, risk_level, has_pacemaker, has_stent, smoking_status, family_history, notes, status, created_at, updated_at) VALUES ('cardio-patient-00018', 'company-0001', 'hc-patient-cardio-00018', 'Endocardite', 'Hypertension arterielle', 'critical', 0, 0, 'former', 'positive_first_degree', 'Patient cardiologie', 'active', 1766786874848, 1766786874848);
INSERT OR IGNORE INTO healthcare_patients (id, company_id, first_name, last_name, date_of_birth, gender, email, phone, address, city, medical_record_number, blood_type, allergies, notes, status, created_at, updated_at) VALUES ('hc-patient-cardio-00019', 'company-0001', 'Brahim', 'Benkirane', -824106285201, 'male', 'brahim.benkirane.cardio18@email.com', '+212663833224', 'Adresse 18', 'Agadir', 'MRN-C000019', 'A-', 'Sulfamides', 'Patient cardiologie', 'active', 1766786874848, 1766786874848);
INSERT OR IGNORE INTO cardiology_patients (id, company_id, healthcare_patient_id, primary_diagnosis, secondary_diagnoses, risk_level, has_pacemaker, has_stent, smoking_status, family_history, notes, status, created_at, updated_at) VALUES ('cardio-patient-00019', 'company-0001', 'hc-patient-cardio-00019', 'Pericardite', 'Valvulopathie', 'low', 0, 0, 'former', 'none', 'Patient cardiologie', 'active', 1766786874848, 1766786874848);
INSERT OR IGNORE INTO healthcare_patients (id, company_id, first_name, last_name, date_of_birth, gender, email, phone, address, city, medical_record_number, blood_type, allergies, notes, status, created_at, updated_at) VALUES ('hc-patient-cardio-00020', 'company-0001', 'Reda', 'Tazi', -212597361493, 'female', 'reda.tazi.cardio19@email.com', '+212683968901', 'Adresse 19', 'Tanger', 'MRN-C000020', 'O-', 'Sulfamides', 'Patient cardiologie', 'active', 1766786874848, 1766786874848);
INSERT OR IGNORE INTO cardiology_patients (id, company_id, healthcare_patient_id, primary_diagnosis, secondary_diagnoses, risk_level, has_pacemaker, has_stent, smoking_status, family_history, notes, status, created_at, updated_at) VALUES ('cardio-patient-00020', 'company-0001', 'hc-patient-cardio-00020', 'Hypertension arterielle', 'Syndrome coronarien aigu', 'low', 0, 0, 'current', 'none', 'Patient cardiologie', 'active', 1766786874848, 1766786874848);
INSERT OR IGNORE INTO healthcare_patients (id, company_id, first_name, last_name, date_of_birth, gender, email, phone, address, city, medical_record_number, blood_type, allergies, notes, status, created_at, updated_at) VALUES ('hc-patient-cardio-00021', 'company-0001', 'Samira', 'Benjelloun', -236256410560, 'male', 'samira.benjelloun.cardio20@email.com', '+212689293671', 'Adresse 20', 'Tanger', 'MRN-C000021', 'AB-', 'Penicilline', 'Patient cardiologie', 'active', 1766786874848, 1766786874848);
INSERT OR IGNORE INTO cardiology_patients (id, company_id, healthcare_patient_id, primary_diagnosis, secondary_diagnoses, risk_level, has_pacemaker, has_stent, smoking_status, family_history, notes, status, created_at, updated_at) VALUES ('cardio-patient-00021', 'company-0001', 'hc-patient-cardio-00021', 'Insuffisance cardiaque', 'Valvulopathie', 'high', 0, 1, 'never', 'positive_first_degree', 'Patient cardiologie', 'active', 1766786874848, 1766786874848);
INSERT OR IGNORE INTO healthcare_patients (id, company_id, first_name, last_name, date_of_birth, gender, email, phone, address, city, medical_record_number, blood_type, allergies, notes, status, created_at, updated_at) VALUES ('hc-patient-cardio-00022', 'company-0001', 'Hafsa', 'Doukkali', 886317514187, 'male', 'hafsa.doukkali.cardio21@email.com', '+212629499688', 'Adresse 21', 'Rabat', 'MRN-C000022', 'AB-', 'Aspirine', 'Patient cardiologie', 'active', 1766786874848, 1766786874848);
INSERT OR IGNORE INTO cardiology_patients (id, company_id, healthcare_patient_id, primary_diagnosis, secondary_diagnoses, risk_level, has_pacemaker, has_stent, smoking_status, family_history, notes, status, created_at, updated_at) VALUES ('cardio-patient-00022', 'company-0001', 'hc-patient-cardio-00022', 'Valvulopathie', 'Hypertension arterielle', 'low', 0, 0, 'never', 'positive_second_degree', 'Patient cardiologie', 'active', 1766786874848, 1766786874848);
INSERT OR IGNORE INTO healthcare_patients (id, company_id, first_name, last_name, date_of_birth, gender, email, phone, address, city, medical_record_number, blood_type, allergies, notes, status, created_at, updated_at) VALUES ('hc-patient-cardio-00023', 'company-0001', 'Imane', 'Kadiri', -540961750836, 'female', 'imane.kadiri.cardio22@email.com', '+212659529646', 'Adresse 22', 'Marrakech', 'MRN-C000023', 'A-', 'Sulfamides', 'Patient cardiologie', 'active', 1766786874848, 1766786874848);
INSERT OR IGNORE INTO cardiology_patients (id, company_id, healthcare_patient_id, primary_diagnosis, secondary_diagnoses, risk_level, has_pacemaker, has_stent, smoking_status, family_history, notes, status, created_at, updated_at) VALUES ('cardio-patient-00023', 'company-0001', 'hc-patient-cardio-00023', 'Endocardite', 'Cardiomyopathie dilatee', 'low', 0, 0, 'current', 'positive_second_degree', 'Patient cardiologie', 'active', 1766786874848, 1766786874848);
INSERT OR IGNORE INTO healthcare_patients (id, company_id, first_name, last_name, date_of_birth, gender, email, phone, address, city, medical_record_number, blood_type, allergies, notes, status, created_at, updated_at) VALUES ('hc-patient-cardio-00024', 'company-0001', 'Wafa', 'Amrani', -940542549595, 'male', 'wafa.amrani.cardio23@email.com', '+212612650694', 'Adresse 23', 'Casablanca', 'MRN-C000024', 'B-', 'Iode', 'Patient cardiologie', 'active', 1766786874848, 1766786874848);
INSERT OR IGNORE INTO cardiology_patients (id, company_id, healthcare_patient_id, primary_diagnosis, secondary_diagnoses, risk_level, has_pacemaker, has_stent, smoking_status, family_history, notes, status, created_at, updated_at) VALUES ('cardio-patient-00024', 'company-0001', 'hc-patient-cardio-00024', 'Syndrome coronarien aigu', 'Arythmie ventriculaire', 'low', 0, 0, 'former', 'none', 'Patient cardiologie', 'active', 1766786874848, 1766786874848);
INSERT OR IGNORE INTO healthcare_patients (id, company_id, first_name, last_name, date_of_birth, gender, email, phone, address, city, medical_record_number, blood_type, allergies, notes, status, created_at, updated_at) VALUES ('hc-patient-cardio-00025', 'company-0001', 'Hanane', 'Sefrioui', 940911401322, 'male', 'hanane.sefrioui.cardio24@email.com', '+212689803955', 'Adresse 24', 'Tanger', 'MRN-C000025', 'B+', 'Aspirine', 'Patient cardiologie', 'active', 1766786874848, 1766786874848);
INSERT OR IGNORE INTO cardiology_patients (id, company_id, healthcare_patient_id, primary_diagnosis, secondary_diagnoses, risk_level, has_pacemaker, has_stent, smoking_status, family_history, notes, status, created_at, updated_at) VALUES ('cardio-patient-00025', 'company-0001', 'hc-patient-cardio-00025', 'Valvulopathie', 'Hypertension arterielle', 'critical', 0, 1, 'current', 'positive_first_degree', 'Patient cardiologie', 'active', 1766786874848, 1766786874848);
INSERT OR IGNORE INTO healthcare_patients (id, company_id, first_name, last_name, date_of_birth, gender, email, phone, address, city, medical_record_number, blood_type, allergies, notes, status, created_at, updated_at) VALUES ('hc-patient-cardio-00026', 'company-0001', 'Brahim', 'Hajji', -700297663842, 'male', 'brahim.hajji.cardio25@email.com', '+212662691296', 'Adresse 25', 'Rabat', 'MRN-C000026', 'AB-', 'Aspirine', 'Patient cardiologie', 'active', 1766786874848, 1766786874848);
INSERT OR IGNORE INTO cardiology_patients (id, company_id, healthcare_patient_id, primary_diagnosis, secondary_diagnoses, risk_level, has_pacemaker, has_stent, smoking_status, family_history, notes, status, created_at, updated_at) VALUES ('cardio-patient-00026', 'company-0001', 'hc-patient-cardio-00026', 'Cardiopathie ischemique', 'Endocardite', 'high', 1, 0, 'current', 'positive_first_degree', 'Patient cardiologie', 'active', 1766786874848, 1766786874848);
INSERT OR IGNORE INTO healthcare_patients (id, company_id, first_name, last_name, date_of_birth, gender, email, phone, address, city, medical_record_number, blood_type, allergies, notes, status, created_at, updated_at) VALUES ('hc-patient-cardio-00027', 'company-0001', 'Imane', 'Chraibi', 712258175223, 'female', 'imane.chraibi.cardio26@email.com', '+212620931479', 'Adresse 26', 'Rabat', 'MRN-C000027', 'O-', 'Aucune', 'Patient cardiologie', 'active', 1766786874848, 1766786874848);
INSERT OR IGNORE INTO cardiology_patients (id, company_id, healthcare_patient_id, primary_diagnosis, secondary_diagnoses, risk_level, has_pacemaker, has_stent, smoking_status, family_history, notes, status, created_at, updated_at) VALUES ('cardio-patient-00027', 'company-0001', 'hc-patient-cardio-00027', 'Syndrome coronarien aigu', 'Cardiomyopathie dilatee', 'low', 0, 0, 'current', 'positive_second_degree', 'Patient cardiologie', 'active', 1766786874848, 1766786874848);
INSERT OR IGNORE INTO healthcare_patients (id, company_id, first_name, last_name, date_of_birth, gender, email, phone, address, city, medical_record_number, blood_type, allergies, notes, status, created_at, updated_at) VALUES ('hc-patient-cardio-00028', 'company-0001', 'Ghita', 'Sefrioui', 370057408320, 'male', 'ghita.sefrioui.cardio27@email.com', '+212653289958', 'Adresse 27', 'Fes', 'MRN-C000028', 'O+', 'Aucune', 'Patient cardiologie', 'active', 1766786874848, 1766786874848);
INSERT OR IGNORE INTO cardiology_patients (id, company_id, healthcare_patient_id, primary_diagnosis, secondary_diagnoses, risk_level, has_pacemaker, has_stent, smoking_status, family_history, notes, status, created_at, updated_at) VALUES ('cardio-patient-00028', 'company-0001', 'hc-patient-cardio-00028', 'Syndrome coronarien aigu', 'Endocardite', 'critical', 0, 0, 'current', 'positive_second_degree', 'Patient cardiologie', 'active', 1766786874848, 1766786874848);
INSERT OR IGNORE INTO healthcare_patients (id, company_id, first_name, last_name, date_of_birth, gender, email, phone, address, city, medical_record_number, blood_type, allergies, notes, status, created_at, updated_at) VALUES ('hc-patient-cardio-00029', 'company-0001', 'Naima', 'Naciri', 99776353502, 'male', 'naima.naciri.cardio28@email.com', '+212696802904', 'Adresse 28', 'Fes', 'MRN-C000029', 'B-', 'Latex', 'Patient cardiologie', 'active', 1766786874848, 1766786874848);
INSERT OR IGNORE INTO cardiology_patients (id, company_id, healthcare_patient_id, primary_diagnosis, secondary_diagnoses, risk_level, has_pacemaker, has_stent, smoking_status, family_history, notes, status, created_at, updated_at) VALUES ('cardio-patient-00029', 'company-0001', 'hc-patient-cardio-00029', 'Arythmie ventriculaire', 'Hypertension arterielle', 'low', 0, 0, 'never', 'positive_second_degree', 'Patient cardiologie', 'active', 1766786874848, 1766786874848);
INSERT OR IGNORE INTO healthcare_patients (id, company_id, first_name, last_name, date_of_birth, gender, email, phone, address, city, medical_record_number, blood_type, allergies, notes, status, created_at, updated_at) VALUES ('hc-patient-cardio-00030', 'company-0001', 'Brahim', 'Benjelloun', 845922883653, 'female', 'brahim.benjelloun.cardio29@email.com', '+212648929396', 'Adresse 29', 'Fes', 'MRN-C000030', 'AB-', 'Sulfamides', 'Patient cardiologie', 'active', 1766786874848, 1766786874848);
INSERT OR IGNORE INTO cardiology_patients (id, company_id, healthcare_patient_id, primary_diagnosis, secondary_diagnoses, risk_level, has_pacemaker, has_stent, smoking_status, family_history, notes, status, created_at, updated_at) VALUES ('cardio-patient-00030', 'company-0001', 'hc-patient-cardio-00030', 'Fibrillation auriculaire', 'Insuffisance cardiaque', 'low', 0, 1, 'current', 'positive_first_degree', 'Patient cardiologie', 'active', 1766786874848, 1766786874848);
INSERT OR IGNORE INTO healthcare_patients (id, company_id, first_name, last_name, date_of_birth, gender, email, phone, address, city, medical_record_number, blood_type, allergies, notes, status, created_at, updated_at) VALUES ('hc-patient-cardio-00031', 'company-0001', 'Hamid', 'Hajji', 319615647757, 'female', 'hamid.hajji.cardio30@email.com', '+212647219698', 'Adresse 30', 'Agadir', 'MRN-C000031', 'O+', 'Latex', 'Patient cardiologie', 'active', 1766786874848, 1766786874848);
INSERT OR IGNORE INTO cardiology_patients (id, company_id, healthcare_patient_id, primary_diagnosis, secondary_diagnoses, risk_level, has_pacemaker, has_stent, smoking_status, family_history, notes, status, created_at, updated_at) VALUES ('cardio-patient-00031', 'company-0001', 'hc-patient-cardio-00031', 'Syndrome coronarien aigu', 'Hypertension arterielle', 'medium', 0, 0, 'former', 'positive_first_degree', 'Patient cardiologie', 'active', 1766786874848, 1766786874848);
INSERT OR IGNORE INTO healthcare_patients (id, company_id, first_name, last_name, date_of_birth, gender, email, phone, address, city, medical_record_number, blood_type, allergies, notes, status, created_at, updated_at) VALUES ('hc-patient-cardio-00032', 'company-0001', 'Houda', 'Amrani', -618980228061, 'female', 'houda.amrani.cardio31@email.com', '+212654694976', 'Adresse 31', 'Casablanca', 'MRN-C000032', 'B-', 'Latex', 'Patient cardiologie', 'active', 1766786874848, 1766786874848);
INSERT OR IGNORE INTO cardiology_patients (id, company_id, healthcare_patient_id, primary_diagnosis, secondary_diagnoses, risk_level, has_pacemaker, has_stent, smoking_status, family_history, notes, status, created_at, updated_at) VALUES ('cardio-patient-00032', 'company-0001', 'hc-patient-cardio-00032', 'Hypertension arterielle', 'Cardiomyopathie dilatee', 'high', 0, 1, 'former', 'none', 'Patient cardiologie', 'active', 1766786874848, 1766786874848);
INSERT OR IGNORE INTO healthcare_patients (id, company_id, first_name, last_name, date_of_birth, gender, email, phone, address, city, medical_record_number, blood_type, allergies, notes, status, created_at, updated_at) VALUES ('hc-patient-cardio-00033', 'company-0001', 'Samir', 'Jabri', -540358361918, 'female', 'samir.jabri.cardio32@email.com', '+212600834608', 'Adresse 32', 'Agadir', 'MRN-C000033', 'AB+', 'Iode', 'Patient cardiologie', 'active', 1766786874848, 1766786874848);
INSERT OR IGNORE INTO cardiology_patients (id, company_id, healthcare_patient_id, primary_diagnosis, secondary_diagnoses, risk_level, has_pacemaker, has_stent, smoking_status, family_history, notes, status, created_at, updated_at) VALUES ('cardio-patient-00033', 'company-0001', 'hc-patient-cardio-00033', 'Hypertension arterielle', 'Pericardite', 'medium', 0, 0, 'never', 'positive_second_degree', 'Patient cardiologie', 'active', 1766786874848, 1766786874848);
INSERT OR IGNORE INTO healthcare_patients (id, company_id, first_name, last_name, date_of_birth, gender, email, phone, address, city, medical_record_number, blood_type, allergies, notes, status, created_at, updated_at) VALUES ('hc-patient-cardio-00034', 'company-0001', 'Reda', 'Benhima', 597474474753, 'female', 'reda.benhima.cardio33@email.com', '+212605428625', 'Adresse 33', 'Agadir', 'MRN-C000034', 'B+', 'Iode', 'Patient cardiologie', 'active', 1766786874848, 1766786874848);
INSERT OR IGNORE INTO cardiology_patients (id, company_id, healthcare_patient_id, primary_diagnosis, secondary_diagnoses, risk_level, has_pacemaker, has_stent, smoking_status, family_history, notes, status, created_at, updated_at) VALUES ('cardio-patient-00034', 'company-0001', 'hc-patient-cardio-00034', 'Syndrome coronarien aigu', 'Arythmie ventriculaire', 'critical', 0, 0, 'never', 'positive_second_degree', 'Patient cardiologie', 'active', 1766786874848, 1766786874848);
INSERT OR IGNORE INTO healthcare_patients (id, company_id, first_name, last_name, date_of_birth, gender, email, phone, address, city, medical_record_number, blood_type, allergies, notes, status, created_at, updated_at) VALUES ('hc-patient-cardio-00035', 'company-0001', 'Driss', 'Kadiri', -802802495294, 'male', 'driss.kadiri.cardio34@email.com', '+212659701165', 'Adresse 34', 'Fes', 'MRN-C000035', 'B-', 'Aucune', 'Patient cardiologie', 'active', 1766786874848, 1766786874848);
INSERT OR IGNORE INTO cardiology_patients (id, company_id, healthcare_patient_id, primary_diagnosis, secondary_diagnoses, risk_level, has_pacemaker, has_stent, smoking_status, family_history, notes, status, created_at, updated_at) VALUES ('cardio-patient-00035', 'company-0001', 'hc-patient-cardio-00035', 'Pericardite', 'Arythmie ventriculaire', 'critical', 0, 0, 'current', 'positive_second_degree', 'Patient cardiologie', 'active', 1766786874848, 1766786874848);
INSERT OR IGNORE INTO healthcare_patients (id, company_id, first_name, last_name, date_of_birth, gender, email, phone, address, city, medical_record_number, blood_type, allergies, notes, status, created_at, updated_at) VALUES ('hc-patient-cardio-00036', 'company-0001', 'Aicha', 'Tahiri', -816235612346, 'male', 'aicha.tahiri.cardio35@email.com', '+212622138819', 'Adresse 35', 'Casablanca', 'MRN-C000036', 'A-', 'Sulfamides', 'Patient cardiologie', 'active', 1766786874848, 1766786874848);
INSERT OR IGNORE INTO cardiology_patients (id, company_id, healthcare_patient_id, primary_diagnosis, secondary_diagnoses, risk_level, has_pacemaker, has_stent, smoking_status, family_history, notes, status, created_at, updated_at) VALUES ('cardio-patient-00036', 'company-0001', 'hc-patient-cardio-00036', 'Insuffisance cardiaque', 'Valvulopathie', 'low', 0, 0, 'former', 'none', 'Patient cardiologie', 'active', 1766786874848, 1766786874848);
INSERT OR IGNORE INTO healthcare_patients (id, company_id, first_name, last_name, date_of_birth, gender, email, phone, address, city, medical_record_number, blood_type, allergies, notes, status, created_at, updated_at) VALUES ('hc-patient-cardio-00037', 'company-0001', 'Farida', 'Hajji', -46251270240, 'male', 'farida.hajji.cardio36@email.com', '+212675024463', 'Adresse 36', 'Tanger', 'MRN-C000037', 'O-', 'Aspirine', 'Patient cardiologie', 'active', 1766786874848, 1766786874848);
INSERT OR IGNORE INTO cardiology_patients (id, company_id, healthcare_patient_id, primary_diagnosis, secondary_diagnoses, risk_level, has_pacemaker, has_stent, smoking_status, family_history, notes, status, created_at, updated_at) VALUES ('cardio-patient-00037', 'company-0001', 'hc-patient-cardio-00037', 'Hypertension arterielle', 'Syndrome coronarien aigu', 'medium', 0, 0, 'never', 'positive_first_degree', 'Patient cardiologie', 'active', 1766786874848, 1766786874848);
INSERT OR IGNORE INTO healthcare_patients (id, company_id, first_name, last_name, date_of_birth, gender, email, phone, address, city, medical_record_number, blood_type, allergies, notes, status, created_at, updated_at) VALUES ('hc-patient-cardio-00038', 'company-0001', 'Laila', 'Hajji', 656011276512, 'female', 'laila.hajji.cardio37@email.com', '+212631129421', 'Adresse 37', 'Fes', 'MRN-C000038', 'AB-', 'Sulfamides', 'Patient cardiologie', 'active', 1766786874848, 1766786874848);
INSERT OR IGNORE INTO cardiology_patients (id, company_id, healthcare_patient_id, primary_diagnosis, secondary_diagnoses, risk_level, has_pacemaker, has_stent, smoking_status, family_history, notes, status, created_at, updated_at) VALUES ('cardio-patient-00038', 'company-0001', 'hc-patient-cardio-00038', 'Pericardite', 'Pericardite', 'low', 0, 1, 'never', 'none', 'Patient cardiologie', 'active', 1766786874848, 1766786874848);
INSERT OR IGNORE INTO healthcare_patients (id, company_id, first_name, last_name, date_of_birth, gender, email, phone, address, city, medical_record_number, blood_type, allergies, notes, status, created_at, updated_at) VALUES ('hc-patient-cardio-00039', 'company-0001', 'Houda', 'Tazi', 269112473186, 'female', 'houda.tazi.cardio38@email.com', '+212653305224', 'Adresse 38', 'Marrakech', 'MRN-C000039', 'A+', 'Sulfamides', 'Patient cardiologie', 'active', 1766786874848, 1766786874848);
INSERT OR IGNORE INTO cardiology_patients (id, company_id, healthcare_patient_id, primary_diagnosis, secondary_diagnoses, risk_level, has_pacemaker, has_stent, smoking_status, family_history, notes, status, created_at, updated_at) VALUES ('cardio-patient-00039', 'company-0001', 'hc-patient-cardio-00039', 'Valvulopathie', 'Endocardite', 'critical', 0, 0, 'never', 'positive_second_degree', 'Patient cardiologie', 'active', 1766786874848, 1766786874848);
INSERT OR IGNORE INTO healthcare_patients (id, company_id, first_name, last_name, date_of_birth, gender, email, phone, address, city, medical_record_number, blood_type, allergies, notes, status, created_at, updated_at) VALUES ('hc-patient-cardio-00040', 'company-0001', 'Sanaa', 'Sefrioui', 874893967552, 'female', 'sanaa.sefrioui.cardio39@email.com', '+212650858547', 'Adresse 39', 'Marrakech', 'MRN-C000040', 'A-', 'Penicilline', 'Patient cardiologie', 'active', 1766786874848, 1766786874848);
INSERT OR IGNORE INTO cardiology_patients (id, company_id, healthcare_patient_id, primary_diagnosis, secondary_diagnoses, risk_level, has_pacemaker, has_stent, smoking_status, family_history, notes, status, created_at, updated_at) VALUES ('cardio-patient-00040', 'company-0001', 'hc-patient-cardio-00040', 'Hypertension arterielle', 'Hypertension arterielle', 'low', 0, 0, 'current', 'positive_second_degree', 'Patient cardiologie', 'active', 1766786874848, 1766786874848);
INSERT OR IGNORE INTO healthcare_patients (id, company_id, first_name, last_name, date_of_birth, gender, email, phone, address, city, medical_record_number, blood_type, allergies, notes, status, created_at, updated_at) VALUES ('hc-patient-cardio-00041', 'company-0001', 'Adil', 'Tahiri', -39255692456, 'male', 'adil.tahiri.cardio40@email.com', '+212646545164', 'Adresse 40', 'Rabat', 'MRN-C000041', 'B+', 'Sulfamides', 'Patient cardiologie', 'active', 1766786874848, 1766786874848);
INSERT OR IGNORE INTO cardiology_patients (id, company_id, healthcare_patient_id, primary_diagnosis, secondary_diagnoses, risk_level, has_pacemaker, has_stent, smoking_status, family_history, notes, status, created_at, updated_at) VALUES ('cardio-patient-00041', 'company-0001', 'hc-patient-cardio-00041', 'Syndrome coronarien aigu', 'Cardiomyopathie dilatee', 'medium', 0, 0, 'never', 'positive_second_degree', 'Patient cardiologie', 'active', 1766786874848, 1766786874848);
INSERT OR IGNORE INTO healthcare_patients (id, company_id, first_name, last_name, date_of_birth, gender, email, phone, address, city, medical_record_number, blood_type, allergies, notes, status, created_at, updated_at) VALUES ('hc-patient-cardio-00042', 'company-0001', 'Jamila', 'Filali', -736422092395, 'female', 'jamila.filali.cardio41@email.com', '+212652092653', 'Adresse 41', 'Fes', 'MRN-C000042', 'B+', 'Aspirine', 'Patient cardiologie', 'active', 1766786874848, 1766786874848);
INSERT OR IGNORE INTO cardiology_patients (id, company_id, healthcare_patient_id, primary_diagnosis, secondary_diagnoses, risk_level, has_pacemaker, has_stent, smoking_status, family_history, notes, status, created_at, updated_at) VALUES ('cardio-patient-00042', 'company-0001', 'hc-patient-cardio-00042', 'Syndrome coronarien aigu', 'Pericardite', 'high', 0, 0, 'never', 'positive_first_degree', 'Patient cardiologie', 'active', 1766786874848, 1766786874848);
INSERT OR IGNORE INTO healthcare_patients (id, company_id, first_name, last_name, date_of_birth, gender, email, phone, address, city, medical_record_number, blood_type, allergies, notes, status, created_at, updated_at) VALUES ('hc-patient-cardio-00043', 'company-0001', 'Hamid', 'Kadiri', 925917120036, 'female', 'hamid.kadiri.cardio42@email.com', '+212620611539', 'Adresse 42', 'Fes', 'MRN-C000043', 'B-', 'Aspirine', 'Patient cardiologie', 'active', 1766786874848, 1766786874848);
INSERT OR IGNORE INTO cardiology_patients (id, company_id, healthcare_patient_id, primary_diagnosis, secondary_diagnoses, risk_level, has_pacemaker, has_stent, smoking_status, family_history, notes, status, created_at, updated_at) VALUES ('cardio-patient-00043', 'company-0001', 'hc-patient-cardio-00043', 'Valvulopathie', 'Valvulopathie', 'high', 1, 1, 'former', 'none', 'Patient cardiologie', 'active', 1766786874848, 1766786874848);
INSERT OR IGNORE INTO healthcare_patients (id, company_id, first_name, last_name, date_of_birth, gender, email, phone, address, city, medical_record_number, blood_type, allergies, notes, status, created_at, updated_at) VALUES ('hc-patient-cardio-00044', 'company-0001', 'Malika', 'Sqalli', -134385270163, 'female', 'malika.sqalli.cardio43@email.com', '+212654978377', 'Adresse 43', 'Marrakech', 'MRN-C000044', 'B+', 'Aspirine', 'Patient cardiologie', 'active', 1766786874848, 1766786874848);
INSERT OR IGNORE INTO cardiology_patients (id, company_id, healthcare_patient_id, primary_diagnosis, secondary_diagnoses, risk_level, has_pacemaker, has_stent, smoking_status, family_history, notes, status, created_at, updated_at) VALUES ('cardio-patient-00044', 'company-0001', 'hc-patient-cardio-00044', 'Insuffisance cardiaque', 'Valvulopathie', 'high', 0, 0, 'current', 'none', 'Patient cardiologie', 'active', 1766786874848, 1766786874848);
INSERT OR IGNORE INTO healthcare_patients (id, company_id, first_name, last_name, date_of_birth, gender, email, phone, address, city, medical_record_number, blood_type, allergies, notes, status, created_at, updated_at) VALUES ('hc-patient-cardio-00045', 'company-0001', 'Adil', 'Benjelloun', -470862253577, 'female', 'adil.benjelloun.cardio44@email.com', '+212621406475', 'Adresse 44', 'Fes', 'MRN-C000045', 'A+', 'Aspirine', 'Patient cardiologie', 'active', 1766786874848, 1766786874848);
INSERT OR IGNORE INTO cardiology_patients (id, company_id, healthcare_patient_id, primary_diagnosis, secondary_diagnoses, risk_level, has_pacemaker, has_stent, smoking_status, family_history, notes, status, created_at, updated_at) VALUES ('cardio-patient-00045', 'company-0001', 'hc-patient-cardio-00045', 'Syndrome coronarien aigu', 'Valvulopathie', 'critical', 0, 0, 'current', 'positive_second_degree', 'Patient cardiologie', 'active', 1766786874848, 1766786874848);
INSERT OR IGNORE INTO healthcare_patients (id, company_id, first_name, last_name, date_of_birth, gender, email, phone, address, city, medical_record_number, blood_type, allergies, notes, status, created_at, updated_at) VALUES ('hc-patient-cardio-00046', 'company-0001', 'Rachid', 'Lahlou', 494672559104, 'female', 'rachid.lahlou.cardio45@email.com', '+212622208004', 'Adresse 45', 'Tanger', 'MRN-C000046', 'B+', 'Aucune', 'Patient cardiologie', 'active', 1766786874848, 1766786874848);
INSERT OR IGNORE INTO cardiology_patients (id, company_id, healthcare_patient_id, primary_diagnosis, secondary_diagnoses, risk_level, has_pacemaker, has_stent, smoking_status, family_history, notes, status, created_at, updated_at) VALUES ('cardio-patient-00046', 'company-0001', 'hc-patient-cardio-00046', 'Insuffisance cardiaque', 'Endocardite', 'critical', 1, 0, 'current', 'none', 'Patient cardiologie', 'active', 1766786874848, 1766786874848);
INSERT OR IGNORE INTO healthcare_patients (id, company_id, first_name, last_name, date_of_birth, gender, email, phone, address, city, medical_record_number, blood_type, allergies, notes, status, created_at, updated_at) VALUES ('hc-patient-cardio-00047', 'company-0001', 'Laila', 'Chraibi', 477018854183, 'male', 'laila.chraibi.cardio46@email.com', '+212670377350', 'Adresse 46', 'Marrakech', 'MRN-C000047', 'B-', 'Penicilline', 'Patient cardiologie', 'active', 1766786874848, 1766786874848);
INSERT OR IGNORE INTO cardiology_patients (id, company_id, healthcare_patient_id, primary_diagnosis, secondary_diagnoses, risk_level, has_pacemaker, has_stent, smoking_status, family_history, notes, status, created_at, updated_at) VALUES ('cardio-patient-00047', 'company-0001', 'hc-patient-cardio-00047', 'Endocardite', 'Fibrillation auriculaire', 'high', 0, 0, 'current', 'none', 'Patient cardiologie', 'active', 1766786874848, 1766786874848);
INSERT OR IGNORE INTO healthcare_patients (id, company_id, first_name, last_name, date_of_birth, gender, email, phone, address, city, medical_record_number, blood_type, allergies, notes, status, created_at, updated_at) VALUES ('hc-patient-cardio-00048', 'company-0001', 'Youssef', 'Zniber', 457262809935, 'male', 'youssef.zniber.cardio47@email.com', '+212656057970', 'Adresse 47', 'Fes', 'MRN-C000048', 'A+', 'Latex', 'Patient cardiologie', 'active', 1766786874848, 1766786874848);
INSERT OR IGNORE INTO cardiology_patients (id, company_id, healthcare_patient_id, primary_diagnosis, secondary_diagnoses, risk_level, has_pacemaker, has_stent, smoking_status, family_history, notes, status, created_at, updated_at) VALUES ('cardio-patient-00048', 'company-0001', 'hc-patient-cardio-00048', 'Insuffisance cardiaque', 'Cardiomyopathie dilatee', 'critical', 0, 1, 'never', 'positive_second_degree', 'Patient cardiologie', 'active', 1766786874848, 1766786874848);
INSERT OR IGNORE INTO healthcare_patients (id, company_id, first_name, last_name, date_of_birth, gender, email, phone, address, city, medical_record_number, blood_type, allergies, notes, status, created_at, updated_at) VALUES ('hc-patient-cardio-00049', 'company-0001', 'Adil', 'Cherkaoui', -619905655570, 'male', 'adil.cherkaoui.cardio48@email.com', '+212667029862', 'Adresse 48', 'Casablanca', 'MRN-C000049', 'O+', 'Aspirine', 'Patient cardiologie', 'active', 1766786874848, 1766786874848);
INSERT OR IGNORE INTO cardiology_patients (id, company_id, healthcare_patient_id, primary_diagnosis, secondary_diagnoses, risk_level, has_pacemaker, has_stent, smoking_status, family_history, notes, status, created_at, updated_at) VALUES ('cardio-patient-00049', 'company-0001', 'hc-patient-cardio-00049', 'Syndrome coronarien aigu', 'Pericardite', 'critical', 0, 0, 'current', 'positive_second_degree', 'Patient cardiologie', 'active', 1766786874848, 1766786874848);
INSERT OR IGNORE INTO healthcare_patients (id, company_id, first_name, last_name, date_of_birth, gender, email, phone, address, city, medical_record_number, blood_type, allergies, notes, status, created_at, updated_at) VALUES ('hc-patient-cardio-00050', 'company-0001', 'Naima', 'Chraibi', -323747496762, 'male', 'naima.chraibi.cardio49@email.com', '+212698378189', 'Adresse 49', 'Agadir', 'MRN-C000050', 'B+', 'Penicilline', 'Patient cardiologie', 'active', 1766786874848, 1766786874848);
INSERT OR IGNORE INTO cardiology_patients (id, company_id, healthcare_patient_id, primary_diagnosis, secondary_diagnoses, risk_level, has_pacemaker, has_stent, smoking_status, family_history, notes, status, created_at, updated_at) VALUES ('cardio-patient-00050', 'company-0001', 'hc-patient-cardio-00050', 'Insuffisance cardiaque', 'Syndrome coronarien aigu', 'critical', 0, 0, 'never', 'none', 'Patient cardiologie', 'active', 1766786874848, 1766786874848);
INSERT OR IGNORE INTO healthcare_patients (id, company_id, first_name, last_name, date_of_birth, gender, email, phone, address, city, medical_record_number, blood_type, allergies, notes, status, created_at, updated_at) VALUES ('hc-patient-cardio-00051', 'company-0001', 'Zakaria', 'Bennani', 501570819577, 'male', 'zakaria.bennani.cardio50@email.com', '+212603281437', 'Adresse 50', 'Rabat', 'MRN-C000051', 'AB+', 'Latex', 'Patient cardiologie', 'active', 1766786874848, 1766786874848);
INSERT OR IGNORE INTO cardiology_patients (id, company_id, healthcare_patient_id, primary_diagnosis, secondary_diagnoses, risk_level, has_pacemaker, has_stent, smoking_status, family_history, notes, status, created_at, updated_at) VALUES ('cardio-patient-00051', 'company-0001', 'hc-patient-cardio-00051', 'Insuffisance cardiaque', 'Hypertension arterielle', 'medium', 0, 0, 'current', 'positive_second_degree', 'Patient cardiologie', 'active', 1766786874848, 1766786874848);
INSERT OR IGNORE INTO healthcare_patients (id, company_id, first_name, last_name, date_of_birth, gender, email, phone, address, city, medical_record_number, blood_type, allergies, notes, status, created_at, updated_at) VALUES ('hc-patient-cardio-00052', 'company-0001', 'Imane', 'Lahrichi', 66861184257, 'male', 'imane.lahrichi.cardio51@email.com', '+212625693687', 'Adresse 51', 'Casablanca', 'MRN-C000052', 'A+', 'Aucune', 'Patient cardiologie', 'active', 1766786874848, 1766786874848);
INSERT OR IGNORE INTO cardiology_patients (id, company_id, healthcare_patient_id, primary_diagnosis, secondary_diagnoses, risk_level, has_pacemaker, has_stent, smoking_status, family_history, notes, status, created_at, updated_at) VALUES ('cardio-patient-00052', 'company-0001', 'hc-patient-cardio-00052', 'Hypertension arterielle', 'Pericardite', 'medium', 0, 1, 'never', 'none', 'Patient cardiologie', 'active', 1766786874848, 1766786874848);
INSERT OR IGNORE INTO healthcare_patients (id, company_id, first_name, last_name, date_of_birth, gender, email, phone, address, city, medical_record_number, blood_type, allergies, notes, status, created_at, updated_at) VALUES ('hc-patient-cardio-00053', 'company-0001', 'Houda', 'Berrada', 854489080621, 'male', 'houda.berrada.cardio52@email.com', '+212611975202', 'Adresse 52', 'Casablanca', 'MRN-C000053', 'O-', 'Aucune', 'Patient cardiologie', 'active', 1766786874848, 1766786874848);
INSERT OR IGNORE INTO cardiology_patients (id, company_id, healthcare_patient_id, primary_diagnosis, secondary_diagnoses, risk_level, has_pacemaker, has_stent, smoking_status, family_history, notes, status, created_at, updated_at) VALUES ('cardio-patient-00053', 'company-0001', 'hc-patient-cardio-00053', 'Cardiomyopathie dilatee', 'Endocardite', 'medium', 0, 0, 'former', 'none', 'Patient cardiologie', 'active', 1766786874848, 1766786874848);
INSERT OR IGNORE INTO healthcare_patients (id, company_id, first_name, last_name, date_of_birth, gender, email, phone, address, city, medical_record_number, blood_type, allergies, notes, status, created_at, updated_at) VALUES ('hc-patient-cardio-00054', 'company-0001', 'Samir', 'Fassi Fihri', -632836536870, 'female', 'samir.fassi fihri.cardio53@email.com', '+212654348651', 'Adresse 53', 'Rabat', 'MRN-C000054', 'O-', 'Aspirine', 'Patient cardiologie', 'active', 1766786874848, 1766786874848);
INSERT OR IGNORE INTO cardiology_patients (id, company_id, healthcare_patient_id, primary_diagnosis, secondary_diagnoses, risk_level, has_pacemaker, has_stent, smoking_status, family_history, notes, status, created_at, updated_at) VALUES ('cardio-patient-00054', 'company-0001', 'hc-patient-cardio-00054', 'Arythmie ventriculaire', 'Cardiomyopathie dilatee', 'low', 0, 1, 'current', 'positive_first_degree', 'Patient cardiologie', 'active', 1766786874848, 1766786874848);
INSERT OR IGNORE INTO healthcare_patients (id, company_id, first_name, last_name, date_of_birth, gender, email, phone, address, city, medical_record_number, blood_type, allergies, notes, status, created_at, updated_at) VALUES ('hc-patient-cardio-00055', 'company-0001', 'Ghita', 'Naciri', 364023328631, 'female', 'ghita.naciri.cardio54@email.com', '+212635591023', 'Adresse 54', 'Agadir', 'MRN-C000055', 'A+', 'Penicilline', 'Patient cardiologie', 'active', 1766786874848, 1766786874848);
INSERT OR IGNORE INTO cardiology_patients (id, company_id, healthcare_patient_id, primary_diagnosis, secondary_diagnoses, risk_level, has_pacemaker, has_stent, smoking_status, family_history, notes, status, created_at, updated_at) VALUES ('cardio-patient-00055', 'company-0001', 'hc-patient-cardio-00055', 'Valvulopathie', 'Cardiomyopathie dilatee', 'critical', 0, 0, 'former', 'positive_second_degree', 'Patient cardiologie', 'active', 1766786874848, 1766786874848);
INSERT OR IGNORE INTO healthcare_patients (id, company_id, first_name, last_name, date_of_birth, gender, email, phone, address, city, medical_record_number, blood_type, allergies, notes, status, created_at, updated_at) VALUES ('hc-patient-cardio-00056', 'company-0001', 'Mehdi', 'Zniber', 586864317649, 'male', 'mehdi.zniber.cardio55@email.com', '+212621183187', 'Adresse 55', 'Fes', 'MRN-C000056', 'O-', 'Sulfamides', 'Patient cardiologie', 'active', 1766786874848, 1766786874848);
INSERT OR IGNORE INTO cardiology_patients (id, company_id, healthcare_patient_id, primary_diagnosis, secondary_diagnoses, risk_level, has_pacemaker, has_stent, smoking_status, family_history, notes, status, created_at, updated_at) VALUES ('cardio-patient-00056', 'company-0001', 'hc-patient-cardio-00056', 'Valvulopathie', 'Hypertension arterielle', 'medium', 0, 0, 'current', 'positive_first_degree', 'Patient cardiologie', 'active', 1766786874848, 1766786874848);
INSERT OR IGNORE INTO healthcare_patients (id, company_id, first_name, last_name, date_of_birth, gender, email, phone, address, city, medical_record_number, blood_type, allergies, notes, status, created_at, updated_at) VALUES ('hc-patient-cardio-00057', 'company-0001', 'Rachid', 'Jabri', -335975132876, 'female', 'rachid.jabri.cardio56@email.com', '+212633735730', 'Adresse 56', 'Rabat', 'MRN-C000057', 'B+', 'Sulfamides', 'Patient cardiologie', 'active', 1766786874848, 1766786874848);
INSERT OR IGNORE INTO cardiology_patients (id, company_id, healthcare_patient_id, primary_diagnosis, secondary_diagnoses, risk_level, has_pacemaker, has_stent, smoking_status, family_history, notes, status, created_at, updated_at) VALUES ('cardio-patient-00057', 'company-0001', 'hc-patient-cardio-00057', 'Cardiopathie ischemique', 'Syndrome coronarien aigu', 'high', 1, 1, 'former', 'positive_second_degree', 'Patient cardiologie', 'active', 1766786874848, 1766786874848);
INSERT OR IGNORE INTO healthcare_patients (id, company_id, first_name, last_name, date_of_birth, gender, email, phone, address, city, medical_record_number, blood_type, allergies, notes, status, created_at, updated_at) VALUES ('hc-patient-cardio-00058', 'company-0001', 'Omar', 'Idrissi', -848721926490, 'male', 'omar.idrissi.cardio57@email.com', '+212696538515', 'Adresse 57', 'Marrakech', 'MRN-C000058', 'B+', 'Sulfamides', 'Patient cardiologie', 'active', 1766786874848, 1766786874848);
INSERT OR IGNORE INTO cardiology_patients (id, company_id, healthcare_patient_id, primary_diagnosis, secondary_diagnoses, risk_level, has_pacemaker, has_stent, smoking_status, family_history, notes, status, created_at, updated_at) VALUES ('cardio-patient-00058', 'company-0001', 'hc-patient-cardio-00058', 'Pericardite', 'Valvulopathie', 'critical', 0, 0, 'never', 'positive_first_degree', 'Patient cardiologie', 'active', 1766786874848, 1766786874848);
INSERT OR IGNORE INTO healthcare_patients (id, company_id, first_name, last_name, date_of_birth, gender, email, phone, address, city, medical_record_number, blood_type, allergies, notes, status, created_at, updated_at) VALUES ('hc-patient-cardio-00059', 'company-0001', 'Jamal', 'Tahiri', -373654685097, 'female', 'jamal.tahiri.cardio58@email.com', '+212682621331', 'Adresse 58', 'Marrakech', 'MRN-C000059', 'O-', 'Aspirine', 'Patient cardiologie', 'active', 1766786874848, 1766786874848);
INSERT OR IGNORE INTO cardiology_patients (id, company_id, healthcare_patient_id, primary_diagnosis, secondary_diagnoses, risk_level, has_pacemaker, has_stent, smoking_status, family_history, notes, status, created_at, updated_at) VALUES ('cardio-patient-00059', 'company-0001', 'hc-patient-cardio-00059', 'Arythmie ventriculaire', 'Cardiopathie ischemique', 'low', 0, 0, 'current', 'none', 'Patient cardiologie', 'active', 1766786874848, 1766786874848);
INSERT OR IGNORE INTO healthcare_patients (id, company_id, first_name, last_name, date_of_birth, gender, email, phone, address, city, medical_record_number, blood_type, allergies, notes, status, created_at, updated_at) VALUES ('hc-patient-cardio-00060', 'company-0001', 'Siham', 'Alaoui', 436600542213, 'female', 'siham.alaoui.cardio59@email.com', '+212633670409', 'Adresse 59', 'Fes', 'MRN-C000060', 'A+', 'Penicilline', 'Patient cardiologie', 'active', 1766786874848, 1766786874848);
INSERT OR IGNORE INTO cardiology_patients (id, company_id, healthcare_patient_id, primary_diagnosis, secondary_diagnoses, risk_level, has_pacemaker, has_stent, smoking_status, family_history, notes, status, created_at, updated_at) VALUES ('cardio-patient-00060', 'company-0001', 'hc-patient-cardio-00060', 'Endocardite', 'Endocardite', 'critical', 0, 0, 'former', 'positive_first_degree', 'Patient cardiologie', 'active', 1766786874848, 1766786874848);
INSERT OR IGNORE INTO healthcare_patients (id, company_id, first_name, last_name, date_of_birth, gender, email, phone, address, city, medical_record_number, blood_type, allergies, notes, status, created_at, updated_at) VALUES ('hc-patient-cardio-00061', 'company-0001', 'Imane', 'Zniber', 207340298699, 'male', 'imane.zniber.cardio60@email.com', '+212617825862', 'Adresse 60', 'Fes', 'MRN-C000061', 'B-', 'Latex', 'Patient cardiologie', 'active', 1766786874849, 1766786874849);
INSERT OR IGNORE INTO cardiology_patients (id, company_id, healthcare_patient_id, primary_diagnosis, secondary_diagnoses, risk_level, has_pacemaker, has_stent, smoking_status, family_history, notes, status, created_at, updated_at) VALUES ('cardio-patient-00061', 'company-0001', 'hc-patient-cardio-00061', 'Cardiomyopathie dilatee', 'Fibrillation auriculaire', 'critical', 0, 0, 'never', 'none', 'Patient cardiologie', 'active', 1766786874849, 1766786874849);
INSERT OR IGNORE INTO healthcare_patients (id, company_id, first_name, last_name, date_of_birth, gender, email, phone, address, city, medical_record_number, blood_type, allergies, notes, status, created_at, updated_at) VALUES ('hc-patient-cardio-00062', 'company-0001', 'Hanane', 'Mansouri', 404162990913, 'female', 'hanane.mansouri.cardio61@email.com', '+212660400523', 'Adresse 61', 'Agadir', 'MRN-C000062', 'AB-', 'Aucune', 'Patient cardiologie', 'active', 1766786874849, 1766786874849);
INSERT OR IGNORE INTO cardiology_patients (id, company_id, healthcare_patient_id, primary_diagnosis, secondary_diagnoses, risk_level, has_pacemaker, has_stent, smoking_status, family_history, notes, status, created_at, updated_at) VALUES ('cardio-patient-00062', 'company-0001', 'hc-patient-cardio-00062', 'Insuffisance cardiaque', 'Valvulopathie', 'critical', 0, 0, 'never', 'positive_second_degree', 'Patient cardiologie', 'active', 1766786874849, 1766786874849);
INSERT OR IGNORE INTO healthcare_patients (id, company_id, first_name, last_name, date_of_birth, gender, email, phone, address, city, medical_record_number, blood_type, allergies, notes, status, created_at, updated_at) VALUES ('hc-patient-cardio-00063', 'company-0001', 'Najat', 'Guerraoui', 611330466514, 'female', 'najat.guerraoui.cardio62@email.com', '+212674508548', 'Adresse 62', 'Casablanca', 'MRN-C000063', 'B-', 'Aspirine', 'Patient cardiologie', 'active', 1766786874849, 1766786874849);
INSERT OR IGNORE INTO cardiology_patients (id, company_id, healthcare_patient_id, primary_diagnosis, secondary_diagnoses, risk_level, has_pacemaker, has_stent, smoking_status, family_history, notes, status, created_at, updated_at) VALUES ('cardio-patient-00063', 'company-0001', 'hc-patient-cardio-00063', 'Insuffisance cardiaque', 'Pericardite', 'low', 0, 0, 'never', 'none', 'Patient cardiologie', 'active', 1766786874849, 1766786874849);
INSERT OR IGNORE INTO healthcare_patients (id, company_id, first_name, last_name, date_of_birth, gender, email, phone, address, city, medical_record_number, blood_type, allergies, notes, status, created_at, updated_at) VALUES ('hc-patient-cardio-00064', 'company-0001', 'Aziz', 'Chraibi', -177296154629, 'female', 'aziz.chraibi.cardio63@email.com', '+212622044947', 'Adresse 63', 'Casablanca', 'MRN-C000064', 'A-', 'Iode', 'Patient cardiologie', 'active', 1766786874849, 1766786874849);
INSERT OR IGNORE INTO cardiology_patients (id, company_id, healthcare_patient_id, primary_diagnosis, secondary_diagnoses, risk_level, has_pacemaker, has_stent, smoking_status, family_history, notes, status, created_at, updated_at) VALUES ('cardio-patient-00064', 'company-0001', 'hc-patient-cardio-00064', 'Cardiomyopathie dilatee', 'Endocardite', 'critical', 0, 0, 'former', 'positive_second_degree', 'Patient cardiologie', 'active', 1766786874849, 1766786874849);
INSERT OR IGNORE INTO healthcare_patients (id, company_id, first_name, last_name, date_of_birth, gender, email, phone, address, city, medical_record_number, blood_type, allergies, notes, status, created_at, updated_at) VALUES ('hc-patient-cardio-00065', 'company-0001', 'Ghita', 'Lahlou', -174324357450, 'female', 'ghita.lahlou.cardio64@email.com', '+212610460969', 'Adresse 64', 'Fes', 'MRN-C000065', 'O-', 'Penicilline', 'Patient cardiologie', 'active', 1766786874849, 1766786874849);
INSERT OR IGNORE INTO cardiology_patients (id, company_id, healthcare_patient_id, primary_diagnosis, secondary_diagnoses, risk_level, has_pacemaker, has_stent, smoking_status, family_history, notes, status, created_at, updated_at) VALUES ('cardio-patient-00065', 'company-0001', 'hc-patient-cardio-00065', 'Hypertension arterielle', 'Hypertension arterielle', 'low', 0, 0, 'never', 'none', 'Patient cardiologie', 'active', 1766786874849, 1766786874849);
INSERT OR IGNORE INTO healthcare_patients (id, company_id, first_name, last_name, date_of_birth, gender, email, phone, address, city, medical_record_number, blood_type, allergies, notes, status, created_at, updated_at) VALUES ('hc-patient-cardio-00066', 'company-0001', 'Latifa', 'Lahlou', 646246238042, 'male', 'latifa.lahlou.cardio65@email.com', '+212699577190', 'Adresse 65', 'Casablanca', 'MRN-C000066', 'B-', 'Iode', 'Patient cardiologie', 'active', 1766786874849, 1766786874849);
INSERT OR IGNORE INTO cardiology_patients (id, company_id, healthcare_patient_id, primary_diagnosis, secondary_diagnoses, risk_level, has_pacemaker, has_stent, smoking_status, family_history, notes, status, created_at, updated_at) VALUES ('cardio-patient-00066', 'company-0001', 'hc-patient-cardio-00066', 'Fibrillation auriculaire', 'Fibrillation auriculaire', 'low', 0, 0, 'never', 'none', 'Patient cardiologie', 'active', 1766786874849, 1766786874849);
INSERT OR IGNORE INTO healthcare_patients (id, company_id, first_name, last_name, date_of_birth, gender, email, phone, address, city, medical_record_number, blood_type, allergies, notes, status, created_at, updated_at) VALUES ('hc-patient-cardio-00067', 'company-0001', 'Latifa', 'Kettani', 118703255755, 'male', 'latifa.kettani.cardio66@email.com', '+212658181698', 'Adresse 66', 'Tanger', 'MRN-C000067', 'A+', 'Aspirine', 'Patient cardiologie', 'active', 1766786874849, 1766786874849);
INSERT OR IGNORE INTO cardiology_patients (id, company_id, healthcare_patient_id, primary_diagnosis, secondary_diagnoses, risk_level, has_pacemaker, has_stent, smoking_status, family_history, notes, status, created_at, updated_at) VALUES ('cardio-patient-00067', 'company-0001', 'hc-patient-cardio-00067', 'Hypertension arterielle', 'Valvulopathie', 'medium', 1, 0, 'never', 'none', 'Patient cardiologie', 'active', 1766786874849, 1766786874849);
INSERT OR IGNORE INTO healthcare_patients (id, company_id, first_name, last_name, date_of_birth, gender, email, phone, address, city, medical_record_number, blood_type, allergies, notes, status, created_at, updated_at) VALUES ('hc-patient-cardio-00068', 'company-0001', 'Karima', 'Bennani', 482433331033, 'male', 'karima.bennani.cardio67@email.com', '+212681202924', 'Adresse 67', 'Marrakech', 'MRN-C000068', 'O-', 'Aucune', 'Patient cardiologie', 'active', 1766786874849, 1766786874849);
INSERT OR IGNORE INTO cardiology_patients (id, company_id, healthcare_patient_id, primary_diagnosis, secondary_diagnoses, risk_level, has_pacemaker, has_stent, smoking_status, family_history, notes, status, created_at, updated_at) VALUES ('cardio-patient-00068', 'company-0001', 'hc-patient-cardio-00068', 'Syndrome coronarien aigu', 'Syndrome coronarien aigu', 'critical', 0, 0, 'never', 'positive_first_degree', 'Patient cardiologie', 'active', 1766786874849, 1766786874849);
INSERT OR IGNORE INTO healthcare_patients (id, company_id, first_name, last_name, date_of_birth, gender, email, phone, address, city, medical_record_number, blood_type, allergies, notes, status, created_at, updated_at) VALUES ('hc-patient-cardio-00069', 'company-0001', 'Mehdi', 'Jabri', -288783980083, 'female', 'mehdi.jabri.cardio68@email.com', '+212632919529', 'Adresse 68', 'Tanger', 'MRN-C000069', 'A+', 'Aucune', 'Patient cardiologie', 'active', 1766786874849, 1766786874849);
INSERT OR IGNORE INTO cardiology_patients (id, company_id, healthcare_patient_id, primary_diagnosis, secondary_diagnoses, risk_level, has_pacemaker, has_stent, smoking_status, family_history, notes, status, created_at, updated_at) VALUES ('cardio-patient-00069', 'company-0001', 'hc-patient-cardio-00069', 'Endocardite', 'Valvulopathie', 'low', 0, 0, 'current', 'positive_second_degree', 'Patient cardiologie', 'active', 1766786874849, 1766786874849);
INSERT OR IGNORE INTO healthcare_patients (id, company_id, first_name, last_name, date_of_birth, gender, email, phone, address, city, medical_record_number, blood_type, allergies, notes, status, created_at, updated_at) VALUES ('hc-patient-cardio-00070', 'company-0001', 'Omar', 'Sefrioui', 215310972484, 'female', 'omar.sefrioui.cardio69@email.com', '+212620311580', 'Adresse 69', 'Tanger', 'MRN-C000070', 'B-', 'Aspirine', 'Patient cardiologie', 'active', 1766786874849, 1766786874849);
INSERT OR IGNORE INTO cardiology_patients (id, company_id, healthcare_patient_id, primary_diagnosis, secondary_diagnoses, risk_level, has_pacemaker, has_stent, smoking_status, family_history, notes, status, created_at, updated_at) VALUES ('cardio-patient-00070', 'company-0001', 'hc-patient-cardio-00070', 'Valvulopathie', 'Cardiopathie ischemique', 'high', 0, 0, 'never', 'none', 'Patient cardiologie', 'active', 1766786874849, 1766786874849);
INSERT OR IGNORE INTO healthcare_patients (id, company_id, first_name, last_name, date_of_birth, gender, email, phone, address, city, medical_record_number, blood_type, allergies, notes, status, created_at, updated_at) VALUES ('hc-patient-cardio-00071', 'company-0001', 'Nadia', 'Lahlou', 611190875423, 'female', 'nadia.lahlou.cardio70@email.com', '+212634361851', 'Adresse 70', 'Rabat', 'MRN-C000071', 'A-', 'Aspirine', 'Patient cardiologie', 'active', 1766786874849, 1766786874849);
INSERT OR IGNORE INTO cardiology_patients (id, company_id, healthcare_patient_id, primary_diagnosis, secondary_diagnoses, risk_level, has_pacemaker, has_stent, smoking_status, family_history, notes, status, created_at, updated_at) VALUES ('cardio-patient-00071', 'company-0001', 'hc-patient-cardio-00071', 'Cardiomyopathie dilatee', 'Syndrome coronarien aigu', 'low', 0, 0, 'never', 'none', 'Patient cardiologie', 'active', 1766786874849, 1766786874849);
INSERT OR IGNORE INTO healthcare_patients (id, company_id, first_name, last_name, date_of_birth, gender, email, phone, address, city, medical_record_number, blood_type, allergies, notes, status, created_at, updated_at) VALUES ('hc-patient-cardio-00072', 'company-0001', 'Fatima', 'Benkirane', -313945294964, 'male', 'fatima.benkirane.cardio71@email.com', '+212608484146', 'Adresse 71', 'Rabat', 'MRN-C000072', 'AB+', 'Aspirine', 'Patient cardiologie', 'active', 1766786874849, 1766786874849);
INSERT OR IGNORE INTO cardiology_patients (id, company_id, healthcare_patient_id, primary_diagnosis, secondary_diagnoses, risk_level, has_pacemaker, has_stent, smoking_status, family_history, notes, status, created_at, updated_at) VALUES ('cardio-patient-00072', 'company-0001', 'hc-patient-cardio-00072', 'Syndrome coronarien aigu', 'Cardiomyopathie dilatee', 'medium', 0, 0, 'former', 'positive_second_degree', 'Patient cardiologie', 'active', 1766786874849, 1766786874849);
INSERT OR IGNORE INTO healthcare_patients (id, company_id, first_name, last_name, date_of_birth, gender, email, phone, address, city, medical_record_number, blood_type, allergies, notes, status, created_at, updated_at) VALUES ('hc-patient-cardio-00073', 'company-0001', 'Laila', 'Zniber', -486028285411, 'male', 'laila.zniber.cardio72@email.com', '+212621141338', 'Adresse 72', 'Agadir', 'MRN-C000073', 'A+', 'Aspirine', 'Patient cardiologie', 'active', 1766786874849, 1766786874849);
INSERT OR IGNORE INTO cardiology_patients (id, company_id, healthcare_patient_id, primary_diagnosis, secondary_diagnoses, risk_level, has_pacemaker, has_stent, smoking_status, family_history, notes, status, created_at, updated_at) VALUES ('cardio-patient-00073', 'company-0001', 'hc-patient-cardio-00073', 'Syndrome coronarien aigu', 'Endocardite', 'critical', 0, 1, 'former', 'positive_second_degree', 'Patient cardiologie', 'active', 1766786874849, 1766786874849);
INSERT OR IGNORE INTO healthcare_patients (id, company_id, first_name, last_name, date_of_birth, gender, email, phone, address, city, medical_record_number, blood_type, allergies, notes, status, created_at, updated_at) VALUES ('hc-patient-cardio-00074', 'company-0001', 'Houda', 'Naciri', 904810142063, 'female', 'houda.naciri.cardio73@email.com', '+212631894593', 'Adresse 73', 'Tanger', 'MRN-C000074', 'O-', 'Penicilline', 'Patient cardiologie', 'active', 1766786874849, 1766786874849);
INSERT OR IGNORE INTO cardiology_patients (id, company_id, healthcare_patient_id, primary_diagnosis, secondary_diagnoses, risk_level, has_pacemaker, has_stent, smoking_status, family_history, notes, status, created_at, updated_at) VALUES ('cardio-patient-00074', 'company-0001', 'hc-patient-cardio-00074', 'Cardiopathie ischemique', 'Syndrome coronarien aigu', 'high', 1, 0, 'former', 'positive_first_degree', 'Patient cardiologie', 'active', 1766786874849, 1766786874849);
INSERT OR IGNORE INTO healthcare_patients (id, company_id, first_name, last_name, date_of_birth, gender, email, phone, address, city, medical_record_number, blood_type, allergies, notes, status, created_at, updated_at) VALUES ('hc-patient-cardio-00075', 'company-0001', 'Driss', 'Ouazzani', -609045356710, 'female', 'driss.ouazzani.cardio74@email.com', '+212632827274', 'Adresse 74', 'Marrakech', 'MRN-C000075', 'A+', 'Latex', 'Patient cardiologie', 'active', 1766786874849, 1766786874849);
INSERT OR IGNORE INTO cardiology_patients (id, company_id, healthcare_patient_id, primary_diagnosis, secondary_diagnoses, risk_level, has_pacemaker, has_stent, smoking_status, family_history, notes, status, created_at, updated_at) VALUES ('cardio-patient-00075', 'company-0001', 'hc-patient-cardio-00075', 'Insuffisance cardiaque', 'Insuffisance cardiaque', 'low', 0, 1, 'never', 'positive_second_degree', 'Patient cardiologie', 'active', 1766786874849, 1766786874849);
INSERT OR IGNORE INTO healthcare_patients (id, company_id, first_name, last_name, date_of_birth, gender, email, phone, address, city, medical_record_number, blood_type, allergies, notes, status, created_at, updated_at) VALUES ('hc-patient-cardio-00076', 'company-0001', 'Driss', 'Ouazzani', -837581009155, 'female', 'driss.ouazzani.cardio75@email.com', '+212654971414', 'Adresse 75', 'Tanger', 'MRN-C000076', 'O-', 'Penicilline', 'Patient cardiologie', 'active', 1766786874849, 1766786874849);
INSERT OR IGNORE INTO cardiology_patients (id, company_id, healthcare_patient_id, primary_diagnosis, secondary_diagnoses, risk_level, has_pacemaker, has_stent, smoking_status, family_history, notes, status, created_at, updated_at) VALUES ('cardio-patient-00076', 'company-0001', 'hc-patient-cardio-00076', 'Pericardite', 'Fibrillation auriculaire', 'medium', 1, 0, 'never', 'none', 'Patient cardiologie', 'active', 1766786874849, 1766786874849);
INSERT OR IGNORE INTO healthcare_patients (id, company_id, first_name, last_name, date_of_birth, gender, email, phone, address, city, medical_record_number, blood_type, allergies, notes, status, created_at, updated_at) VALUES ('hc-patient-cardio-00077', 'company-0001', 'Fatima', 'Tazi', 266196649222, 'male', 'fatima.tazi.cardio76@email.com', '+212609603697', 'Adresse 76', 'Tanger', 'MRN-C000077', 'B+', 'Penicilline', 'Patient cardiologie', 'active', 1766786874849, 1766786874849);
INSERT OR IGNORE INTO cardiology_patients (id, company_id, healthcare_patient_id, primary_diagnosis, secondary_diagnoses, risk_level, has_pacemaker, has_stent, smoking_status, family_history, notes, status, created_at, updated_at) VALUES ('cardio-patient-00077', 'company-0001', 'hc-patient-cardio-00077', 'Arythmie ventriculaire', 'Cardiomyopathie dilatee', 'medium', 0, 1, 'former', 'positive_second_degree', 'Patient cardiologie', 'active', 1766786874849, 1766786874849);
INSERT OR IGNORE INTO healthcare_patients (id, company_id, first_name, last_name, date_of_birth, gender, email, phone, address, city, medical_record_number, blood_type, allergies, notes, status, created_at, updated_at) VALUES ('hc-patient-cardio-00078', 'company-0001', 'Amina', 'El Fassi', -734065083078, 'male', 'amina.el fassi.cardio77@email.com', '+212675550894', 'Adresse 77', 'Casablanca', 'MRN-C000078', 'AB-', 'Aucune', 'Patient cardiologie', 'active', 1766786874849, 1766786874849);
INSERT OR IGNORE INTO cardiology_patients (id, company_id, healthcare_patient_id, primary_diagnosis, secondary_diagnoses, risk_level, has_pacemaker, has_stent, smoking_status, family_history, notes, status, created_at, updated_at) VALUES ('cardio-patient-00078', 'company-0001', 'hc-patient-cardio-00078', 'Valvulopathie', 'Insuffisance cardiaque', 'low', 0, 0, 'current', 'none', 'Patient cardiologie', 'active', 1766786874849, 1766786874849);
INSERT OR IGNORE INTO healthcare_patients (id, company_id, first_name, last_name, date_of_birth, gender, email, phone, address, city, medical_record_number, blood_type, allergies, notes, status, created_at, updated_at) VALUES ('hc-patient-cardio-00079', 'company-0001', 'Driss', 'Zniber', -448119544473, 'female', 'driss.zniber.cardio78@email.com', '+212618613406', 'Adresse 78', 'Casablanca', 'MRN-C000079', 'A+', 'Latex', 'Patient cardiologie', 'active', 1766786874849, 1766786874849);
INSERT OR IGNORE INTO cardiology_patients (id, company_id, healthcare_patient_id, primary_diagnosis, secondary_diagnoses, risk_level, has_pacemaker, has_stent, smoking_status, family_history, notes, status, created_at, updated_at) VALUES ('cardio-patient-00079', 'company-0001', 'hc-patient-cardio-00079', 'Syndrome coronarien aigu', 'Fibrillation auriculaire', 'low', 0, 0, 'former', 'none', 'Patient cardiologie', 'active', 1766786874849, 1766786874849);
INSERT OR IGNORE INTO healthcare_patients (id, company_id, first_name, last_name, date_of_birth, gender, email, phone, address, city, medical_record_number, blood_type, allergies, notes, status, created_at, updated_at) VALUES ('hc-patient-cardio-00080', 'company-0001', 'Houda', 'Sefrioui', -859151772985, 'female', 'houda.sefrioui.cardio79@email.com', '+212684050598', 'Adresse 79', 'Marrakech', 'MRN-C000080', 'A-', 'Penicilline', 'Patient cardiologie', 'active', 1766786874849, 1766786874849);
INSERT OR IGNORE INTO cardiology_patients (id, company_id, healthcare_patient_id, primary_diagnosis, secondary_diagnoses, risk_level, has_pacemaker, has_stent, smoking_status, family_history, notes, status, created_at, updated_at) VALUES ('cardio-patient-00080', 'company-0001', 'hc-patient-cardio-00080', 'Insuffisance cardiaque', 'Insuffisance cardiaque', 'critical', 1, 0, 'former', 'positive_first_degree', 'Patient cardiologie', 'active', 1766786874849, 1766786874849);
INSERT OR IGNORE INTO healthcare_patients (id, company_id, first_name, last_name, date_of_birth, gender, email, phone, address, city, medical_record_number, blood_type, allergies, notes, status, created_at, updated_at) VALUES ('hc-patient-cardio-00081', 'company-0001', 'Reda', 'Ouazzani', 294852900801, 'male', 'reda.ouazzani.cardio80@email.com', '+212601162466', 'Adresse 80', 'Agadir', 'MRN-C000081', 'B+', 'Aspirine', 'Patient cardiologie', 'active', 1766786874849, 1766786874849);
INSERT OR IGNORE INTO cardiology_patients (id, company_id, healthcare_patient_id, primary_diagnosis, secondary_diagnoses, risk_level, has_pacemaker, has_stent, smoking_status, family_history, notes, status, created_at, updated_at) VALUES ('cardio-patient-00081', 'company-0001', 'hc-patient-cardio-00081', 'Fibrillation auriculaire', 'Endocardite', 'medium', 0, 0, 'never', 'positive_first_degree', 'Patient cardiologie', 'active', 1766786874849, 1766786874849);
INSERT OR IGNORE INTO healthcare_patients (id, company_id, first_name, last_name, date_of_birth, gender, email, phone, address, city, medical_record_number, blood_type, allergies, notes, status, created_at, updated_at) VALUES ('hc-patient-cardio-00082', 'company-0001', 'Hassan', 'Kadiri', -226305090020, 'male', 'hassan.kadiri.cardio81@email.com', '+212633934213', 'Adresse 81', 'Rabat', 'MRN-C000082', 'O+', 'Aspirine', 'Patient cardiologie', 'active', 1766786874849, 1766786874849);
INSERT OR IGNORE INTO cardiology_patients (id, company_id, healthcare_patient_id, primary_diagnosis, secondary_diagnoses, risk_level, has_pacemaker, has_stent, smoking_status, family_history, notes, status, created_at, updated_at) VALUES ('cardio-patient-00082', 'company-0001', 'hc-patient-cardio-00082', 'Endocardite', 'Cardiopathie ischemique', 'critical', 0, 0, 'current', 'none', 'Patient cardiologie', 'active', 1766786874849, 1766786874849);
INSERT OR IGNORE INTO healthcare_patients (id, company_id, first_name, last_name, date_of_birth, gender, email, phone, address, city, medical_record_number, blood_type, allergies, notes, status, created_at, updated_at) VALUES ('hc-patient-cardio-00083', 'company-0001', 'Ismail', 'Guerraoui', 867961857972, 'female', 'ismail.guerraoui.cardio82@email.com', '+212659054044', 'Adresse 82', 'Agadir', 'MRN-C000083', 'B-', 'Sulfamides', 'Patient cardiologie', 'active', 1766786874849, 1766786874849);
INSERT OR IGNORE INTO cardiology_patients (id, company_id, healthcare_patient_id, primary_diagnosis, secondary_diagnoses, risk_level, has_pacemaker, has_stent, smoking_status, family_history, notes, status, created_at, updated_at) VALUES ('cardio-patient-00083', 'company-0001', 'hc-patient-cardio-00083', 'Endocardite', 'Cardiopathie ischemique', 'high', 1, 0, 'never', 'positive_second_degree', 'Patient cardiologie', 'active', 1766786874849, 1766786874849);
INSERT OR IGNORE INTO healthcare_patients (id, company_id, first_name, last_name, date_of_birth, gender, email, phone, address, city, medical_record_number, blood_type, allergies, notes, status, created_at, updated_at) VALUES ('hc-patient-cardio-00084', 'company-0001', 'Siham', 'Benhima', -935634047590, 'male', 'siham.benhima.cardio83@email.com', '+212645860889', 'Adresse 83', 'Tanger', 'MRN-C000084', 'O-', 'Aspirine', 'Patient cardiologie', 'active', 1766786874849, 1766786874849);
INSERT OR IGNORE INTO cardiology_patients (id, company_id, healthcare_patient_id, primary_diagnosis, secondary_diagnoses, risk_level, has_pacemaker, has_stent, smoking_status, family_history, notes, status, created_at, updated_at) VALUES ('cardio-patient-00084', 'company-0001', 'hc-patient-cardio-00084', 'Cardiopathie ischemique', 'Pericardite', 'low', 1, 0, 'current', 'positive_second_degree', 'Patient cardiologie', 'active', 1766786874849, 1766786874849);
INSERT OR IGNORE INTO healthcare_patients (id, company_id, first_name, last_name, date_of_birth, gender, email, phone, address, city, medical_record_number, blood_type, allergies, notes, status, created_at, updated_at) VALUES ('hc-patient-cardio-00085', 'company-0001', 'Nabil', 'Kadiri', -366423480708, 'female', 'nabil.kadiri.cardio84@email.com', '+212616059647', 'Adresse 84', 'Fes', 'MRN-C000085', 'AB-', 'Iode', 'Patient cardiologie', 'active', 1766786874849, 1766786874849);
INSERT OR IGNORE INTO cardiology_patients (id, company_id, healthcare_patient_id, primary_diagnosis, secondary_diagnoses, risk_level, has_pacemaker, has_stent, smoking_status, family_history, notes, status, created_at, updated_at) VALUES ('cardio-patient-00085', 'company-0001', 'hc-patient-cardio-00085', 'Fibrillation auriculaire', 'Cardiopathie ischemique', 'low', 0, 0, 'former', 'none', 'Patient cardiologie', 'active', 1766786874849, 1766786874849);
INSERT OR IGNORE INTO healthcare_patients (id, company_id, first_name, last_name, date_of_birth, gender, email, phone, address, city, medical_record_number, blood_type, allergies, notes, status, created_at, updated_at) VALUES ('hc-patient-cardio-00086', 'company-0001', 'Hicham', 'Naciri', -784559702157, 'female', 'hicham.naciri.cardio85@email.com', '+212617133778', 'Adresse 85', 'Rabat', 'MRN-C000086', 'O-', 'Aspirine', 'Patient cardiologie', 'active', 1766786874849, 1766786874849);
INSERT OR IGNORE INTO cardiology_patients (id, company_id, healthcare_patient_id, primary_diagnosis, secondary_diagnoses, risk_level, has_pacemaker, has_stent, smoking_status, family_history, notes, status, created_at, updated_at) VALUES ('cardio-patient-00086', 'company-0001', 'hc-patient-cardio-00086', 'Arythmie ventriculaire', 'Cardiopathie ischemique', 'high', 0, 0, 'current', 'none', 'Patient cardiologie', 'active', 1766786874849, 1766786874849);
INSERT OR IGNORE INTO healthcare_patients (id, company_id, first_name, last_name, date_of_birth, gender, email, phone, address, city, medical_record_number, blood_type, allergies, notes, status, created_at, updated_at) VALUES ('hc-patient-cardio-00087', 'company-0001', 'Laila', 'Alaoui', -714174071144, 'male', 'laila.alaoui.cardio86@email.com', '+212698297998', 'Adresse 86', 'Rabat', 'MRN-C000087', 'O-', 'Aspirine', 'Patient cardiologie', 'active', 1766786874849, 1766786874849);
INSERT OR IGNORE INTO cardiology_patients (id, company_id, healthcare_patient_id, primary_diagnosis, secondary_diagnoses, risk_level, has_pacemaker, has_stent, smoking_status, family_history, notes, status, created_at, updated_at) VALUES ('cardio-patient-00087', 'company-0001', 'hc-patient-cardio-00087', 'Fibrillation auriculaire', 'Pericardite', 'low', 1, 0, 'never', 'none', 'Patient cardiologie', 'active', 1766786874849, 1766786874849);
INSERT OR IGNORE INTO healthcare_patients (id, company_id, first_name, last_name, date_of_birth, gender, email, phone, address, city, medical_record_number, blood_type, allergies, notes, status, created_at, updated_at) VALUES ('hc-patient-cardio-00088', 'company-0001', 'Nadia', 'Zniber', -22525286341, 'female', 'nadia.zniber.cardio87@email.com', '+212620635914', 'Adresse 87', 'Fes', 'MRN-C000088', 'A+', 'Sulfamides', 'Patient cardiologie', 'active', 1766786874849, 1766786874849);
INSERT OR IGNORE INTO cardiology_patients (id, company_id, healthcare_patient_id, primary_diagnosis, secondary_diagnoses, risk_level, has_pacemaker, has_stent, smoking_status, family_history, notes, status, created_at, updated_at) VALUES ('cardio-patient-00088', 'company-0001', 'hc-patient-cardio-00088', 'Valvulopathie', 'Arythmie ventriculaire', 'high', 0, 0, 'current', 'positive_second_degree', 'Patient cardiologie', 'active', 1766786874849, 1766786874849);
INSERT OR IGNORE INTO healthcare_patients (id, company_id, first_name, last_name, date_of_birth, gender, email, phone, address, city, medical_record_number, blood_type, allergies, notes, status, created_at, updated_at) VALUES ('hc-patient-cardio-00089', 'company-0001', 'Hassan', 'Sefrioui', 67077900924, 'male', 'hassan.sefrioui.cardio88@email.com', '+212677621104', 'Adresse 88', 'Casablanca', 'MRN-C000089', 'O+', 'Aspirine', 'Patient cardiologie', 'active', 1766786874849, 1766786874849);
INSERT OR IGNORE INTO cardiology_patients (id, company_id, healthcare_patient_id, primary_diagnosis, secondary_diagnoses, risk_level, has_pacemaker, has_stent, smoking_status, family_history, notes, status, created_at, updated_at) VALUES ('cardio-patient-00089', 'company-0001', 'hc-patient-cardio-00089', 'Hypertension arterielle', 'Endocardite', 'high', 0, 0, 'former', 'none', 'Patient cardiologie', 'active', 1766786874849, 1766786874849);
INSERT OR IGNORE INTO healthcare_patients (id, company_id, first_name, last_name, date_of_birth, gender, email, phone, address, city, medical_record_number, blood_type, allergies, notes, status, created_at, updated_at) VALUES ('hc-patient-cardio-00090', 'company-0001', 'Najat', 'Alaoui', -294564679881, 'male', 'najat.alaoui.cardio89@email.com', '+212684110204', 'Adresse 89', 'Fes', 'MRN-C000090', 'O+', 'Aucune', 'Patient cardiologie', 'active', 1766786874849, 1766786874849);
INSERT OR IGNORE INTO cardiology_patients (id, company_id, healthcare_patient_id, primary_diagnosis, secondary_diagnoses, risk_level, has_pacemaker, has_stent, smoking_status, family_history, notes, status, created_at, updated_at) VALUES ('cardio-patient-00090', 'company-0001', 'hc-patient-cardio-00090', 'Fibrillation auriculaire', 'Cardiomyopathie dilatee', 'low', 0, 0, 'never', 'positive_first_degree', 'Patient cardiologie', 'active', 1766786874849, 1766786874849);
INSERT OR IGNORE INTO healthcare_patients (id, company_id, first_name, last_name, date_of_birth, gender, email, phone, address, city, medical_record_number, blood_type, allergies, notes, status, created_at, updated_at) VALUES ('hc-patient-cardio-00091', 'company-0001', 'Ahmed', 'Mansouri', -30652384201, 'male', 'ahmed.mansouri.cardio90@email.com', '+212698414643', 'Adresse 90', 'Marrakech', 'MRN-C000091', 'B+', 'Iode', 'Patient cardiologie', 'active', 1766786874849, 1766786874849);
INSERT OR IGNORE INTO cardiology_patients (id, company_id, healthcare_patient_id, primary_diagnosis, secondary_diagnoses, risk_level, has_pacemaker, has_stent, smoking_status, family_history, notes, status, created_at, updated_at) VALUES ('cardio-patient-00091', 'company-0001', 'hc-patient-cardio-00091', 'Pericardite', 'Hypertension arterielle', 'low', 0, 0, 'current', 'positive_second_degree', 'Patient cardiologie', 'active', 1766786874849, 1766786874849);
INSERT OR IGNORE INTO healthcare_patients (id, company_id, first_name, last_name, date_of_birth, gender, email, phone, address, city, medical_record_number, blood_type, allergies, notes, status, created_at, updated_at) VALUES ('hc-patient-cardio-00092', 'company-0001', 'Hanane', 'Hajji', 885225292507, 'male', 'hanane.hajji.cardio91@email.com', '+212681127848', 'Adresse 91', 'Rabat', 'MRN-C000092', 'AB-', 'Aspirine', 'Patient cardiologie', 'active', 1766786874849, 1766786874849);
INSERT OR IGNORE INTO cardiology_patients (id, company_id, healthcare_patient_id, primary_diagnosis, secondary_diagnoses, risk_level, has_pacemaker, has_stent, smoking_status, family_history, notes, status, created_at, updated_at) VALUES ('cardio-patient-00092', 'company-0001', 'hc-patient-cardio-00092', 'Arythmie ventriculaire', 'Arythmie ventriculaire', 'medium', 0, 0, 'current', 'positive_second_degree', 'Patient cardiologie', 'active', 1766786874849, 1766786874849);
INSERT OR IGNORE INTO healthcare_patients (id, company_id, first_name, last_name, date_of_birth, gender, email, phone, address, city, medical_record_number, blood_type, allergies, notes, status, created_at, updated_at) VALUES ('hc-patient-cardio-00093', 'company-0001', 'Fatima', 'Kettani', 822231631381, 'female', 'fatima.kettani.cardio92@email.com', '+212693190328', 'Adresse 92', 'Marrakech', 'MRN-C000093', 'O-', 'Aspirine', 'Patient cardiologie', 'active', 1766786874849, 1766786874849);
INSERT OR IGNORE INTO cardiology_patients (id, company_id, healthcare_patient_id, primary_diagnosis, secondary_diagnoses, risk_level, has_pacemaker, has_stent, smoking_status, family_history, notes, status, created_at, updated_at) VALUES ('cardio-patient-00093', 'company-0001', 'hc-patient-cardio-00093', 'Fibrillation auriculaire', 'Insuffisance cardiaque', 'critical', 0, 0, 'never', 'none', 'Patient cardiologie', 'active', 1766786874849, 1766786874849);
INSERT OR IGNORE INTO healthcare_patients (id, company_id, first_name, last_name, date_of_birth, gender, email, phone, address, city, medical_record_number, blood_type, allergies, notes, status, created_at, updated_at) VALUES ('hc-patient-cardio-00094', 'company-0001', 'Siham', 'Mansouri', 566532195993, 'male', 'siham.mansouri.cardio93@email.com', '+212645811414', 'Adresse 93', 'Tanger', 'MRN-C000094', 'O-', 'Penicilline', 'Patient cardiologie', 'active', 1766786874849, 1766786874849);
INSERT OR IGNORE INTO cardiology_patients (id, company_id, healthcare_patient_id, primary_diagnosis, secondary_diagnoses, risk_level, has_pacemaker, has_stent, smoking_status, family_history, notes, status, created_at, updated_at) VALUES ('cardio-patient-00094', 'company-0001', 'hc-patient-cardio-00094', 'Cardiomyopathie dilatee', 'Hypertension arterielle', 'critical', 1, 0, 'former', 'positive_first_degree', 'Patient cardiologie', 'active', 1766786874849, 1766786874849);
INSERT OR IGNORE INTO healthcare_patients (id, company_id, first_name, last_name, date_of_birth, gender, email, phone, address, city, medical_record_number, blood_type, allergies, notes, status, created_at, updated_at) VALUES ('hc-patient-cardio-00095', 'company-0001', 'Hafsa', 'Sefrioui', -321849171353, 'female', 'hafsa.sefrioui.cardio94@email.com', '+212618752844', 'Adresse 94', 'Tanger', 'MRN-C000095', 'O-', 'Sulfamides', 'Patient cardiologie', 'active', 1766786874849, 1766786874849);
INSERT OR IGNORE INTO cardiology_patients (id, company_id, healthcare_patient_id, primary_diagnosis, secondary_diagnoses, risk_level, has_pacemaker, has_stent, smoking_status, family_history, notes, status, created_at, updated_at) VALUES ('cardio-patient-00095', 'company-0001', 'hc-patient-cardio-00095', 'Pericardite', 'Arythmie ventriculaire', 'medium', 1, 1, 'former', 'none', 'Patient cardiologie', 'active', 1766786874849, 1766786874849);
INSERT OR IGNORE INTO healthcare_patients (id, company_id, first_name, last_name, date_of_birth, gender, email, phone, address, city, medical_record_number, blood_type, allergies, notes, status, created_at, updated_at) VALUES ('hc-patient-cardio-00096', 'company-0001', 'Aziz', 'Bennani', -871912481780, 'male', 'aziz.bennani.cardio95@email.com', '+212618009707', 'Adresse 95', 'Tanger', 'MRN-C000096', 'O-', 'Sulfamides', 'Patient cardiologie', 'active', 1766786874849, 1766786874849);
INSERT OR IGNORE INTO cardiology_patients (id, company_id, healthcare_patient_id, primary_diagnosis, secondary_diagnoses, risk_level, has_pacemaker, has_stent, smoking_status, family_history, notes, status, created_at, updated_at) VALUES ('cardio-patient-00096', 'company-0001', 'hc-patient-cardio-00096', 'Cardiopathie ischemique', 'Cardiomyopathie dilatee', 'low', 0, 0, 'never', 'positive_first_degree', 'Patient cardiologie', 'active', 1766786874849, 1766786874849);
INSERT OR IGNORE INTO healthcare_patients (id, company_id, first_name, last_name, date_of_birth, gender, email, phone, address, city, medical_record_number, blood_type, allergies, notes, status, created_at, updated_at) VALUES ('hc-patient-cardio-00097', 'company-0001', 'Brahim', 'Sefrioui', 436870775228, 'male', 'brahim.sefrioui.cardio96@email.com', '+212601151254', 'Adresse 96', 'Casablanca', 'MRN-C000097', 'B-', 'Penicilline', 'Patient cardiologie', 'active', 1766786874849, 1766786874849);
INSERT OR IGNORE INTO cardiology_patients (id, company_id, healthcare_patient_id, primary_diagnosis, secondary_diagnoses, risk_level, has_pacemaker, has_stent, smoking_status, family_history, notes, status, created_at, updated_at) VALUES ('cardio-patient-00097', 'company-0001', 'hc-patient-cardio-00097', 'Hypertension arterielle', 'Cardiomyopathie dilatee', 'critical', 1, 0, 'current', 'none', 'Patient cardiologie', 'active', 1766786874849, 1766786874849);
INSERT OR IGNORE INTO healthcare_patients (id, company_id, first_name, last_name, date_of_birth, gender, email, phone, address, city, medical_record_number, blood_type, allergies, notes, status, created_at, updated_at) VALUES ('hc-patient-cardio-00098', 'company-0001', 'Naima', 'Lahrichi', 702078940662, 'male', 'naima.lahrichi.cardio97@email.com', '+212695288641', 'Adresse 97', 'Fes', 'MRN-C000098', 'O+', 'Aspirine', 'Patient cardiologie', 'active', 1766786874849, 1766786874849);
INSERT OR IGNORE INTO cardiology_patients (id, company_id, healthcare_patient_id, primary_diagnosis, secondary_diagnoses, risk_level, has_pacemaker, has_stent, smoking_status, family_history, notes, status, created_at, updated_at) VALUES ('cardio-patient-00098', 'company-0001', 'hc-patient-cardio-00098', 'Pericardite', 'Syndrome coronarien aigu', 'low', 0, 0, 'former', 'positive_second_degree', 'Patient cardiologie', 'active', 1766786874849, 1766786874849);
INSERT OR IGNORE INTO healthcare_patients (id, company_id, first_name, last_name, date_of_birth, gender, email, phone, address, city, medical_record_number, blood_type, allergies, notes, status, created_at, updated_at) VALUES ('hc-patient-cardio-00099', 'company-0001', 'Najat', 'Mekouar', -347271608898, 'male', 'najat.mekouar.cardio98@email.com', '+212671879743', 'Adresse 98', 'Tanger', 'MRN-C000099', 'B-', 'Aucune', 'Patient cardiologie', 'active', 1766786874849, 1766786874849);
INSERT OR IGNORE INTO cardiology_patients (id, company_id, healthcare_patient_id, primary_diagnosis, secondary_diagnoses, risk_level, has_pacemaker, has_stent, smoking_status, family_history, notes, status, created_at, updated_at) VALUES ('cardio-patient-00099', 'company-0001', 'hc-patient-cardio-00099', 'Endocardite', 'Cardiomyopathie dilatee', 'critical', 0, 0, 'never', 'none', 'Patient cardiologie', 'active', 1766786874849, 1766786874849);
INSERT OR IGNORE INTO healthcare_patients (id, company_id, first_name, last_name, date_of_birth, gender, email, phone, address, city, medical_record_number, blood_type, allergies, notes, status, created_at, updated_at) VALUES ('hc-patient-cardio-00100', 'company-0001', 'Farida', 'Fassi Fihri', -778113866268, 'male', 'farida.fassi fihri.cardio99@email.com', '+212630620051', 'Adresse 99', 'Tanger', 'MRN-C000100', 'B-', 'Latex', 'Patient cardiologie', 'active', 1766786874849, 1766786874849);
INSERT OR IGNORE INTO cardiology_patients (id, company_id, healthcare_patient_id, primary_diagnosis, secondary_diagnoses, risk_level, has_pacemaker, has_stent, smoking_status, family_history, notes, status, created_at, updated_at) VALUES ('cardio-patient-00100', 'company-0001', 'hc-patient-cardio-00100', 'Cardiomyopathie dilatee', 'Cardiopathie ischemique', 'medium', 1, 0, 'former', 'none', 'Patient cardiologie', 'active', 1766786874849, 1766786874849);
INSERT OR IGNORE INTO healthcare_patients (id, company_id, first_name, last_name, date_of_birth, gender, email, phone, address, city, medical_record_number, blood_type, allergies, notes, status, created_at, updated_at) VALUES ('hc-patient-cardio-00101', 'company-0001', 'Nabil', 'Sefrioui', 767184206372, 'female', 'nabil.sefrioui.cardio100@email.com', '+212624940637', 'Adresse 100', 'Casablanca', 'MRN-C000101', 'A+', 'Latex', 'Patient cardiologie', 'active', 1766786874849, 1766786874849);
INSERT OR IGNORE INTO cardiology_patients (id, company_id, healthcare_patient_id, primary_diagnosis, secondary_diagnoses, risk_level, has_pacemaker, has_stent, smoking_status, family_history, notes, status, created_at, updated_at) VALUES ('cardio-patient-00101', 'company-0001', 'hc-patient-cardio-00101', 'Cardiomyopathie dilatee', 'Insuffisance cardiaque', 'low', 0, 0, 'never', 'none', 'Patient cardiologie', 'active', 1766786874849, 1766786874849);
INSERT OR IGNORE INTO healthcare_patients (id, company_id, first_name, last_name, date_of_birth, gender, email, phone, address, city, medical_record_number, blood_type, allergies, notes, status, created_at, updated_at) VALUES ('hc-patient-cardio-00102', 'company-0001', 'Hassan', 'Sefrioui', -836891361391, 'female', 'hassan.sefrioui.cardio101@email.com', '+212655332347', 'Adresse 101', 'Casablanca', 'MRN-C000102', 'A-', 'Aucune', 'Patient cardiologie', 'active', 1766786874849, 1766786874849);
INSERT OR IGNORE INTO cardiology_patients (id, company_id, healthcare_patient_id, primary_diagnosis, secondary_diagnoses, risk_level, has_pacemaker, has_stent, smoking_status, family_history, notes, status, created_at, updated_at) VALUES ('cardio-patient-00102', 'company-0001', 'hc-patient-cardio-00102', 'Cardiopathie ischemique', 'Arythmie ventriculaire', 'high', 1, 1, 'former', 'none', 'Patient cardiologie', 'active', 1766786874849, 1766786874849);
INSERT OR IGNORE INTO healthcare_patients (id, company_id, first_name, last_name, date_of_birth, gender, email, phone, address, city, medical_record_number, blood_type, allergies, notes, status, created_at, updated_at) VALUES ('hc-patient-cardio-00103', 'company-0001', 'Latifa', 'Berrada', -212472379702, 'male', 'latifa.berrada.cardio102@email.com', '+212617683411', 'Adresse 102', 'Tanger', 'MRN-C000103', 'A-', 'Penicilline', 'Patient cardiologie', 'active', 1766786874849, 1766786874849);
INSERT OR IGNORE INTO cardiology_patients (id, company_id, healthcare_patient_id, primary_diagnosis, secondary_diagnoses, risk_level, has_pacemaker, has_stent, smoking_status, family_history, notes, status, created_at, updated_at) VALUES ('cardio-patient-00103', 'company-0001', 'hc-patient-cardio-00103', 'Cardiopathie ischemique', 'Arythmie ventriculaire', 'critical', 0, 0, 'former', 'positive_second_degree', 'Patient cardiologie', 'active', 1766786874849, 1766786874849);
INSERT OR IGNORE INTO healthcare_patients (id, company_id, first_name, last_name, date_of_birth, gender, email, phone, address, city, medical_record_number, blood_type, allergies, notes, status, created_at, updated_at) VALUES ('hc-patient-cardio-00104', 'company-0001', 'Ghita', 'Idrissi', -508035491815, 'male', 'ghita.idrissi.cardio103@email.com', '+212628343366', 'Adresse 103', 'Fes', 'MRN-C000104', 'O-', 'Iode', 'Patient cardiologie', 'active', 1766786874849, 1766786874849);
INSERT OR IGNORE INTO cardiology_patients (id, company_id, healthcare_patient_id, primary_diagnosis, secondary_diagnoses, risk_level, has_pacemaker, has_stent, smoking_status, family_history, notes, status, created_at, updated_at) VALUES ('cardio-patient-00104', 'company-0001', 'hc-patient-cardio-00104', 'Arythmie ventriculaire', 'Pericardite', 'medium', 0, 1, 'current', 'positive_first_degree', 'Patient cardiologie', 'active', 1766786874849, 1766786874849);
INSERT OR IGNORE INTO healthcare_patients (id, company_id, first_name, last_name, date_of_birth, gender, email, phone, address, city, medical_record_number, blood_type, allergies, notes, status, created_at, updated_at) VALUES ('hc-patient-cardio-00105', 'company-0001', 'Siham', 'Jabri', -749464665280, 'male', 'siham.jabri.cardio104@email.com', '+212678601985', 'Adresse 104', 'Agadir', 'MRN-C000105', 'AB+', 'Iode', 'Patient cardiologie', 'active', 1766786874849, 1766786874849);
INSERT OR IGNORE INTO cardiology_patients (id, company_id, healthcare_patient_id, primary_diagnosis, secondary_diagnoses, risk_level, has_pacemaker, has_stent, smoking_status, family_history, notes, status, created_at, updated_at) VALUES ('cardio-patient-00105', 'company-0001', 'hc-patient-cardio-00105', 'Fibrillation auriculaire', 'Endocardite', 'critical', 0, 0, 'never', 'none', 'Patient cardiologie', 'active', 1766786874849, 1766786874849);
INSERT OR IGNORE INTO healthcare_patients (id, company_id, first_name, last_name, date_of_birth, gender, email, phone, address, city, medical_record_number, blood_type, allergies, notes, status, created_at, updated_at) VALUES ('hc-patient-cardio-00106', 'company-0001', 'Wafa', 'Fassi Fihri', 38041066039, 'female', 'wafa.fassi fihri.cardio105@email.com', '+212618645502', 'Adresse 105', 'Marrakech', 'MRN-C000106', 'AB-', 'Latex', 'Patient cardiologie', 'active', 1766786874849, 1766786874849);
INSERT OR IGNORE INTO cardiology_patients (id, company_id, healthcare_patient_id, primary_diagnosis, secondary_diagnoses, risk_level, has_pacemaker, has_stent, smoking_status, family_history, notes, status, created_at, updated_at) VALUES ('cardio-patient-00106', 'company-0001', 'hc-patient-cardio-00106', 'Fibrillation auriculaire', 'Pericardite', 'medium', 0, 0, 'former', 'none', 'Patient cardiologie', 'active', 1766786874849, 1766786874849);
INSERT OR IGNORE INTO healthcare_patients (id, company_id, first_name, last_name, date_of_birth, gender, email, phone, address, city, medical_record_number, blood_type, allergies, notes, status, created_at, updated_at) VALUES ('hc-patient-cardio-00107', 'company-0001', 'Hamid', 'Guerraoui', 601460813958, 'male', 'hamid.guerraoui.cardio106@email.com', '+212613170829', 'Adresse 106', 'Casablanca', 'MRN-C000107', 'B-', 'Aucune', 'Patient cardiologie', 'active', 1766786874849, 1766786874849);
INSERT OR IGNORE INTO cardiology_patients (id, company_id, healthcare_patient_id, primary_diagnosis, secondary_diagnoses, risk_level, has_pacemaker, has_stent, smoking_status, family_history, notes, status, created_at, updated_at) VALUES ('cardio-patient-00107', 'company-0001', 'hc-patient-cardio-00107', 'Cardiomyopathie dilatee', 'Hypertension arterielle', 'medium', 0, 0, 'former', 'positive_first_degree', 'Patient cardiologie', 'active', 1766786874849, 1766786874849);
INSERT OR IGNORE INTO healthcare_patients (id, company_id, first_name, last_name, date_of_birth, gender, email, phone, address, city, medical_record_number, blood_type, allergies, notes, status, created_at, updated_at) VALUES ('hc-patient-cardio-00108', 'company-0001', 'Aziz', 'Zniber', 955641200581, 'female', 'aziz.zniber.cardio107@email.com', '+212651460396', 'Adresse 107', 'Casablanca', 'MRN-C000108', 'O-', 'Aucune', 'Patient cardiologie', 'active', 1766786874849, 1766786874849);
INSERT OR IGNORE INTO cardiology_patients (id, company_id, healthcare_patient_id, primary_diagnosis, secondary_diagnoses, risk_level, has_pacemaker, has_stent, smoking_status, family_history, notes, status, created_at, updated_at) VALUES ('cardio-patient-00108', 'company-0001', 'hc-patient-cardio-00108', 'Arythmie ventriculaire', 'Syndrome coronarien aigu', 'critical', 0, 0, 'former', 'none', 'Patient cardiologie', 'active', 1766786874849, 1766786874849);
INSERT OR IGNORE INTO healthcare_patients (id, company_id, first_name, last_name, date_of_birth, gender, email, phone, address, city, medical_record_number, blood_type, allergies, notes, status, created_at, updated_at) VALUES ('hc-patient-cardio-00109', 'company-0001', 'Ismail', 'Sefrioui', -552083988153, 'male', 'ismail.sefrioui.cardio108@email.com', '+212690932593', 'Adresse 108', 'Casablanca', 'MRN-C000109', 'AB+', 'Sulfamides', 'Patient cardiologie', 'active', 1766786874849, 1766786874849);
INSERT OR IGNORE INTO cardiology_patients (id, company_id, healthcare_patient_id, primary_diagnosis, secondary_diagnoses, risk_level, has_pacemaker, has_stent, smoking_status, family_history, notes, status, created_at, updated_at) VALUES ('cardio-patient-00109', 'company-0001', 'hc-patient-cardio-00109', 'Arythmie ventriculaire', 'Endocardite', 'critical', 0, 1, 'never', 'none', 'Patient cardiologie', 'active', 1766786874849, 1766786874849);
INSERT OR IGNORE INTO healthcare_patients (id, company_id, first_name, last_name, date_of_birth, gender, email, phone, address, city, medical_record_number, blood_type, allergies, notes, status, created_at, updated_at) VALUES ('hc-patient-cardio-00110', 'company-0001', 'Salma', 'Kettani', -537746741113, 'female', 'salma.kettani.cardio109@email.com', '+212669745185', 'Adresse 109', 'Agadir', 'MRN-C000110', 'AB-', 'Aspirine', 'Patient cardiologie', 'active', 1766786874849, 1766786874849);
INSERT OR IGNORE INTO cardiology_patients (id, company_id, healthcare_patient_id, primary_diagnosis, secondary_diagnoses, risk_level, has_pacemaker, has_stent, smoking_status, family_history, notes, status, created_at, updated_at) VALUES ('cardio-patient-00110', 'company-0001', 'hc-patient-cardio-00110', 'Syndrome coronarien aigu', 'Insuffisance cardiaque', 'critical', 0, 1, 'current', 'positive_second_degree', 'Patient cardiologie', 'active', 1766786874849, 1766786874849);
INSERT OR IGNORE INTO healthcare_patients (id, company_id, first_name, last_name, date_of_birth, gender, email, phone, address, city, medical_record_number, blood_type, allergies, notes, status, created_at, updated_at) VALUES ('hc-patient-cardio-00111', 'company-0001', 'Brahim', 'Naciri', -331419719920, 'female', 'brahim.naciri.cardio110@email.com', '+212653056519', 'Adresse 110', 'Tanger', 'MRN-C000111', 'O-', 'Aspirine', 'Patient cardiologie', 'active', 1766786874849, 1766786874849);
INSERT OR IGNORE INTO cardiology_patients (id, company_id, healthcare_patient_id, primary_diagnosis, secondary_diagnoses, risk_level, has_pacemaker, has_stent, smoking_status, family_history, notes, status, created_at, updated_at) VALUES ('cardio-patient-00111', 'company-0001', 'hc-patient-cardio-00111', 'Pericardite', 'Pericardite', 'high', 0, 0, 'current', 'none', 'Patient cardiologie', 'active', 1766786874849, 1766786874849);
INSERT OR IGNORE INTO healthcare_patients (id, company_id, first_name, last_name, date_of_birth, gender, email, phone, address, city, medical_record_number, blood_type, allergies, notes, status, created_at, updated_at) VALUES ('hc-patient-cardio-00112', 'company-0001', 'Houda', 'Lahlou', -586727131711, 'female', 'houda.lahlou.cardio111@email.com', '+212643616823', 'Adresse 111', 'Agadir', 'MRN-C000112', 'A-', 'Latex', 'Patient cardiologie', 'active', 1766786874849, 1766786874849);
INSERT OR IGNORE INTO cardiology_patients (id, company_id, healthcare_patient_id, primary_diagnosis, secondary_diagnoses, risk_level, has_pacemaker, has_stent, smoking_status, family_history, notes, status, created_at, updated_at) VALUES ('cardio-patient-00112', 'company-0001', 'hc-patient-cardio-00112', 'Cardiopathie ischemique', 'Valvulopathie', 'low', 0, 1, 'former', 'none', 'Patient cardiologie', 'active', 1766786874849, 1766786874849);
INSERT OR IGNORE INTO healthcare_patients (id, company_id, first_name, last_name, date_of_birth, gender, email, phone, address, city, medical_record_number, blood_type, allergies, notes, status, created_at, updated_at) VALUES ('hc-patient-cardio-00113', 'company-0001', 'Khadija', 'Benjelloun', 581078399078, 'female', 'khadija.benjelloun.cardio112@email.com', '+212600877173', 'Adresse 112', 'Marrakech', 'MRN-C000113', 'B-', 'Iode', 'Patient cardiologie', 'active', 1766786874849, 1766786874849);
INSERT OR IGNORE INTO cardiology_patients (id, company_id, healthcare_patient_id, primary_diagnosis, secondary_diagnoses, risk_level, has_pacemaker, has_stent, smoking_status, family_history, notes, status, created_at, updated_at) VALUES ('cardio-patient-00113', 'company-0001', 'hc-patient-cardio-00113', 'Insuffisance cardiaque', 'Insuffisance cardiaque', 'critical', 0, 0, 'former', 'positive_first_degree', 'Patient cardiologie', 'active', 1766786874849, 1766786874849);
INSERT OR IGNORE INTO healthcare_patients (id, company_id, first_name, last_name, date_of_birth, gender, email, phone, address, city, medical_record_number, blood_type, allergies, notes, status, created_at, updated_at) VALUES ('hc-patient-cardio-00114', 'company-0001', 'Farida', 'Ouazzani', -329162025848, 'male', 'farida.ouazzani.cardio113@email.com', '+212620640633', 'Adresse 113', 'Marrakech', 'MRN-C000114', 'AB+', 'Iode', 'Patient cardiologie', 'active', 1766786874849, 1766786874849);
INSERT OR IGNORE INTO cardiology_patients (id, company_id, healthcare_patient_id, primary_diagnosis, secondary_diagnoses, risk_level, has_pacemaker, has_stent, smoking_status, family_history, notes, status, created_at, updated_at) VALUES ('cardio-patient-00114', 'company-0001', 'hc-patient-cardio-00114', 'Cardiomyopathie dilatee', 'Pericardite', 'medium', 0, 1, 'current', 'positive_second_degree', 'Patient cardiologie', 'active', 1766786874849, 1766786874849);
INSERT OR IGNORE INTO healthcare_patients (id, company_id, first_name, last_name, date_of_birth, gender, email, phone, address, city, medical_record_number, blood_type, allergies, notes, status, created_at, updated_at) VALUES ('hc-patient-cardio-00115', 'company-0001', 'Laila', 'Ouazzani', 417363379410, 'male', 'laila.ouazzani.cardio114@email.com', '+212694850655', 'Adresse 114', 'Agadir', 'MRN-C000115', 'AB-', 'Iode', 'Patient cardiologie', 'active', 1766786874849, 1766786874849);
INSERT OR IGNORE INTO cardiology_patients (id, company_id, healthcare_patient_id, primary_diagnosis, secondary_diagnoses, risk_level, has_pacemaker, has_stent, smoking_status, family_history, notes, status, created_at, updated_at) VALUES ('cardio-patient-00115', 'company-0001', 'hc-patient-cardio-00115', 'Cardiopathie ischemique', 'Arythmie ventriculaire', 'critical', 0, 1, 'never', 'none', 'Patient cardiologie', 'active', 1766786874849, 1766786874849);
INSERT OR IGNORE INTO healthcare_patients (id, company_id, first_name, last_name, date_of_birth, gender, email, phone, address, city, medical_record_number, blood_type, allergies, notes, status, created_at, updated_at) VALUES ('hc-patient-cardio-00116', 'company-0001', 'Youssef', 'Amrani', -162829676809, 'male', 'youssef.amrani.cardio115@email.com', '+212656899588', 'Adresse 115', 'Tanger', 'MRN-C000116', 'A+', 'Sulfamides', 'Patient cardiologie', 'active', 1766786874849, 1766786874849);
INSERT OR IGNORE INTO cardiology_patients (id, company_id, healthcare_patient_id, primary_diagnosis, secondary_diagnoses, risk_level, has_pacemaker, has_stent, smoking_status, family_history, notes, status, created_at, updated_at) VALUES ('cardio-patient-00116', 'company-0001', 'hc-patient-cardio-00116', 'Endocardite', 'Valvulopathie', 'medium', 0, 0, 'current', 'positive_second_degree', 'Patient cardiologie', 'active', 1766786874849, 1766786874849);
INSERT OR IGNORE INTO healthcare_patients (id, company_id, first_name, last_name, date_of_birth, gender, email, phone, address, city, medical_record_number, blood_type, allergies, notes, status, created_at, updated_at) VALUES ('hc-patient-cardio-00117', 'company-0001', 'Ismail', 'Benjelloun', -680161261021, 'male', 'ismail.benjelloun.cardio116@email.com', '+212661055229', 'Adresse 116', 'Rabat', 'MRN-C000117', 'O+', 'Aspirine', 'Patient cardiologie', 'active', 1766786874849, 1766786874849);
INSERT OR IGNORE INTO cardiology_patients (id, company_id, healthcare_patient_id, primary_diagnosis, secondary_diagnoses, risk_level, has_pacemaker, has_stent, smoking_status, family_history, notes, status, created_at, updated_at) VALUES ('cardio-patient-00117', 'company-0001', 'hc-patient-cardio-00117', 'Cardiomyopathie dilatee', 'Hypertension arterielle', 'high', 1, 1, 'current', 'positive_first_degree', 'Patient cardiologie', 'active', 1766786874849, 1766786874849);
INSERT OR IGNORE INTO healthcare_patients (id, company_id, first_name, last_name, date_of_birth, gender, email, phone, address, city, medical_record_number, blood_type, allergies, notes, status, created_at, updated_at) VALUES ('hc-patient-cardio-00118', 'company-0001', 'Brahim', 'Kettani', -164782325118, 'female', 'brahim.kettani.cardio117@email.com', '+212620877122', 'Adresse 117', 'Rabat', 'MRN-C000118', 'AB-', 'Aucune', 'Patient cardiologie', 'active', 1766786874849, 1766786874849);
INSERT OR IGNORE INTO cardiology_patients (id, company_id, healthcare_patient_id, primary_diagnosis, secondary_diagnoses, risk_level, has_pacemaker, has_stent, smoking_status, family_history, notes, status, created_at, updated_at) VALUES ('cardio-patient-00118', 'company-0001', 'hc-patient-cardio-00118', 'Pericardite', 'Insuffisance cardiaque', 'low', 1, 0, 'never', 'none', 'Patient cardiologie', 'active', 1766786874849, 1766786874849);
INSERT OR IGNORE INTO healthcare_patients (id, company_id, first_name, last_name, date_of_birth, gender, email, phone, address, city, medical_record_number, blood_type, allergies, notes, status, created_at, updated_at) VALUES ('hc-patient-cardio-00119', 'company-0001', 'Ahmed', 'Benjelloun', 860157916625, 'female', 'ahmed.benjelloun.cardio118@email.com', '+212655551350', 'Adresse 118', 'Agadir', 'MRN-C000119', 'A+', 'Iode', 'Patient cardiologie', 'active', 1766786874849, 1766786874849);
INSERT OR IGNORE INTO cardiology_patients (id, company_id, healthcare_patient_id, primary_diagnosis, secondary_diagnoses, risk_level, has_pacemaker, has_stent, smoking_status, family_history, notes, status, created_at, updated_at) VALUES ('cardio-patient-00119', 'company-0001', 'hc-patient-cardio-00119', 'Arythmie ventriculaire', 'Fibrillation auriculaire', 'low', 1, 0, 'former', 'none', 'Patient cardiologie', 'active', 1766786874849, 1766786874849);
INSERT OR IGNORE INTO healthcare_patients (id, company_id, first_name, last_name, date_of_birth, gender, email, phone, address, city, medical_record_number, blood_type, allergies, notes, status, created_at, updated_at) VALUES ('hc-patient-cardio-00120', 'company-0001', 'Jamila', 'Sqalli', -529240825817, 'male', 'jamila.sqalli.cardio119@email.com', '+212641942049', 'Adresse 119', 'Agadir', 'MRN-C000120', 'B+', 'Penicilline', 'Patient cardiologie', 'active', 1766786874849, 1766786874849);
INSERT OR IGNORE INTO cardiology_patients (id, company_id, healthcare_patient_id, primary_diagnosis, secondary_diagnoses, risk_level, has_pacemaker, has_stent, smoking_status, family_history, notes, status, created_at, updated_at) VALUES ('cardio-patient-00120', 'company-0001', 'hc-patient-cardio-00120', 'Valvulopathie', 'Cardiomyopathie dilatee', 'low', 0, 0, 'current', 'positive_first_degree', 'Patient cardiologie', 'active', 1766786874849, 1766786874849);
INSERT OR IGNORE INTO healthcare_patients (id, company_id, first_name, last_name, date_of_birth, gender, email, phone, address, city, medical_record_number, blood_type, allergies, notes, status, created_at, updated_at) VALUES ('hc-patient-cardio-00121', 'company-0001', 'Nadia', 'Kettani', 909582333027, 'male', 'nadia.kettani.cardio120@email.com', '+212661120760', 'Adresse 120', 'Tanger', 'MRN-C000121', 'AB+', 'Iode', 'Patient cardiologie', 'active', 1766786874849, 1766786874849);
INSERT OR IGNORE INTO cardiology_patients (id, company_id, healthcare_patient_id, primary_diagnosis, secondary_diagnoses, risk_level, has_pacemaker, has_stent, smoking_status, family_history, notes, status, created_at, updated_at) VALUES ('cardio-patient-00121', 'company-0001', 'hc-patient-cardio-00121', 'Fibrillation auriculaire', 'Arythmie ventriculaire', 'low', 0, 0, 'former', 'positive_second_degree', 'Patient cardiologie', 'active', 1766786874849, 1766786874849);
INSERT OR IGNORE INTO healthcare_patients (id, company_id, first_name, last_name, date_of_birth, gender, email, phone, address, city, medical_record_number, blood_type, allergies, notes, status, created_at, updated_at) VALUES ('hc-patient-cardio-00122', 'company-0001', 'Brahim', 'Mansouri', -401740618418, 'female', 'brahim.mansouri.cardio121@email.com', '+212601732586', 'Adresse 121', 'Marrakech', 'MRN-C000122', 'AB-', 'Iode', 'Patient cardiologie', 'active', 1766786874849, 1766786874849);
INSERT OR IGNORE INTO cardiology_patients (id, company_id, healthcare_patient_id, primary_diagnosis, secondary_diagnoses, risk_level, has_pacemaker, has_stent, smoking_status, family_history, notes, status, created_at, updated_at) VALUES ('cardio-patient-00122', 'company-0001', 'hc-patient-cardio-00122', 'Endocardite', 'Insuffisance cardiaque', 'critical', 0, 0, 'never', 'none', 'Patient cardiologie', 'active', 1766786874849, 1766786874849);
INSERT OR IGNORE INTO healthcare_patients (id, company_id, first_name, last_name, date_of_birth, gender, email, phone, address, city, medical_record_number, blood_type, allergies, notes, status, created_at, updated_at) VALUES ('hc-patient-cardio-00123', 'company-0001', 'Souad', 'Lahrichi', -235076499907, 'male', 'souad.lahrichi.cardio122@email.com', '+212644766905', 'Adresse 122', 'Fes', 'MRN-C000123', 'O+', 'Iode', 'Patient cardiologie', 'active', 1766786874849, 1766786874849);
INSERT OR IGNORE INTO cardiology_patients (id, company_id, healthcare_patient_id, primary_diagnosis, secondary_diagnoses, risk_level, has_pacemaker, has_stent, smoking_status, family_history, notes, status, created_at, updated_at) VALUES ('cardio-patient-00123', 'company-0001', 'hc-patient-cardio-00123', 'Fibrillation auriculaire', 'Endocardite', 'critical', 1, 0, 'current', 'none', 'Patient cardiologie', 'active', 1766786874849, 1766786874849);
INSERT OR IGNORE INTO healthcare_patients (id, company_id, first_name, last_name, date_of_birth, gender, email, phone, address, city, medical_record_number, blood_type, allergies, notes, status, created_at, updated_at) VALUES ('hc-patient-cardio-00124', 'company-0001', 'Hanane', 'Tazi', -377373624390, 'female', 'hanane.tazi.cardio123@email.com', '+212650179884', 'Adresse 123', 'Agadir', 'MRN-C000124', 'A+', 'Aspirine', 'Patient cardiologie', 'active', 1766786874849, 1766786874849);
INSERT OR IGNORE INTO cardiology_patients (id, company_id, healthcare_patient_id, primary_diagnosis, secondary_diagnoses, risk_level, has_pacemaker, has_stent, smoking_status, family_history, notes, status, created_at, updated_at) VALUES ('cardio-patient-00124', 'company-0001', 'hc-patient-cardio-00124', 'Fibrillation auriculaire', 'Pericardite', 'high', 0, 0, 'former', 'none', 'Patient cardiologie', 'active', 1766786874849, 1766786874849);
INSERT OR IGNORE INTO healthcare_patients (id, company_id, first_name, last_name, date_of_birth, gender, email, phone, address, city, medical_record_number, blood_type, allergies, notes, status, created_at, updated_at) VALUES ('hc-patient-cardio-00125', 'company-0001', 'Sanaa', 'Naciri', -848262598986, 'female', 'sanaa.naciri.cardio124@email.com', '+212621749235', 'Adresse 124', 'Tanger', 'MRN-C000125', 'AB-', 'Penicilline', 'Patient cardiologie', 'active', 1766786874849, 1766786874849);
INSERT OR IGNORE INTO cardiology_patients (id, company_id, healthcare_patient_id, primary_diagnosis, secondary_diagnoses, risk_level, has_pacemaker, has_stent, smoking_status, family_history, notes, status, created_at, updated_at) VALUES ('cardio-patient-00125', 'company-0001', 'hc-patient-cardio-00125', 'Fibrillation auriculaire', 'Arythmie ventriculaire', 'high', 0, 1, 'current', 'positive_second_degree', 'Patient cardiologie', 'active', 1766786874849, 1766786874849);
INSERT OR IGNORE INTO healthcare_patients (id, company_id, first_name, last_name, date_of_birth, gender, email, phone, address, city, medical_record_number, blood_type, allergies, notes, status, created_at, updated_at) VALUES ('hc-patient-cardio-00126', 'company-0001', 'Ahmed', 'Lahrichi', 493697445015, 'female', 'ahmed.lahrichi.cardio125@email.com', '+212676302184', 'Adresse 125', 'Agadir', 'MRN-C000126', 'AB-', 'Aucune', 'Patient cardiologie', 'active', 1766786874849, 1766786874849);
INSERT OR IGNORE INTO cardiology_patients (id, company_id, healthcare_patient_id, primary_diagnosis, secondary_diagnoses, risk_level, has_pacemaker, has_stent, smoking_status, family_history, notes, status, created_at, updated_at) VALUES ('cardio-patient-00126', 'company-0001', 'hc-patient-cardio-00126', 'Cardiopathie ischemique', 'Hypertension arterielle', 'high', 0, 1, 'never', 'positive_first_degree', 'Patient cardiologie', 'active', 1766786874849, 1766786874849);
INSERT OR IGNORE INTO healthcare_patients (id, company_id, first_name, last_name, date_of_birth, gender, email, phone, address, city, medical_record_number, blood_type, allergies, notes, status, created_at, updated_at) VALUES ('hc-patient-cardio-00127', 'company-0001', 'Zakaria', 'Hajji', -793923761735, 'male', 'zakaria.hajji.cardio126@email.com', '+212628932881', 'Adresse 126', 'Marrakech', 'MRN-C000127', 'B+', 'Aucune', 'Patient cardiologie', 'active', 1766786874849, 1766786874849);
INSERT OR IGNORE INTO cardiology_patients (id, company_id, healthcare_patient_id, primary_diagnosis, secondary_diagnoses, risk_level, has_pacemaker, has_stent, smoking_status, family_history, notes, status, created_at, updated_at) VALUES ('cardio-patient-00127', 'company-0001', 'hc-patient-cardio-00127', 'Insuffisance cardiaque', 'Pericardite', 'high', 0, 0, 'former', 'positive_second_degree', 'Patient cardiologie', 'active', 1766786874849, 1766786874849);
INSERT OR IGNORE INTO healthcare_patients (id, company_id, first_name, last_name, date_of_birth, gender, email, phone, address, city, medical_record_number, blood_type, allergies, notes, status, created_at, updated_at) VALUES ('hc-patient-cardio-00128', 'company-0001', 'Souad', 'Kettani', -392549457451, 'female', 'souad.kettani.cardio127@email.com', '+212614514496', 'Adresse 127', 'Rabat', 'MRN-C000128', 'O-', 'Aucune', 'Patient cardiologie', 'active', 1766786874849, 1766786874849);
INSERT OR IGNORE INTO cardiology_patients (id, company_id, healthcare_patient_id, primary_diagnosis, secondary_diagnoses, risk_level, has_pacemaker, has_stent, smoking_status, family_history, notes, status, created_at, updated_at) VALUES ('cardio-patient-00128', 'company-0001', 'hc-patient-cardio-00128', 'Valvulopathie', 'Fibrillation auriculaire', 'critical', 0, 0, 'never', 'positive_first_degree', 'Patient cardiologie', 'active', 1766786874849, 1766786874849);
INSERT OR IGNORE INTO healthcare_patients (id, company_id, first_name, last_name, date_of_birth, gender, email, phone, address, city, medical_record_number, blood_type, allergies, notes, status, created_at, updated_at) VALUES ('hc-patient-cardio-00129', 'company-0001', 'Adil', 'Mekouar', -376274715089, 'male', 'adil.mekouar.cardio128@email.com', '+212658400875', 'Adresse 128', 'Tanger', 'MRN-C000129', 'B-', 'Latex', 'Patient cardiologie', 'active', 1766786874849, 1766786874849);
INSERT OR IGNORE INTO cardiology_patients (id, company_id, healthcare_patient_id, primary_diagnosis, secondary_diagnoses, risk_level, has_pacemaker, has_stent, smoking_status, family_history, notes, status, created_at, updated_at) VALUES ('cardio-patient-00129', 'company-0001', 'hc-patient-cardio-00129', 'Fibrillation auriculaire', 'Valvulopathie', 'medium', 0, 0, 'former', 'positive_second_degree', 'Patient cardiologie', 'active', 1766786874849, 1766786874849);
INSERT OR IGNORE INTO healthcare_patients (id, company_id, first_name, last_name, date_of_birth, gender, email, phone, address, city, medical_record_number, blood_type, allergies, notes, status, created_at, updated_at) VALUES ('hc-patient-cardio-00130', 'company-0001', 'Mohamed', 'Tazi', -456073485740, 'female', 'mohamed.tazi.cardio129@email.com', '+212659309638', 'Adresse 129', 'Rabat', 'MRN-C000130', 'AB+', 'Latex', 'Patient cardiologie', 'active', 1766786874849, 1766786874849);
INSERT OR IGNORE INTO cardiology_patients (id, company_id, healthcare_patient_id, primary_diagnosis, secondary_diagnoses, risk_level, has_pacemaker, has_stent, smoking_status, family_history, notes, status, created_at, updated_at) VALUES ('cardio-patient-00130', 'company-0001', 'hc-patient-cardio-00130', 'Cardiomyopathie dilatee', 'Endocardite', 'low', 0, 0, 'current', 'positive_second_degree', 'Patient cardiologie', 'active', 1766786874849, 1766786874849);
INSERT OR IGNORE INTO healthcare_patients (id, company_id, first_name, last_name, date_of_birth, gender, email, phone, address, city, medical_record_number, blood_type, allergies, notes, status, created_at, updated_at) VALUES ('hc-patient-cardio-00131', 'company-0001', 'Siham', 'Guerraoui', 503095308547, 'female', 'siham.guerraoui.cardio130@email.com', '+212692640987', 'Adresse 130', 'Tanger', 'MRN-C000131', 'AB+', 'Sulfamides', 'Patient cardiologie', 'active', 1766786874849, 1766786874849);
INSERT OR IGNORE INTO cardiology_patients (id, company_id, healthcare_patient_id, primary_diagnosis, secondary_diagnoses, risk_level, has_pacemaker, has_stent, smoking_status, family_history, notes, status, created_at, updated_at) VALUES ('cardio-patient-00131', 'company-0001', 'hc-patient-cardio-00131', 'Pericardite', 'Endocardite', 'high', 0, 0, 'current', 'positive_second_degree', 'Patient cardiologie', 'active', 1766786874849, 1766786874849);
INSERT OR IGNORE INTO healthcare_patients (id, company_id, first_name, last_name, date_of_birth, gender, email, phone, address, city, medical_record_number, blood_type, allergies, notes, status, created_at, updated_at) VALUES ('hc-patient-cardio-00132', 'company-0001', 'Fatima', 'Zniber', 514335948111, 'male', 'fatima.zniber.cardio131@email.com', '+212684792115', 'Adresse 131', 'Rabat', 'MRN-C000132', 'AB-', 'Aucune', 'Patient cardiologie', 'active', 1766786874849, 1766786874849);
INSERT OR IGNORE INTO cardiology_patients (id, company_id, healthcare_patient_id, primary_diagnosis, secondary_diagnoses, risk_level, has_pacemaker, has_stent, smoking_status, family_history, notes, status, created_at, updated_at) VALUES ('cardio-patient-00132', 'company-0001', 'hc-patient-cardio-00132', 'Insuffisance cardiaque', 'Hypertension arterielle', 'medium', 0, 0, 'former', 'positive_second_degree', 'Patient cardiologie', 'active', 1766786874849, 1766786874849);
INSERT OR IGNORE INTO healthcare_patients (id, company_id, first_name, last_name, date_of_birth, gender, email, phone, address, city, medical_record_number, blood_type, allergies, notes, status, created_at, updated_at) VALUES ('hc-patient-cardio-00133', 'company-0001', 'Khalid', 'Kettani', -696280088649, 'female', 'khalid.kettani.cardio132@email.com', '+212675930190', 'Adresse 132', 'Tanger', 'MRN-C000133', 'O+', 'Penicilline', 'Patient cardiologie', 'active', 1766786874849, 1766786874849);
INSERT OR IGNORE INTO cardiology_patients (id, company_id, healthcare_patient_id, primary_diagnosis, secondary_diagnoses, risk_level, has_pacemaker, has_stent, smoking_status, family_history, notes, status, created_at, updated_at) VALUES ('cardio-patient-00133', 'company-0001', 'hc-patient-cardio-00133', 'Endocardite', 'Fibrillation auriculaire', 'critical', 0, 0, 'never', 'positive_first_degree', 'Patient cardiologie', 'active', 1766786874849, 1766786874849);
INSERT OR IGNORE INTO healthcare_patients (id, company_id, first_name, last_name, date_of_birth, gender, email, phone, address, city, medical_record_number, blood_type, allergies, notes, status, created_at, updated_at) VALUES ('hc-patient-cardio-00134', 'company-0001', 'Laila', 'Doukkali', 247620865136, 'male', 'laila.doukkali.cardio133@email.com', '+212619565344', 'Adresse 133', 'Rabat', 'MRN-C000134', 'AB-', 'Iode', 'Patient cardiologie', 'active', 1766786874849, 1766786874849);
INSERT OR IGNORE INTO cardiology_patients (id, company_id, healthcare_patient_id, primary_diagnosis, secondary_diagnoses, risk_level, has_pacemaker, has_stent, smoking_status, family_history, notes, status, created_at, updated_at) VALUES ('cardio-patient-00134', 'company-0001', 'hc-patient-cardio-00134', 'Cardiopathie ischemique', 'Pericardite', 'critical', 0, 1, 'never', 'positive_first_degree', 'Patient cardiologie', 'active', 1766786874849, 1766786874849);
INSERT OR IGNORE INTO healthcare_patients (id, company_id, first_name, last_name, date_of_birth, gender, email, phone, address, city, medical_record_number, blood_type, allergies, notes, status, created_at, updated_at) VALUES ('hc-patient-cardio-00135', 'company-0001', 'Hafsa', 'El Fassi', -613187954709, 'female', 'hafsa.el fassi.cardio134@email.com', '+212657919297', 'Adresse 134', 'Casablanca', 'MRN-C000135', 'O-', 'Sulfamides', 'Patient cardiologie', 'active', 1766786874849, 1766786874849);
INSERT OR IGNORE INTO cardiology_patients (id, company_id, healthcare_patient_id, primary_diagnosis, secondary_diagnoses, risk_level, has_pacemaker, has_stent, smoking_status, family_history, notes, status, created_at, updated_at) VALUES ('cardio-patient-00135', 'company-0001', 'hc-patient-cardio-00135', 'Syndrome coronarien aigu', 'Pericardite', 'low', 0, 0, 'current', 'none', 'Patient cardiologie', 'active', 1766786874849, 1766786874849);
INSERT OR IGNORE INTO healthcare_patients (id, company_id, first_name, last_name, date_of_birth, gender, email, phone, address, city, medical_record_number, blood_type, allergies, notes, status, created_at, updated_at) VALUES ('hc-patient-cardio-00136', 'company-0001', 'Karima', 'Filali', 357269677083, 'male', 'karima.filali.cardio135@email.com', '+212642202431', 'Adresse 135', 'Casablanca', 'MRN-C000136', 'B-', 'Iode', 'Patient cardiologie', 'active', 1766786874849, 1766786874849);
INSERT OR IGNORE INTO cardiology_patients (id, company_id, healthcare_patient_id, primary_diagnosis, secondary_diagnoses, risk_level, has_pacemaker, has_stent, smoking_status, family_history, notes, status, created_at, updated_at) VALUES ('cardio-patient-00136', 'company-0001', 'hc-patient-cardio-00136', 'Insuffisance cardiaque', 'Valvulopathie', 'medium', 0, 0, 'current', 'positive_second_degree', 'Patient cardiologie', 'active', 1766786874849, 1766786874849);
INSERT OR IGNORE INTO healthcare_patients (id, company_id, first_name, last_name, date_of_birth, gender, email, phone, address, city, medical_record_number, blood_type, allergies, notes, status, created_at, updated_at) VALUES ('hc-patient-cardio-00137', 'company-0001', 'Hanane', 'Kadiri', 895256512978, 'female', 'hanane.kadiri.cardio136@email.com', '+212618170734', 'Adresse 136', 'Rabat', 'MRN-C000137', 'A-', 'Iode', 'Patient cardiologie', 'active', 1766786874849, 1766786874849);
INSERT OR IGNORE INTO cardiology_patients (id, company_id, healthcare_patient_id, primary_diagnosis, secondary_diagnoses, risk_level, has_pacemaker, has_stent, smoking_status, family_history, notes, status, created_at, updated_at) VALUES ('cardio-patient-00137', 'company-0001', 'hc-patient-cardio-00137', 'Arythmie ventriculaire', 'Cardiopathie ischemique', 'medium', 0, 1, 'current', 'positive_first_degree', 'Patient cardiologie', 'active', 1766786874849, 1766786874849);
INSERT OR IGNORE INTO healthcare_patients (id, company_id, first_name, last_name, date_of_birth, gender, email, phone, address, city, medical_record_number, blood_type, allergies, notes, status, created_at, updated_at) VALUES ('hc-patient-cardio-00138', 'company-0001', 'Younes', 'Lahrichi', -385307860511, 'male', 'younes.lahrichi.cardio137@email.com', '+212631090525', 'Adresse 137', 'Fes', 'MRN-C000138', 'B+', 'Aucune', 'Patient cardiologie', 'active', 1766786874849, 1766786874849);
INSERT OR IGNORE INTO cardiology_patients (id, company_id, healthcare_patient_id, primary_diagnosis, secondary_diagnoses, risk_level, has_pacemaker, has_stent, smoking_status, family_history, notes, status, created_at, updated_at) VALUES ('cardio-patient-00138', 'company-0001', 'hc-patient-cardio-00138', 'Cardiomyopathie dilatee', 'Insuffisance cardiaque', 'low', 1, 0, 'never', 'positive_first_degree', 'Patient cardiologie', 'active', 1766786874849, 1766786874849);
INSERT OR IGNORE INTO healthcare_patients (id, company_id, first_name, last_name, date_of_birth, gender, email, phone, address, city, medical_record_number, blood_type, allergies, notes, status, created_at, updated_at) VALUES ('hc-patient-cardio-00139', 'company-0001', 'Imane', 'Lahlou', 813917265491, 'male', 'imane.lahlou.cardio138@email.com', '+212638107113', 'Adresse 138', 'Tanger', 'MRN-C000139', 'AB-', 'Iode', 'Patient cardiologie', 'active', 1766786874849, 1766786874849);
INSERT OR IGNORE INTO cardiology_patients (id, company_id, healthcare_patient_id, primary_diagnosis, secondary_diagnoses, risk_level, has_pacemaker, has_stent, smoking_status, family_history, notes, status, created_at, updated_at) VALUES ('cardio-patient-00139', 'company-0001', 'hc-patient-cardio-00139', 'Endocardite', 'Hypertension arterielle', 'medium', 0, 1, 'never', 'positive_second_degree', 'Patient cardiologie', 'active', 1766786874849, 1766786874849);
INSERT OR IGNORE INTO healthcare_patients (id, company_id, first_name, last_name, date_of_birth, gender, email, phone, address, city, medical_record_number, blood_type, allergies, notes, status, created_at, updated_at) VALUES ('hc-patient-cardio-00140', 'company-0001', 'Imane', 'Mekouar', 910779540605, 'female', 'imane.mekouar.cardio139@email.com', '+212679229181', 'Adresse 139', 'Rabat', 'MRN-C000140', 'B+', 'Aspirine', 'Patient cardiologie', 'active', 1766786874849, 1766786874849);
INSERT OR IGNORE INTO cardiology_patients (id, company_id, healthcare_patient_id, primary_diagnosis, secondary_diagnoses, risk_level, has_pacemaker, has_stent, smoking_status, family_history, notes, status, created_at, updated_at) VALUES ('cardio-patient-00140', 'company-0001', 'hc-patient-cardio-00140', 'Hypertension arterielle', 'Cardiopathie ischemique', 'medium', 1, 0, 'former', 'positive_second_degree', 'Patient cardiologie', 'active', 1766786874849, 1766786874849);
INSERT OR IGNORE INTO healthcare_patients (id, company_id, first_name, last_name, date_of_birth, gender, email, phone, address, city, medical_record_number, blood_type, allergies, notes, status, created_at, updated_at) VALUES ('hc-patient-cardio-00141', 'company-0001', 'Adil', 'Sqalli', 822422284942, 'female', 'adil.sqalli.cardio140@email.com', '+212699729927', 'Adresse 140', 'Tanger', 'MRN-C000141', 'A+', 'Latex', 'Patient cardiologie', 'active', 1766786874849, 1766786874849);
INSERT OR IGNORE INTO cardiology_patients (id, company_id, healthcare_patient_id, primary_diagnosis, secondary_diagnoses, risk_level, has_pacemaker, has_stent, smoking_status, family_history, notes, status, created_at, updated_at) VALUES ('cardio-patient-00141', 'company-0001', 'hc-patient-cardio-00141', 'Hypertension arterielle', 'Fibrillation auriculaire', 'critical', 0, 0, 'current', 'positive_first_degree', 'Patient cardiologie', 'active', 1766786874849, 1766786874849);
INSERT OR IGNORE INTO healthcare_patients (id, company_id, first_name, last_name, date_of_birth, gender, email, phone, address, city, medical_record_number, blood_type, allergies, notes, status, created_at, updated_at) VALUES ('hc-patient-cardio-00142', 'company-0001', 'Houda', 'Sefrioui', 126772389195, 'female', 'houda.sefrioui.cardio141@email.com', '+212666286697', 'Adresse 141', 'Agadir', 'MRN-C000142', 'AB+', 'Aucune', 'Patient cardiologie', 'active', 1766786874849, 1766786874849);
INSERT OR IGNORE INTO cardiology_patients (id, company_id, healthcare_patient_id, primary_diagnosis, secondary_diagnoses, risk_level, has_pacemaker, has_stent, smoking_status, family_history, notes, status, created_at, updated_at) VALUES ('cardio-patient-00142', 'company-0001', 'hc-patient-cardio-00142', 'Arythmie ventriculaire', 'Fibrillation auriculaire', 'low', 0, 0, 'current', 'positive_second_degree', 'Patient cardiologie', 'active', 1766786874849, 1766786874849);
INSERT OR IGNORE INTO healthcare_patients (id, company_id, first_name, last_name, date_of_birth, gender, email, phone, address, city, medical_record_number, blood_type, allergies, notes, status, created_at, updated_at) VALUES ('hc-patient-cardio-00143', 'company-0001', 'Naima', 'Benjelloun', 409409162134, 'male', 'naima.benjelloun.cardio142@email.com', '+212678417929', 'Adresse 142', 'Fes', 'MRN-C000143', 'O+', 'Aucune', 'Patient cardiologie', 'active', 1766786874849, 1766786874849);
INSERT OR IGNORE INTO cardiology_patients (id, company_id, healthcare_patient_id, primary_diagnosis, secondary_diagnoses, risk_level, has_pacemaker, has_stent, smoking_status, family_history, notes, status, created_at, updated_at) VALUES ('cardio-patient-00143', 'company-0001', 'hc-patient-cardio-00143', 'Pericardite', 'Valvulopathie', 'low', 0, 0, 'never', 'positive_first_degree', 'Patient cardiologie', 'active', 1766786874849, 1766786874849);
INSERT OR IGNORE INTO healthcare_patients (id, company_id, first_name, last_name, date_of_birth, gender, email, phone, address, city, medical_record_number, blood_type, allergies, notes, status, created_at, updated_at) VALUES ('hc-patient-cardio-00144', 'company-0001', 'Driss', 'Hajji', 159668375365, 'female', 'driss.hajji.cardio143@email.com', '+212660361335', 'Adresse 143', 'Marrakech', 'MRN-C000144', 'O+', 'Iode', 'Patient cardiologie', 'active', 1766786874849, 1766786874849);
INSERT OR IGNORE INTO cardiology_patients (id, company_id, healthcare_patient_id, primary_diagnosis, secondary_diagnoses, risk_level, has_pacemaker, has_stent, smoking_status, family_history, notes, status, created_at, updated_at) VALUES ('cardio-patient-00144', 'company-0001', 'hc-patient-cardio-00144', 'Pericardite', 'Pericardite', 'medium', 0, 0, 'never', 'positive_first_degree', 'Patient cardiologie', 'active', 1766786874849, 1766786874849);
INSERT OR IGNORE INTO healthcare_patients (id, company_id, first_name, last_name, date_of_birth, gender, email, phone, address, city, medical_record_number, blood_type, allergies, notes, status, created_at, updated_at) VALUES ('hc-patient-cardio-00145', 'company-0001', 'Jamila', 'Hajji', 316931553619, 'female', 'jamila.hajji.cardio144@email.com', '+212606695026', 'Adresse 144', 'Casablanca', 'MRN-C000145', 'A+', 'Sulfamides', 'Patient cardiologie', 'active', 1766786874849, 1766786874849);
INSERT OR IGNORE INTO cardiology_patients (id, company_id, healthcare_patient_id, primary_diagnosis, secondary_diagnoses, risk_level, has_pacemaker, has_stent, smoking_status, family_history, notes, status, created_at, updated_at) VALUES ('cardio-patient-00145', 'company-0001', 'hc-patient-cardio-00145', 'Fibrillation auriculaire', 'Endocardite', 'medium', 0, 1, 'never', 'positive_second_degree', 'Patient cardiologie', 'active', 1766786874849, 1766786874849);
INSERT OR IGNORE INTO healthcare_patients (id, company_id, first_name, last_name, date_of_birth, gender, email, phone, address, city, medical_record_number, blood_type, allergies, notes, status, created_at, updated_at) VALUES ('hc-patient-cardio-00146', 'company-0001', 'Aziz', 'Naciri', 114126209040, 'female', 'aziz.naciri.cardio145@email.com', '+212692693841', 'Adresse 145', 'Fes', 'MRN-C000146', 'O-', 'Sulfamides', 'Patient cardiologie', 'active', 1766786874849, 1766786874849);
INSERT OR IGNORE INTO cardiology_patients (id, company_id, healthcare_patient_id, primary_diagnosis, secondary_diagnoses, risk_level, has_pacemaker, has_stent, smoking_status, family_history, notes, status, created_at, updated_at) VALUES ('cardio-patient-00146', 'company-0001', 'hc-patient-cardio-00146', 'Cardiopathie ischemique', 'Syndrome coronarien aigu', 'low', 0, 1, 'former', 'none', 'Patient cardiologie', 'active', 1766786874849, 1766786874849);
INSERT OR IGNORE INTO healthcare_patients (id, company_id, first_name, last_name, date_of_birth, gender, email, phone, address, city, medical_record_number, blood_type, allergies, notes, status, created_at, updated_at) VALUES ('hc-patient-cardio-00147', 'company-0001', 'Malika', 'Naciri', -402026547275, 'male', 'malika.naciri.cardio146@email.com', '+212615428268', 'Adresse 146', 'Rabat', 'MRN-C000147', 'O-', 'Sulfamides', 'Patient cardiologie', 'active', 1766786874849, 1766786874849);
INSERT OR IGNORE INTO cardiology_patients (id, company_id, healthcare_patient_id, primary_diagnosis, secondary_diagnoses, risk_level, has_pacemaker, has_stent, smoking_status, family_history, notes, status, created_at, updated_at) VALUES ('cardio-patient-00147', 'company-0001', 'hc-patient-cardio-00147', 'Cardiomyopathie dilatee', 'Hypertension arterielle', 'critical', 0, 0, 'current', 'positive_first_degree', 'Patient cardiologie', 'active', 1766786874849, 1766786874849);
INSERT OR IGNORE INTO healthcare_patients (id, company_id, first_name, last_name, date_of_birth, gender, email, phone, address, city, medical_record_number, blood_type, allergies, notes, status, created_at, updated_at) VALUES ('hc-patient-cardio-00148', 'company-0001', 'Amine', 'Lahrichi', -447707406384, 'male', 'amine.lahrichi.cardio147@email.com', '+212622900761', 'Adresse 147', 'Agadir', 'MRN-C000148', 'AB+', 'Penicilline', 'Patient cardiologie', 'active', 1766786874849, 1766786874849);
INSERT OR IGNORE INTO cardiology_patients (id, company_id, healthcare_patient_id, primary_diagnosis, secondary_diagnoses, risk_level, has_pacemaker, has_stent, smoking_status, family_history, notes, status, created_at, updated_at) VALUES ('cardio-patient-00148', 'company-0001', 'hc-patient-cardio-00148', 'Valvulopathie', 'Fibrillation auriculaire', 'high', 0, 0, 'current', 'none', 'Patient cardiologie', 'active', 1766786874849, 1766786874849);
INSERT OR IGNORE INTO healthcare_patients (id, company_id, first_name, last_name, date_of_birth, gender, email, phone, address, city, medical_record_number, blood_type, allergies, notes, status, created_at, updated_at) VALUES ('hc-patient-cardio-00149', 'company-0001', 'Imane', 'Lahrichi', 796428286777, 'male', 'imane.lahrichi.cardio148@email.com', '+212633271084', 'Adresse 148', 'Tanger', 'MRN-C000149', 'O+', 'Latex', 'Patient cardiologie', 'active', 1766786874849, 1766786874849);
INSERT OR IGNORE INTO cardiology_patients (id, company_id, healthcare_patient_id, primary_diagnosis, secondary_diagnoses, risk_level, has_pacemaker, has_stent, smoking_status, family_history, notes, status, created_at, updated_at) VALUES ('cardio-patient-00149', 'company-0001', 'hc-patient-cardio-00149', 'Fibrillation auriculaire', 'Endocardite', 'high', 1, 0, 'never', 'positive_first_degree', 'Patient cardiologie', 'active', 1766786874849, 1766786874849);
INSERT OR IGNORE INTO healthcare_patients (id, company_id, first_name, last_name, date_of_birth, gender, email, phone, address, city, medical_record_number, blood_type, allergies, notes, status, created_at, updated_at) VALUES ('hc-patient-cardio-00150', 'company-0001', 'Rachid', 'Lahrichi', 819321905369, 'male', 'rachid.lahrichi.cardio149@email.com', '+212681614125', 'Adresse 149', 'Agadir', 'MRN-C000150', 'O+', 'Penicilline', 'Patient cardiologie', 'active', 1766786874849, 1766786874849);
INSERT OR IGNORE INTO cardiology_patients (id, company_id, healthcare_patient_id, primary_diagnosis, secondary_diagnoses, risk_level, has_pacemaker, has_stent, smoking_status, family_history, notes, status, created_at, updated_at) VALUES ('cardio-patient-00150', 'company-0001', 'hc-patient-cardio-00150', 'Valvulopathie', 'Cardiopathie ischemique', 'medium', 0, 0, 'never', 'positive_second_degree', 'Patient cardiologie', 'active', 1766786874849, 1766786874849);
INSERT OR IGNORE INTO healthcare_patients (id, company_id, first_name, last_name, date_of_birth, gender, email, phone, address, city, medical_record_number, blood_type, allergies, notes, status, created_at, updated_at) VALUES ('hc-patient-cardio-00151', 'company-0001', 'Laila', 'Idrissi', 470978948780, 'male', 'laila.idrissi.cardio150@email.com', '+212678590473', 'Adresse 150', 'Marrakech', 'MRN-C000151', 'A+', 'Penicilline', 'Patient cardiologie', 'active', 1766786874849, 1766786874849);
INSERT OR IGNORE INTO cardiology_patients (id, company_id, healthcare_patient_id, primary_diagnosis, secondary_diagnoses, risk_level, has_pacemaker, has_stent, smoking_status, family_history, notes, status, created_at, updated_at) VALUES ('cardio-patient-00151', 'company-0001', 'hc-patient-cardio-00151', 'Hypertension arterielle', 'Insuffisance cardiaque', 'medium', 0, 0, 'current', 'positive_second_degree', 'Patient cardiologie', 'active', 1766786874849, 1766786874849);
INSERT OR IGNORE INTO healthcare_patients (id, company_id, first_name, last_name, date_of_birth, gender, email, phone, address, city, medical_record_number, blood_type, allergies, notes, status, created_at, updated_at) VALUES ('hc-patient-cardio-00152', 'company-0001', 'Brahim', 'El Fassi', -876500774856, 'female', 'brahim.el fassi.cardio151@email.com', '+212673532558', 'Adresse 151', 'Casablanca', 'MRN-C000152', 'B+', 'Aucune', 'Patient cardiologie', 'active', 1766786874849, 1766786874849);
INSERT OR IGNORE INTO cardiology_patients (id, company_id, healthcare_patient_id, primary_diagnosis, secondary_diagnoses, risk_level, has_pacemaker, has_stent, smoking_status, family_history, notes, status, created_at, updated_at) VALUES ('cardio-patient-00152', 'company-0001', 'hc-patient-cardio-00152', 'Cardiomyopathie dilatee', 'Fibrillation auriculaire', 'critical', 0, 0, 'never', 'none', 'Patient cardiologie', 'active', 1766786874849, 1766786874849);
INSERT OR IGNORE INTO healthcare_patients (id, company_id, first_name, last_name, date_of_birth, gender, email, phone, address, city, medical_record_number, blood_type, allergies, notes, status, created_at, updated_at) VALUES ('hc-patient-cardio-00153', 'company-0001', 'Karim', 'El Fassi', -113117304680, 'male', 'karim.el fassi.cardio152@email.com', '+212661007690', 'Adresse 152', 'Marrakech', 'MRN-C000153', 'A-', 'Latex', 'Patient cardiologie', 'active', 1766786874849, 1766786874849);
INSERT OR IGNORE INTO cardiology_patients (id, company_id, healthcare_patient_id, primary_diagnosis, secondary_diagnoses, risk_level, has_pacemaker, has_stent, smoking_status, family_history, notes, status, created_at, updated_at) VALUES ('cardio-patient-00153', 'company-0001', 'hc-patient-cardio-00153', 'Pericardite', 'Pericardite', 'medium', 0, 0, 'never', 'positive_first_degree', 'Patient cardiologie', 'active', 1766786874849, 1766786874849);
INSERT OR IGNORE INTO healthcare_patients (id, company_id, first_name, last_name, date_of_birth, gender, email, phone, address, city, medical_record_number, blood_type, allergies, notes, status, created_at, updated_at) VALUES ('hc-patient-cardio-00154', 'company-0001', 'Souad', 'Sqalli', -58017091844, 'male', 'souad.sqalli.cardio153@email.com', '+212641965369', 'Adresse 153', 'Fes', 'MRN-C000154', 'B+', 'Sulfamides', 'Patient cardiologie', 'active', 1766786874849, 1766786874849);
INSERT OR IGNORE INTO cardiology_patients (id, company_id, healthcare_patient_id, primary_diagnosis, secondary_diagnoses, risk_level, has_pacemaker, has_stent, smoking_status, family_history, notes, status, created_at, updated_at) VALUES ('cardio-patient-00154', 'company-0001', 'hc-patient-cardio-00154', 'Pericardite', 'Pericardite', 'low', 0, 0, 'current', 'none', 'Patient cardiologie', 'active', 1766786874849, 1766786874849);
INSERT OR IGNORE INTO healthcare_patients (id, company_id, first_name, last_name, date_of_birth, gender, email, phone, address, city, medical_record_number, blood_type, allergies, notes, status, created_at, updated_at) VALUES ('hc-patient-cardio-00155', 'company-0001', 'Karima', 'Idrissi', -3991522029, 'male', 'karima.idrissi.cardio154@email.com', '+212611158091', 'Adresse 154', 'Tanger', 'MRN-C000155', 'A+', 'Penicilline', 'Patient cardiologie', 'active', 1766786874849, 1766786874849);
INSERT OR IGNORE INTO cardiology_patients (id, company_id, healthcare_patient_id, primary_diagnosis, secondary_diagnoses, risk_level, has_pacemaker, has_stent, smoking_status, family_history, notes, status, created_at, updated_at) VALUES ('cardio-patient-00155', 'company-0001', 'hc-patient-cardio-00155', 'Syndrome coronarien aigu', 'Insuffisance cardiaque', 'low', 0, 0, 'current', 'positive_second_degree', 'Patient cardiologie', 'active', 1766786874849, 1766786874849);
INSERT OR IGNORE INTO healthcare_patients (id, company_id, first_name, last_name, date_of_birth, gender, email, phone, address, city, medical_record_number, blood_type, allergies, notes, status, created_at, updated_at) VALUES ('hc-patient-cardio-00156', 'company-0001', 'Zineb', 'Filali', -858101395645, 'male', 'zineb.filali.cardio155@email.com', '+212639107954', 'Adresse 155', 'Agadir', 'MRN-C000156', 'AB+', 'Aspirine', 'Patient cardiologie', 'active', 1766786874849, 1766786874849);
INSERT OR IGNORE INTO cardiology_patients (id, company_id, healthcare_patient_id, primary_diagnosis, secondary_diagnoses, risk_level, has_pacemaker, has_stent, smoking_status, family_history, notes, status, created_at, updated_at) VALUES ('cardio-patient-00156', 'company-0001', 'hc-patient-cardio-00156', 'Fibrillation auriculaire', 'Cardiomyopathie dilatee', 'medium', 0, 0, 'current', 'none', 'Patient cardiologie', 'active', 1766786874849, 1766786874849);
INSERT OR IGNORE INTO healthcare_patients (id, company_id, first_name, last_name, date_of_birth, gender, email, phone, address, city, medical_record_number, blood_type, allergies, notes, status, created_at, updated_at) VALUES ('hc-patient-cardio-00157', 'company-0001', 'Jamal', 'Zniber', -301134514463, 'male', 'jamal.zniber.cardio156@email.com', '+212648875488', 'Adresse 156', 'Tanger', 'MRN-C000157', 'B-', 'Latex', 'Patient cardiologie', 'active', 1766786874849, 1766786874849);
INSERT OR IGNORE INTO cardiology_patients (id, company_id, healthcare_patient_id, primary_diagnosis, secondary_diagnoses, risk_level, has_pacemaker, has_stent, smoking_status, family_history, notes, status, created_at, updated_at) VALUES ('cardio-patient-00157', 'company-0001', 'hc-patient-cardio-00157', 'Cardiomyopathie dilatee', 'Hypertension arterielle', 'medium', 0, 0, 'current', 'positive_first_degree', 'Patient cardiologie', 'active', 1766786874849, 1766786874849);
INSERT OR IGNORE INTO healthcare_patients (id, company_id, first_name, last_name, date_of_birth, gender, email, phone, address, city, medical_record_number, blood_type, allergies, notes, status, created_at, updated_at) VALUES ('hc-patient-cardio-00158', 'company-0001', 'Nabil', 'Tazi', 564529511856, 'male', 'nabil.tazi.cardio157@email.com', '+212692602023', 'Adresse 157', 'Agadir', 'MRN-C000158', 'A-', 'Iode', 'Patient cardiologie', 'active', 1766786874849, 1766786874849);
INSERT OR IGNORE INTO cardiology_patients (id, company_id, healthcare_patient_id, primary_diagnosis, secondary_diagnoses, risk_level, has_pacemaker, has_stent, smoking_status, family_history, notes, status, created_at, updated_at) VALUES ('cardio-patient-00158', 'company-0001', 'hc-patient-cardio-00158', 'Endocardite', 'Arythmie ventriculaire', 'high', 0, 0, 'current', 'positive_first_degree', 'Patient cardiologie', 'active', 1766786874849, 1766786874849);
INSERT OR IGNORE INTO healthcare_patients (id, company_id, first_name, last_name, date_of_birth, gender, email, phone, address, city, medical_record_number, blood_type, allergies, notes, status, created_at, updated_at) VALUES ('hc-patient-cardio-00159', 'company-0001', 'Siham', 'Alaoui', 347678135511, 'male', 'siham.alaoui.cardio158@email.com', '+212606385660', 'Adresse 158', 'Agadir', 'MRN-C000159', 'O-', 'Latex', 'Patient cardiologie', 'active', 1766786874849, 1766786874849);
INSERT OR IGNORE INTO cardiology_patients (id, company_id, healthcare_patient_id, primary_diagnosis, secondary_diagnoses, risk_level, has_pacemaker, has_stent, smoking_status, family_history, notes, status, created_at, updated_at) VALUES ('cardio-patient-00159', 'company-0001', 'hc-patient-cardio-00159', 'Endocardite', 'Endocardite', 'critical', 0, 1, 'former', 'none', 'Patient cardiologie', 'active', 1766786874849, 1766786874849);
INSERT OR IGNORE INTO healthcare_patients (id, company_id, first_name, last_name, date_of_birth, gender, email, phone, address, city, medical_record_number, blood_type, allergies, notes, status, created_at, updated_at) VALUES ('hc-patient-cardio-00160', 'company-0001', 'Jamal', 'Filali', -485154073403, 'female', 'jamal.filali.cardio159@email.com', '+212659826030', 'Adresse 159', 'Marrakech', 'MRN-C000160', 'O-', 'Aucune', 'Patient cardiologie', 'active', 1766786874849, 1766786874849);
INSERT OR IGNORE INTO cardiology_patients (id, company_id, healthcare_patient_id, primary_diagnosis, secondary_diagnoses, risk_level, has_pacemaker, has_stent, smoking_status, family_history, notes, status, created_at, updated_at) VALUES ('cardio-patient-00160', 'company-0001', 'hc-patient-cardio-00160', 'Valvulopathie', 'Cardiopathie ischemique', 'medium', 0, 0, 'never', 'positive_first_degree', 'Patient cardiologie', 'active', 1766786874849, 1766786874849);