INSERT OR IGNORE INTO dialyse_maintenance_records (id, organization_id, machine_id, maintenance_type, description, scheduled_date, completed_date, status, technician_name, cost, notes, created_at, updated_at) VALUES ('dial-maint-0121', 'org-health-001', 'dial-machine-0133', 'inspection', 'Maintenance inspection', 1745841858396, NULL, 'cancelled', 'Technicien 120', 1934.28, 'Intervention maintenance', 1767179304348, 1767179304348);
INSERT OR IGNORE INTO dialyse_maintenance_records (id, organization_id, machine_id, maintenance_type, description, scheduled_date, completed_date, status, technician_name, cost, notes, created_at, updated_at) VALUES ('dial-maint-0122', 'org-health-001', 'dial-machine-0107', 'inspection', 'Maintenance inspection', 1735775690440, NULL, 'in_progress', 'Technicien 121', 1359.21, 'Intervention maintenance', 1767179304348, 1767179304348);
INSERT OR IGNORE INTO dialyse_maintenance_records (id, organization_id, machine_id, maintenance_type, description, scheduled_date, completed_date, status, technician_name, cost, notes, created_at, updated_at) VALUES ('dial-maint-0123', 'org-health-001', 'dial-machine-0101', 'preventive', 'Maintenance preventive', 1751186680616, NULL, 'scheduled', 'Technicien 122', 985.75, 'Intervention maintenance', 1767179304348, 1767179304348);
INSERT OR IGNORE INTO dialyse_maintenance_records (id, organization_id, machine_id, maintenance_type, description, scheduled_date, completed_date, status, technician_name, cost, notes, created_at, updated_at) VALUES ('dial-maint-0124', 'org-health-001', 'dial-machine-0125', 'corrective', 'Maintenance corrective', 1717372925982, 1767179304348, 'completed', 'Technicien 123', 1030.83, 'Intervention maintenance', 1767179304348, 1767179304348);
INSERT OR IGNORE INTO dialyse_maintenance_records (id, organization_id, machine_id, maintenance_type, description, scheduled_date, completed_date, status, technician_name, cost, notes, created_at, updated_at) VALUES ('dial-maint-0125', 'org-health-001', 'dial-machine-0133', 'inspection', 'Maintenance inspection', 1730295566140, NULL, 'in_progress', 'Technicien 124', 1621.98, 'Intervention maintenance', 1767179304348, 1767179304348);
INSERT OR IGNORE INTO dialyse_maintenance_records (id, organization_id, machine_id, maintenance_type, description, scheduled_date, completed_date, status, technician_name, cost, notes, created_at, updated_at) VALUES ('dial-maint-0126', 'org-health-001', 'dial-machine-0122', 'inspection', 'Maintenance inspection', 1754552402883, NULL, 'in_progress', 'Technicien 125', 1844.92, 'Intervention maintenance', 1767179304348, 1767179304348);
INSERT OR IGNORE INTO dialyse_maintenance_records (id, organization_id, machine_id, maintenance_type, description, scheduled_date, completed_date, status, technician_name, cost, notes, created_at, updated_at) VALUES ('dial-maint-0127', 'org-health-001', 'dial-machine-0118', 'preventive', 'Maintenance preventive', 1717347452446, NULL, 'scheduled', 'Technicien 126', 843.92, 'Intervention maintenance', 1767179304348, 1767179304348);
INSERT OR IGNORE INTO dialyse_maintenance_records (id, organization_id, machine_id, maintenance_type, description, scheduled_date, completed_date, status, technician_name, cost, notes, created_at, updated_at) VALUES ('dial-maint-0128', 'org-health-001', 'dial-machine-0130', 'calibration', 'Maintenance calibration', 1755299361004, NULL, 'in_progress', 'Technicien 127', 1483.43, 'Intervention maintenance', 1767179304348, 1767179304348);
INSERT OR IGNORE INTO dialyse_maintenance_records (id, organization_id, machine_id, maintenance_type, description, scheduled_date, completed_date, status, technician_name, cost, notes, created_at, updated_at) VALUES ('dial-maint-0129', 'org-health-001', 'dial-machine-0142', 'corrective', 'Maintenance corrective', 1757151252798, NULL, 'in_progress', 'Technicien 128', 972.5, 'Intervention maintenance', 1767179304348, 1767179304348);
INSERT OR IGNORE INTO dialyse_maintenance_records (id, organization_id, machine_id, maintenance_type, description, scheduled_date, completed_date, status, technician_name, cost, notes, created_at, updated_at) VALUES ('dial-maint-0130', 'org-health-001', 'dial-machine-0121', 'inspection', 'Maintenance inspection', 1706277535725, NULL, 'in_progress', 'Technicien 129', 1089.27, 'Intervention maintenance', 1767179304348, 1767179304348);
INSERT OR IGNORE INTO dialyse_maintenance_records (id, organization_id, machine_id, maintenance_type, description, scheduled_date, completed_date, status, technician_name, cost, notes, created_at, updated_at) VALUES ('dial-maint-0131', 'org-health-001', 'dial-machine-0111', 'inspection', 'Maintenance inspection', 1730623214360, 1767179304348, 'completed', 'Technicien 130', 1501.72, 'Intervention maintenance', 1767179304348, 1767179304348);
INSERT OR IGNORE INTO dialyse_maintenance_records (id, organization_id, machine_id, maintenance_type, description, scheduled_date, completed_date, status, technician_name, cost, notes, created_at, updated_at) VALUES ('dial-maint-0132', 'org-health-001', 'dial-machine-0139', 'corrective', 'Maintenance corrective', 1713651628871, NULL, 'cancelled', 'Technicien 131', 178.24, 'Intervention maintenance', 1767179304348, 1767179304348);
INSERT OR IGNORE INTO dialyse_maintenance_records (id, organization_id, machine_id, maintenance_type, description, scheduled_date, completed_date, status, technician_name, cost, notes, created_at, updated_at) VALUES ('dial-maint-0133', 'org-health-001', 'dial-machine-0106', 'calibration', 'Maintenance calibration', 1718451211235, NULL, 'scheduled', 'Technicien 132', 357.99, 'Intervention maintenance', 1767179304348, 1767179304348);
INSERT OR IGNORE INTO dialyse_maintenance_records (id, organization_id, machine_id, maintenance_type, description, scheduled_date, completed_date, status, technician_name, cost, notes, created_at, updated_at) VALUES ('dial-maint-0134', 'org-health-001', 'dial-machine-0147', 'preventive', 'Maintenance preventive', 1749359867908, NULL, 'scheduled', 'Technicien 133', 1023.27, 'Intervention maintenance', 1767179304348, 1767179304348);
INSERT OR IGNORE INTO dialyse_maintenance_records (id, organization_id, machine_id, maintenance_type, description, scheduled_date, completed_date, status, technician_name, cost, notes, created_at, updated_at) VALUES ('dial-maint-0135', 'org-health-001', 'dial-machine-0146', 'preventive', 'Maintenance preventive', 1750588831728, NULL, 'cancelled', 'Technicien 134', 1516.41, 'Intervention maintenance', 1767179304348, 1767179304348);
INSERT OR IGNORE INTO dialyse_maintenance_records (id, organization_id, machine_id, maintenance_type, description, scheduled_date, completed_date, status, technician_name, cost, notes, created_at, updated_at) VALUES ('dial-maint-0136', 'org-health-001', 'dial-machine-0128', 'calibration', 'Maintenance calibration', 1761483772435, NULL, 'in_progress', 'Technicien 135', 1429.12, 'Intervention maintenance', 1767179304348, 1767179304348);
INSERT OR IGNORE INTO dialyse_maintenance_records (id, organization_id, machine_id, maintenance_type, description, scheduled_date, completed_date, status, technician_name, cost, notes, created_at, updated_at) VALUES ('dial-maint-0137', 'org-health-001', 'dial-machine-0103', 'inspection', 'Maintenance inspection', 1738016717324, 1767179304348, 'completed', 'Technicien 136', 1562.28, 'Intervention maintenance', 1767179304348, 1767179304348);
INSERT OR IGNORE INTO dialyse_maintenance_records (id, organization_id, machine_id, maintenance_type, description, scheduled_date, completed_date, status, technician_name, cost, notes, created_at, updated_at) VALUES ('dial-maint-0138', 'org-health-001', 'dial-machine-0138', 'inspection', 'Maintenance inspection', 1720084780355, 1767179304348, 'completed', 'Technicien 137', 1265.35, 'Intervention maintenance', 1767179304348, 1767179304348);
INSERT OR IGNORE INTO dialyse_maintenance_records (id, organization_id, machine_id, maintenance_type, description, scheduled_date, completed_date, status, technician_name, cost, notes, created_at, updated_at) VALUES ('dial-maint-0139', 'org-health-001', 'dial-machine-0134', 'corrective', 'Maintenance corrective', 1752153167025, NULL, 'in_progress', 'Technicien 138', 163.81, 'Intervention maintenance', 1767179304348, 1767179304348);
INSERT OR IGNORE INTO dialyse_maintenance_records (id, organization_id, machine_id, maintenance_type, description, scheduled_date, completed_date, status, technician_name, cost, notes, created_at, updated_at) VALUES ('dial-maint-0140', 'org-health-001', 'dial-machine-0114', 'inspection', 'Maintenance inspection', 1711502305473, NULL, 'in_progress', 'Technicien 139', 1600.14, 'Intervention maintenance', 1767179304348, 1767179304348);
INSERT OR IGNORE INTO dialyse_maintenance_records (id, organization_id, machine_id, maintenance_type, description, scheduled_date, completed_date, status, technician_name, cost, notes, created_at, updated_at) VALUES ('dial-maint-0141', 'org-health-001', 'dial-machine-0146', 'inspection', 'Maintenance inspection', 1748338494595, NULL, 'scheduled', 'Technicien 140', 1161.21, 'Intervention maintenance', 1767179304348, 1767179304348);
INSERT OR IGNORE INTO dialyse_maintenance_records (id, organization_id, machine_id, maintenance_type, description, scheduled_date, completed_date, status, technician_name, cost, notes, created_at, updated_at) VALUES ('dial-maint-0142', 'org-health-001', 'dial-machine-0135', 'calibration', 'Maintenance calibration', 1717055095919, NULL, 'scheduled', 'Technicien 141', 500.44, 'Intervention maintenance', 1767179304348, 1767179304348);
INSERT OR IGNORE INTO dialyse_maintenance_records (id, organization_id, machine_id, maintenance_type, description, scheduled_date, completed_date, status, technician_name, cost, notes, created_at, updated_at) VALUES ('dial-maint-0143', 'org-health-001', 'dial-machine-0112', 'inspection', 'Maintenance inspection', 1726477594871, NULL, 'scheduled', 'Technicien 142', 1655.13, 'Intervention maintenance', 1767179304348, 1767179304348);
INSERT OR IGNORE INTO dialyse_maintenance_records (id, organization_id, machine_id, maintenance_type, description, scheduled_date, completed_date, status, technician_name, cost, notes, created_at, updated_at) VALUES ('dial-maint-0144', 'org-health-001', 'dial-machine-0144', 'preventive', 'Maintenance preventive', 1706849150816, 1767179304348, 'completed', 'Technicien 143', 985.41, 'Intervention maintenance', 1767179304348, 1767179304348);
INSERT OR IGNORE INTO dialyse_maintenance_records (id, organization_id, machine_id, maintenance_type, description, scheduled_date, completed_date, status, technician_name, cost, notes, created_at, updated_at) VALUES ('dial-maint-0145', 'org-health-001', 'dial-machine-0127', 'calibration', 'Maintenance calibration', 1726566621299, NULL, 'cancelled', 'Technicien 144', 1843.58, 'Intervention maintenance', 1767179304348, 1767179304348);
INSERT OR IGNORE INTO dialyse_maintenance_records (id, organization_id, machine_id, maintenance_type, description, scheduled_date, completed_date, status, technician_name, cost, notes, created_at, updated_at) VALUES ('dial-maint-0146', 'org-health-001', 'dial-machine-0101', 'preventive', 'Maintenance preventive', 1757983961981, NULL, 'in_progress', 'Technicien 145', 176.79, 'Intervention maintenance', 1767179304348, 1767179304348);
INSERT OR IGNORE INTO dialyse_maintenance_records (id, organization_id, machine_id, maintenance_type, description, scheduled_date, completed_date, status, technician_name, cost, notes, created_at, updated_at) VALUES ('dial-maint-0147', 'org-health-001', 'dial-machine-0100', 'calibration', 'Maintenance calibration', 1717965182506, NULL, 'scheduled', 'Technicien 146', 581.34, 'Intervention maintenance', 1767179304348, 1767179304348);
INSERT OR IGNORE INTO dialyse_maintenance_records (id, organization_id, machine_id, maintenance_type, description, scheduled_date, completed_date, status, technician_name, cost, notes, created_at, updated_at) VALUES ('dial-maint-0148', 'org-health-001', 'dial-machine-0123', 'corrective', 'Maintenance corrective', 1727313793477, 1767179304348, 'completed', 'Technicien 147', 1096.43, 'Intervention maintenance', 1767179304348, 1767179304348);
INSERT OR IGNORE INTO dialyse_maintenance_records (id, organization_id, machine_id, maintenance_type, description, scheduled_date, completed_date, status, technician_name, cost, notes, created_at, updated_at) VALUES ('dial-maint-0149', 'org-health-001', 'dial-machine-0136', 'preventive', 'Maintenance preventive', 1750790850303, NULL, 'in_progress', 'Technicien 148', 1094.99, 'Intervention maintenance', 1767179304348, 1767179304348);
INSERT OR IGNORE INTO dialyse_maintenance_records (id, organization_id, machine_id, maintenance_type, description, scheduled_date, completed_date, status, technician_name, cost, notes, created_at, updated_at) VALUES ('dial-maint-0150', 'org-health-001', 'dial-machine-0114', 'inspection', 'Maintenance inspection', 1711702170665, NULL, 'scheduled', 'Technicien 149', 495.31, 'Intervention maintenance', 1767179304348, 1767179304348);
INSERT OR IGNORE INTO dialyse_maintenance_records (id, organization_id, machine_id, maintenance_type, description, scheduled_date, completed_date, status, technician_name, cost, notes, created_at, updated_at) VALUES ('dial-maint-0151', 'org-health-001', 'dial-machine-0112', 'inspection', 'Maintenance inspection', 1715602232756, NULL, 'cancelled', 'Technicien 150', 581.82, 'Intervention maintenance', 1767179304348, 1767179304348);
INSERT OR IGNORE INTO dialyse_maintenance_records (id, organization_id, machine_id, maintenance_type, description, scheduled_date, completed_date, status, technician_name, cost, notes, created_at, updated_at) VALUES ('dial-maint-0152', 'org-health-001', 'dial-machine-0105', 'inspection', 'Maintenance inspection', 1766448616962, NULL, 'cancelled', 'Technicien 151', 1871.75, 'Intervention maintenance', 1767179304348, 1767179304348);
INSERT OR IGNORE INTO dialyse_maintenance_records (id, organization_id, machine_id, maintenance_type, description, scheduled_date, completed_date, status, technician_name, cost, notes, created_at, updated_at) VALUES ('dial-maint-0153', 'org-health-001', 'dial-machine-0100', 'calibration', 'Maintenance calibration', 1749636186142, NULL, 'scheduled', 'Technicien 152', 1633.35, 'Intervention maintenance', 1767179304348, 1767179304348);
INSERT OR IGNORE INTO dialyse_maintenance_records (id, organization_id, machine_id, maintenance_type, description, scheduled_date, completed_date, status, technician_name, cost, notes, created_at, updated_at) VALUES ('dial-maint-0154', 'org-health-001', 'dial-machine-0112', 'calibration', 'Maintenance calibration', 1747133110594, NULL, 'cancelled', 'Technicien 153', 1063.34, 'Intervention maintenance', 1767179304348, 1767179304348);
INSERT OR IGNORE INTO dialyse_maintenance_records (id, organization_id, machine_id, maintenance_type, description, scheduled_date, completed_date, status, technician_name, cost, notes, created_at, updated_at) VALUES ('dial-maint-0155', 'org-health-001', 'dial-machine-0106', 'preventive', 'Maintenance preventive', 1714260995157, 1767179304348, 'completed', 'Technicien 154', 556.58, 'Intervention maintenance', 1767179304348, 1767179304348);
INSERT OR IGNORE INTO dialyse_maintenance_records (id, organization_id, machine_id, maintenance_type, description, scheduled_date, completed_date, status, technician_name, cost, notes, created_at, updated_at) VALUES ('dial-maint-0156', 'org-health-001', 'dial-machine-0137', 'calibration', 'Maintenance calibration', 1726153477023, NULL, 'scheduled', 'Technicien 155', 1098.99, 'Intervention maintenance', 1767179304348, 1767179304348);
INSERT OR IGNORE INTO dialyse_maintenance_records (id, organization_id, machine_id, maintenance_type, description, scheduled_date, completed_date, status, technician_name, cost, notes, created_at, updated_at) VALUES ('dial-maint-0157', 'org-health-001', 'dial-machine-0104', 'corrective', 'Maintenance corrective', 1760117858731, NULL, 'in_progress', 'Technicien 156', 1784.14, 'Intervention maintenance', 1767179304348, 1767179304348);
INSERT OR IGNORE INTO dialyse_maintenance_records (id, organization_id, machine_id, maintenance_type, description, scheduled_date, completed_date, status, technician_name, cost, notes, created_at, updated_at) VALUES ('dial-maint-0158', 'org-health-001', 'dial-machine-0143', 'corrective', 'Maintenance corrective', 1747546091409, 1767179304348, 'completed', 'Technicien 157', 1741.51, 'Intervention maintenance', 1767179304348, 1767179304348);
INSERT OR IGNORE INTO dialyse_maintenance_records (id, organization_id, machine_id, maintenance_type, description, scheduled_date, completed_date, status, technician_name, cost, notes, created_at, updated_at) VALUES ('dial-maint-0159', 'org-health-001', 'dial-machine-0129', 'calibration', 'Maintenance calibration', 1723230691279, NULL, 'scheduled', 'Technicien 158', 1983.77, 'Intervention maintenance', 1767179304348, 1767179304348);
INSERT OR IGNORE INTO dialyse_maintenance_records (id, organization_id, machine_id, maintenance_type, description, scheduled_date, completed_date, status, technician_name, cost, notes, created_at, updated_at) VALUES ('dial-maint-0160', 'org-health-001', 'dial-machine-0102', 'calibration', 'Maintenance calibration', 1748511368013, 1767179304348, 'completed', 'Technicien 159', 1719.22, 'Intervention maintenance', 1767179304348, 1767179304348);
INSERT OR IGNORE INTO dialyse_maintenance_records (id, organization_id, machine_id, maintenance_type, description, scheduled_date, completed_date, status, technician_name, cost, notes, created_at, updated_at) VALUES ('dial-maint-0161', 'org-health-001', 'dial-machine-0139', 'inspection', 'Maintenance inspection', 1734620100155, 1767179304348, 'completed', 'Technicien 160', 1868.02, 'Intervention maintenance', 1767179304348, 1767179304348);
INSERT OR IGNORE INTO dialyse_maintenance_records (id, organization_id, machine_id, maintenance_type, description, scheduled_date, completed_date, status, technician_name, cost, notes, created_at, updated_at) VALUES ('dial-maint-0162', 'org-health-001', 'dial-machine-0132', 'corrective', 'Maintenance corrective', 1722110114511, 1767179304348, 'completed', 'Technicien 161', 1755.3, 'Intervention maintenance', 1767179304348, 1767179304348);
INSERT OR IGNORE INTO dialyse_maintenance_records (id, organization_id, machine_id, maintenance_type, description, scheduled_date, completed_date, status, technician_name, cost, notes, created_at, updated_at) VALUES ('dial-maint-0163', 'org-health-001', 'dial-machine-0138', 'preventive', 'Maintenance preventive', 1742606757850, NULL, 'scheduled', 'Technicien 162', 690.96, 'Intervention maintenance', 1767179304348, 1767179304348);
INSERT OR IGNORE INTO dialyse_maintenance_records (id, organization_id, machine_id, maintenance_type, description, scheduled_date, completed_date, status, technician_name, cost, notes, created_at, updated_at) VALUES ('dial-maint-0164', 'org-health-001', 'dial-machine-0142', 'corrective', 'Maintenance corrective', 1709050686299, NULL, 'in_progress', 'Technicien 163', 840.6, 'Intervention maintenance', 1767179304348, 1767179304348);
INSERT OR IGNORE INTO dialyse_maintenance_records (id, organization_id, machine_id, maintenance_type, description, scheduled_date, completed_date, status, technician_name, cost, notes, created_at, updated_at) VALUES ('dial-maint-0165', 'org-health-001', 'dial-machine-0127', 'calibration', 'Maintenance calibration', 1755167761544, NULL, 'scheduled', 'Technicien 164', 1665.35, 'Intervention maintenance', 1767179304348, 1767179304348);
INSERT OR IGNORE INTO dialyse_maintenance_records (id, organization_id, machine_id, maintenance_type, description, scheduled_date, completed_date, status, technician_name, cost, notes, created_at, updated_at) VALUES ('dial-maint-0166', 'org-health-001', 'dial-machine-0135', 'calibration', 'Maintenance calibration', 1724445372577, NULL, 'cancelled', 'Technicien 165', 1831.55, 'Intervention maintenance', 1767179304348, 1767179304348);
INSERT OR IGNORE INTO dialyse_maintenance_records (id, organization_id, machine_id, maintenance_type, description, scheduled_date, completed_date, status, technician_name, cost, notes, created_at, updated_at) VALUES ('dial-maint-0167', 'org-health-001', 'dial-machine-0145', 'corrective', 'Maintenance corrective', 1750018691981, NULL, 'in_progress', 'Technicien 166', 129.53, 'Intervention maintenance', 1767179304348, 1767179304348);
INSERT OR IGNORE INTO dialyse_maintenance_records (id, organization_id, machine_id, maintenance_type, description, scheduled_date, completed_date, status, technician_name, cost, notes, created_at, updated_at) VALUES ('dial-maint-0168', 'org-health-001', 'dial-machine-0129', 'preventive', 'Maintenance preventive', 1731854800169, NULL, 'cancelled', 'Technicien 167', 783.09, 'Intervention maintenance', 1767179304348, 1767179304348);
INSERT OR IGNORE INTO dialyse_maintenance_records (id, organization_id, machine_id, maintenance_type, description, scheduled_date, completed_date, status, technician_name, cost, notes, created_at, updated_at) VALUES ('dial-maint-0169', 'org-health-001', 'dial-machine-0139', 'preventive', 'Maintenance preventive', 1765735214136, NULL, 'scheduled', 'Technicien 168', 122.99, 'Intervention maintenance', 1767179304348, 1767179304348);
INSERT OR IGNORE INTO dialyse_maintenance_records (id, organization_id, machine_id, maintenance_type, description, scheduled_date, completed_date, status, technician_name, cost, notes, created_at, updated_at) VALUES ('dial-maint-0170', 'org-health-001', 'dial-machine-0141', 'corrective', 'Maintenance corrective', 1736637102966, 1767179304348, 'completed', 'Technicien 169', 908.51, 'Intervention maintenance', 1767179304348, 1767179304348);
INSERT OR IGNORE INTO dialyse_maintenance_records (id, organization_id, machine_id, maintenance_type, description, scheduled_date, completed_date, status, technician_name, cost, notes, created_at, updated_at) VALUES ('dial-maint-0171', 'org-health-001', 'dial-machine-0121', 'inspection', 'Maintenance inspection', 1720603157477, NULL, 'scheduled', 'Technicien 170', 1310.07, 'Intervention maintenance', 1767179304348, 1767179304348);
INSERT OR IGNORE INTO dialyse_maintenance_records (id, organization_id, machine_id, maintenance_type, description, scheduled_date, completed_date, status, technician_name, cost, notes, created_at, updated_at) VALUES ('dial-maint-0172', 'org-health-001', 'dial-machine-0122', 'corrective', 'Maintenance corrective', 1741466377524, 1767179304348, 'completed', 'Technicien 171', 654.98, 'Intervention maintenance', 1767179304348, 1767179304348);
INSERT OR IGNORE INTO dialyse_maintenance_records (id, organization_id, machine_id, maintenance_type, description, scheduled_date, completed_date, status, technician_name, cost, notes, created_at, updated_at) VALUES ('dial-maint-0173', 'org-health-001', 'dial-machine-0117', 'inspection', 'Maintenance inspection', 1720439500010, 1767179304348, 'completed', 'Technicien 172', 1492.87, 'Intervention maintenance', 1767179304348, 1767179304348);
INSERT OR IGNORE INTO dialyse_maintenance_records (id, organization_id, machine_id, maintenance_type, description, scheduled_date, completed_date, status, technician_name, cost, notes, created_at, updated_at) VALUES ('dial-maint-0174', 'org-health-001', 'dial-machine-0112', 'calibration', 'Maintenance calibration', 1705924801818, NULL, 'in_progress', 'Technicien 173', 1521.06, 'Intervention maintenance', 1767179304348, 1767179304348);
INSERT OR IGNORE INTO dialyse_maintenance_records (id, organization_id, machine_id, maintenance_type, description, scheduled_date, completed_date, status, technician_name, cost, notes, created_at, updated_at) VALUES ('dial-maint-0175', 'org-health-001', 'dial-machine-0128', 'inspection', 'Maintenance inspection', 1725003057398, NULL, 'cancelled', 'Technicien 174', 762.6, 'Intervention maintenance', 1767179304348, 1767179304348);
INSERT OR IGNORE INTO dialyse_maintenance_records (id, organization_id, machine_id, maintenance_type, description, scheduled_date, completed_date, status, technician_name, cost, notes, created_at, updated_at) VALUES ('dial-maint-0176', 'org-health-001', 'dial-machine-0108', 'corrective', 'Maintenance corrective', 1723476318176, NULL, 'in_progress', 'Technicien 175', 823.89, 'Intervention maintenance', 1767179304348, 1767179304348);
INSERT OR IGNORE INTO dialyse_maintenance_records (id, organization_id, machine_id, maintenance_type, description, scheduled_date, completed_date, status, technician_name, cost, notes, created_at, updated_at) VALUES ('dial-maint-0177', 'org-health-001', 'dial-machine-0135', 'calibration', 'Maintenance calibration', 1748408298417, NULL, 'in_progress', 'Technicien 176', 1087.96, 'Intervention maintenance', 1767179304348, 1767179304348);
INSERT OR IGNORE INTO dialyse_maintenance_records (id, organization_id, machine_id, maintenance_type, description, scheduled_date, completed_date, status, technician_name, cost, notes, created_at, updated_at) VALUES ('dial-maint-0178', 'org-health-001', 'dial-machine-0110', 'preventive', 'Maintenance preventive', 1715959147430, NULL, 'cancelled', 'Technicien 177', 1712.07, 'Intervention maintenance', 1767179304348, 1767179304348);
INSERT OR IGNORE INTO dialyse_maintenance_records (id, organization_id, machine_id, maintenance_type, description, scheduled_date, completed_date, status, technician_name, cost, notes, created_at, updated_at) VALUES ('dial-maint-0179', 'org-health-001', 'dial-machine-0119', 'preventive', 'Maintenance preventive', 1754990258799, 1767179304348, 'completed', 'Technicien 178', 1810.65, 'Intervention maintenance', 1767179304348, 1767179304348);
INSERT OR IGNORE INTO dialyse_maintenance_records (id, organization_id, machine_id, maintenance_type, description, scheduled_date, completed_date, status, technician_name, cost, notes, created_at, updated_at) VALUES ('dial-maint-0180', 'org-health-001', 'dial-machine-0129', 'preventive', 'Maintenance preventive', 1741811737771, NULL, 'cancelled', 'Technicien 179', 1591.88, 'Intervention maintenance', 1767179304348, 1767179304348);
INSERT OR IGNORE INTO dialyse_maintenance_records (id, organization_id, machine_id, maintenance_type, description, scheduled_date, completed_date, status, technician_name, cost, notes, created_at, updated_at) VALUES ('dial-maint-0181', 'org-health-001', 'dial-machine-0128', 'corrective', 'Maintenance corrective', 1715237181486, NULL, 'in_progress', 'Technicien 180', 1321.19, 'Intervention maintenance', 1767179304348, 1767179304348);
INSERT OR IGNORE INTO dialyse_maintenance_records (id, organization_id, machine_id, maintenance_type, description, scheduled_date, completed_date, status, technician_name, cost, notes, created_at, updated_at) VALUES ('dial-maint-0182', 'org-health-001', 'dial-machine-0145', 'preventive', 'Maintenance preventive', 1763145656806, NULL, 'in_progress', 'Technicien 181', 460.24, 'Intervention maintenance', 1767179304348, 1767179304348);
INSERT OR IGNORE INTO dialyse_maintenance_records (id, organization_id, machine_id, maintenance_type, description, scheduled_date, completed_date, status, technician_name, cost, notes, created_at, updated_at) VALUES ('dial-maint-0183', 'org-health-001', 'dial-machine-0121', 'calibration', 'Maintenance calibration', 1755905763428, NULL, 'in_progress', 'Technicien 182', 1375.24, 'Intervention maintenance', 1767179304348, 1767179304348);
INSERT OR IGNORE INTO dialyse_maintenance_records (id, organization_id, machine_id, maintenance_type, description, scheduled_date, completed_date, status, technician_name, cost, notes, created_at, updated_at) VALUES ('dial-maint-0184', 'org-health-001', 'dial-machine-0147', 'calibration', 'Maintenance calibration', 1728014494027, NULL, 'cancelled', 'Technicien 183', 429.26, 'Intervention maintenance', 1767179304348, 1767179304348);
INSERT OR IGNORE INTO dialyse_maintenance_records (id, organization_id, machine_id, maintenance_type, description, scheduled_date, completed_date, status, technician_name, cost, notes, created_at, updated_at) VALUES ('dial-maint-0185', 'org-health-001', 'dial-machine-0105', 'calibration', 'Maintenance calibration', 1736071415631, 1767179304348, 'completed', 'Technicien 184', 1376.69, 'Intervention maintenance', 1767179304348, 1767179304348);
INSERT OR IGNORE INTO dialyse_maintenance_records (id, organization_id, machine_id, maintenance_type, description, scheduled_date, completed_date, status, technician_name, cost, notes, created_at, updated_at) VALUES ('dial-maint-0186', 'org-health-001', 'dial-machine-0136', 'inspection', 'Maintenance inspection', 1736244268159, NULL, 'in_progress', 'Technicien 185', 862.32, 'Intervention maintenance', 1767179304348, 1767179304348);
INSERT OR IGNORE INTO dialyse_maintenance_records (id, organization_id, machine_id, maintenance_type, description, scheduled_date, completed_date, status, technician_name, cost, notes, created_at, updated_at) VALUES ('dial-maint-0187', 'org-health-001', 'dial-machine-0115', 'calibration', 'Maintenance calibration', 1727881634783, NULL, 'in_progress', 'Technicien 186', 1802.18, 'Intervention maintenance', 1767179304348, 1767179304348);
INSERT OR IGNORE INTO dialyse_maintenance_records (id, organization_id, machine_id, maintenance_type, description, scheduled_date, completed_date, status, technician_name, cost, notes, created_at, updated_at) VALUES ('dial-maint-0188', 'org-health-001', 'dial-machine-0112', 'calibration', 'Maintenance calibration', 1724763652765, 1767179304348, 'completed', 'Technicien 187', 1631.34, 'Intervention maintenance', 1767179304348, 1767179304348);
INSERT OR IGNORE INTO dialyse_maintenance_records (id, organization_id, machine_id, maintenance_type, description, scheduled_date, completed_date, status, technician_name, cost, notes, created_at, updated_at) VALUES ('dial-maint-0189', 'org-health-001', 'dial-machine-0107', 'corrective', 'Maintenance corrective', 1707589298607, NULL, 'cancelled', 'Technicien 188', 556.76, 'Intervention maintenance', 1767179304348, 1767179304348);
INSERT OR IGNORE INTO dialyse_maintenance_records (id, organization_id, machine_id, maintenance_type, description, scheduled_date, completed_date, status, technician_name, cost, notes, created_at, updated_at) VALUES ('dial-maint-0190', 'org-health-001', 'dial-machine-0105', 'preventive', 'Maintenance preventive', 1732098550925, NULL, 'cancelled', 'Technicien 189', 1129.24, 'Intervention maintenance', 1767179304348, 1767179304348);
INSERT OR IGNORE INTO dialyse_maintenance_records (id, organization_id, machine_id, maintenance_type, description, scheduled_date, completed_date, status, technician_name, cost, notes, created_at, updated_at) VALUES ('dial-maint-0191', 'org-health-001', 'dial-machine-0132', 'calibration', 'Maintenance calibration', 1711330047433, 1767179304348, 'completed', 'Technicien 190', 327.72, 'Intervention maintenance', 1767179304348, 1767179304348);
INSERT OR IGNORE INTO dialyse_maintenance_records (id, organization_id, machine_id, maintenance_type, description, scheduled_date, completed_date, status, technician_name, cost, notes, created_at, updated_at) VALUES ('dial-maint-0192', 'org-health-001', 'dial-machine-0138', 'calibration', 'Maintenance calibration', 1726306078317, NULL, 'scheduled', 'Technicien 191', 411.82, 'Intervention maintenance', 1767179304348, 1767179304348);
INSERT OR IGNORE INTO dialyse_maintenance_records (id, organization_id, machine_id, maintenance_type, description, scheduled_date, completed_date, status, technician_name, cost, notes, created_at, updated_at) VALUES ('dial-maint-0193', 'org-health-001', 'dial-machine-0126', 'preventive', 'Maintenance preventive', 1735510474405, NULL, 'scheduled', 'Technicien 192', 1932.62, 'Intervention maintenance', 1767179304348, 1767179304348);
INSERT OR IGNORE INTO dialyse_maintenance_records (id, organization_id, machine_id, maintenance_type, description, scheduled_date, completed_date, status, technician_name, cost, notes, created_at, updated_at) VALUES ('dial-maint-0194', 'org-health-001', 'dial-machine-0137', 'corrective', 'Maintenance corrective', 1738838021697, NULL, 'in_progress', 'Technicien 193', 622.86, 'Intervention maintenance', 1767179304348, 1767179304348);
INSERT OR IGNORE INTO dialyse_maintenance_records (id, organization_id, machine_id, maintenance_type, description, scheduled_date, completed_date, status, technician_name, cost, notes, created_at, updated_at) VALUES ('dial-maint-0195', 'org-health-001', 'dial-machine-0122', 'corrective', 'Maintenance corrective', 1725987616311, NULL, 'in_progress', 'Technicien 194', 758.91, 'Intervention maintenance', 1767179304348, 1767179304348);
INSERT OR IGNORE INTO dialyse_maintenance_records (id, organization_id, machine_id, maintenance_type, description, scheduled_date, completed_date, status, technician_name, cost, notes, created_at, updated_at) VALUES ('dial-maint-0196', 'org-health-001', 'dial-machine-0113', 'calibration', 'Maintenance calibration', 1732376764230, NULL, 'cancelled', 'Technicien 195', 1617.97, 'Intervention maintenance', 1767179304348, 1767179304348);
INSERT OR IGNORE INTO dialyse_maintenance_records (id, organization_id, machine_id, maintenance_type, description, scheduled_date, completed_date, status, technician_name, cost, notes, created_at, updated_at) VALUES ('dial-maint-0197', 'org-health-001', 'dial-machine-0110', 'inspection', 'Maintenance inspection', 1715842613894, NULL, 'scheduled', 'Technicien 196', 1462.92, 'Intervention maintenance', 1767179304348, 1767179304348);
INSERT OR IGNORE INTO dialyse_maintenance_records (id, organization_id, machine_id, maintenance_type, description, scheduled_date, completed_date, status, technician_name, cost, notes, created_at, updated_at) VALUES ('dial-maint-0198', 'org-health-001', 'dial-machine-0104', 'corrective', 'Maintenance corrective', 1715413755302, NULL, 'scheduled', 'Technicien 197', 495.73, 'Intervention maintenance', 1767179304348, 1767179304348);
INSERT OR IGNORE INTO dialyse_maintenance_records (id, organization_id, machine_id, maintenance_type, description, scheduled_date, completed_date, status, technician_name, cost, notes, created_at, updated_at) VALUES ('dial-maint-0199', 'org-health-001', 'dial-machine-0138', 'preventive', 'Maintenance preventive', 1760893277571, NULL, 'scheduled', 'Technicien 198', 1374.49, 'Intervention maintenance', 1767179304348, 1767179304348);
INSERT OR IGNORE INTO dialyse_maintenance_records (id, organization_id, machine_id, maintenance_type, description, scheduled_date, completed_date, status, technician_name, cost, notes, created_at, updated_at) VALUES ('dial-maint-0200', 'org-health-001', 'dial-machine-0106', 'inspection', 'Maintenance inspection', 1738292442671, NULL, 'scheduled', 'Technicien 199', 1679.68, 'Intervention maintenance', 1767179304348, 1767179304348);
INSERT OR IGNORE INTO dialyse_maintenance_records (id, organization_id, machine_id, maintenance_type, description, scheduled_date, completed_date, status, technician_name, cost, notes, created_at, updated_at) VALUES ('dial-maint-0201', 'org-health-001', 'dial-machine-0147', 'calibration', 'Maintenance calibration', 1720554043988, 1767179304348, 'completed', 'Technicien 200', 1628.64, 'Intervention maintenance', 1767179304348, 1767179304348);
INSERT OR IGNORE INTO dialyse_maintenance_records (id, organization_id, machine_id, maintenance_type, description, scheduled_date, completed_date, status, technician_name, cost, notes, created_at, updated_at) VALUES ('dial-maint-0202', 'org-health-001', 'dial-machine-0119', 'corrective', 'Maintenance corrective', 1739750380875, NULL, 'scheduled', 'Technicien 201', 1996.29, 'Intervention maintenance', 1767179304348, 1767179304348);
INSERT OR IGNORE INTO dialyse_maintenance_records (id, organization_id, machine_id, maintenance_type, description, scheduled_date, completed_date, status, technician_name, cost, notes, created_at, updated_at) VALUES ('dial-maint-0203', 'org-health-001', 'dial-machine-0137', 'preventive', 'Maintenance preventive', 1727565436495, NULL, 'in_progress', 'Technicien 202', 1267.4, 'Intervention maintenance', 1767179304348, 1767179304348);
INSERT OR IGNORE INTO dialyse_maintenance_records (id, organization_id, machine_id, maintenance_type, description, scheduled_date, completed_date, status, technician_name, cost, notes, created_at, updated_at) VALUES ('dial-maint-0204', 'org-health-001', 'dial-machine-0115', 'inspection', 'Maintenance inspection', 1766803285271, NULL, 'cancelled', 'Technicien 203', 1724.28, 'Intervention maintenance', 1767179304348, 1767179304348);
INSERT OR IGNORE INTO dialyse_maintenance_records (id, organization_id, machine_id, maintenance_type, description, scheduled_date, completed_date, status, technician_name, cost, notes, created_at, updated_at) VALUES ('dial-maint-0205', 'org-health-001', 'dial-machine-0136', 'inspection', 'Maintenance inspection', 1740775677705, 1767179304348, 'completed', 'Technicien 204', 488.6, 'Intervention maintenance', 1767179304348, 1767179304348);
INSERT OR IGNORE INTO dialyse_maintenance_records (id, organization_id, machine_id, maintenance_type, description, scheduled_date, completed_date, status, technician_name, cost, notes, created_at, updated_at) VALUES ('dial-maint-0206', 'org-health-001', 'dial-machine-0113', 'calibration', 'Maintenance calibration', 1763528230296, 1767179304348, 'completed', 'Technicien 205', 1232.08, 'Intervention maintenance', 1767179304348, 1767179304348);
INSERT OR IGNORE INTO dialyse_maintenance_records (id, organization_id, machine_id, maintenance_type, description, scheduled_date, completed_date, status, technician_name, cost, notes, created_at, updated_at) VALUES ('dial-maint-0207', 'org-health-001', 'dial-machine-0149', 'preventive', 'Maintenance preventive', 1707587975392, 1767179304348, 'completed', 'Technicien 206', 432.22, 'Intervention maintenance', 1767179304348, 1767179304348);
INSERT OR IGNORE INTO dialyse_maintenance_records (id, organization_id, machine_id, maintenance_type, description, scheduled_date, completed_date, status, technician_name, cost, notes, created_at, updated_at) VALUES ('dial-maint-0208', 'org-health-001', 'dial-machine-0114', 'preventive', 'Maintenance preventive', 1713532266295, NULL, 'in_progress', 'Technicien 207', 328.7, 'Intervention maintenance', 1767179304348, 1767179304348);
INSERT OR IGNORE INTO dialyse_maintenance_records (id, organization_id, machine_id, maintenance_type, description, scheduled_date, completed_date, status, technician_name, cost, notes, created_at, updated_at) VALUES ('dial-maint-0209', 'org-health-001', 'dial-machine-0133', 'preventive', 'Maintenance preventive', 1713345058989, NULL, 'cancelled', 'Technicien 208', 1688.46, 'Intervention maintenance', 1767179304348, 1767179304348);
INSERT OR IGNORE INTO dialyse_maintenance_records (id, organization_id, machine_id, maintenance_type, description, scheduled_date, completed_date, status, technician_name, cost, notes, created_at, updated_at) VALUES ('dial-maint-0210', 'org-health-001', 'dial-machine-0101', 'inspection', 'Maintenance inspection', 1737851852394, NULL, 'cancelled', 'Technicien 209', 1554.69, 'Intervention maintenance', 1767179304348, 1767179304348);
INSERT OR IGNORE INTO dialyse_maintenance_records (id, organization_id, machine_id, maintenance_type, description, scheduled_date, completed_date, status, technician_name, cost, notes, created_at, updated_at) VALUES ('dial-maint-0211', 'org-health-001', 'dial-machine-0102', 'calibration', 'Maintenance calibration', 1732130708970, NULL, 'in_progress', 'Technicien 210', 680.44, 'Intervention maintenance', 1767179304348, 1767179304348);
INSERT OR IGNORE INTO dialyse_maintenance_records (id, organization_id, machine_id, maintenance_type, description, scheduled_date, completed_date, status, technician_name, cost, notes, created_at, updated_at) VALUES ('dial-maint-0212', 'org-health-001', 'dial-machine-0114', 'inspection', 'Maintenance inspection', 1713207268753, NULL, 'in_progress', 'Technicien 211', 927.17, 'Intervention maintenance', 1767179304348, 1767179304348);
INSERT OR IGNORE INTO dialyse_maintenance_records (id, organization_id, machine_id, maintenance_type, description, scheduled_date, completed_date, status, technician_name, cost, notes, created_at, updated_at) VALUES ('dial-maint-0213', 'org-health-001', 'dial-machine-0106', 'inspection', 'Maintenance inspection', 1705339993012, NULL, 'scheduled', 'Technicien 212', 829.35, 'Intervention maintenance', 1767179304348, 1767179304348);
INSERT OR IGNORE INTO dialyse_maintenance_records (id, organization_id, machine_id, maintenance_type, description, scheduled_date, completed_date, status, technician_name, cost, notes, created_at, updated_at) VALUES ('dial-maint-0214', 'org-health-001', 'dial-machine-0137', 'preventive', 'Maintenance preventive', 1728281161772, NULL, 'in_progress', 'Technicien 213', 1204.24, 'Intervention maintenance', 1767179304348, 1767179304348);
INSERT OR IGNORE INTO dialyse_maintenance_records (id, organization_id, machine_id, maintenance_type, description, scheduled_date, completed_date, status, technician_name, cost, notes, created_at, updated_at) VALUES ('dial-maint-0215', 'org-health-001', 'dial-machine-0132', 'preventive', 'Maintenance preventive', 1726064544642, 1767179304348, 'completed', 'Technicien 214', 1639.94, 'Intervention maintenance', 1767179304348, 1767179304348);
INSERT OR IGNORE INTO dialyse_maintenance_records (id, organization_id, machine_id, maintenance_type, description, scheduled_date, completed_date, status, technician_name, cost, notes, created_at, updated_at) VALUES ('dial-maint-0216', 'org-health-001', 'dial-machine-0149', 'corrective', 'Maintenance corrective', 1765041112686, 1767179304348, 'completed', 'Technicien 215', 1338.12, 'Intervention maintenance', 1767179304348, 1767179304348);
INSERT OR IGNORE INTO dialyse_maintenance_records (id, organization_id, machine_id, maintenance_type, description, scheduled_date, completed_date, status, technician_name, cost, notes, created_at, updated_at) VALUES ('dial-maint-0217', 'org-health-001', 'dial-machine-0112', 'calibration', 'Maintenance calibration', 1715576502494, NULL, 'in_progress', 'Technicien 216', 1080.22, 'Intervention maintenance', 1767179304348, 1767179304348);
INSERT OR IGNORE INTO dialyse_maintenance_records (id, organization_id, machine_id, maintenance_type, description, scheduled_date, completed_date, status, technician_name, cost, notes, created_at, updated_at) VALUES ('dial-maint-0218', 'org-health-001', 'dial-machine-0140', 'calibration', 'Maintenance calibration', 1748813480336, NULL, 'cancelled', 'Technicien 217', 792.64, 'Intervention maintenance', 1767179304348, 1767179304348);
INSERT OR IGNORE INTO dialyse_maintenance_records (id, organization_id, machine_id, maintenance_type, description, scheduled_date, completed_date, status, technician_name, cost, notes, created_at, updated_at) VALUES ('dial-maint-0219', 'org-health-001', 'dial-machine-0137', 'inspection', 'Maintenance inspection', 1716355794897, NULL, 'cancelled', 'Technicien 218', 1886.49, 'Intervention maintenance', 1767179304348, 1767179304348);
INSERT OR IGNORE INTO dialyse_maintenance_records (id, organization_id, machine_id, maintenance_type, description, scheduled_date, completed_date, status, technician_name, cost, notes, created_at, updated_at) VALUES ('dial-maint-0220', 'org-health-001', 'dial-machine-0141', 'calibration', 'Maintenance calibration', 1758909375796, NULL, 'in_progress', 'Technicien 219', 460.43, 'Intervention maintenance', 1767179304348, 1767179304348);
INSERT OR IGNORE INTO dialyse_maintenance_records (id, organization_id, machine_id, maintenance_type, description, scheduled_date, completed_date, status, technician_name, cost, notes, created_at, updated_at) VALUES ('dial-maint-0221', 'org-health-001', 'dial-machine-0114', 'calibration', 'Maintenance calibration', 1751501321003, 1767179304348, 'completed', 'Technicien 220', 424.11, 'Intervention maintenance', 1767179304348, 1767179304348);
INSERT OR IGNORE INTO dialyse_maintenance_records (id, organization_id, machine_id, maintenance_type, description, scheduled_date, completed_date, status, technician_name, cost, notes, created_at, updated_at) VALUES ('dial-maint-0222', 'org-health-001', 'dial-machine-0125', 'preventive', 'Maintenance preventive', 1755396268867, NULL, 'cancelled', 'Technicien 221', 950.49, 'Intervention maintenance', 1767179304348, 1767179304348);
INSERT OR IGNORE INTO dialyse_maintenance_records (id, organization_id, machine_id, maintenance_type, description, scheduled_date, completed_date, status, technician_name, cost, notes, created_at, updated_at) VALUES ('dial-maint-0223', 'org-health-001', 'dial-machine-0147', 'corrective', 'Maintenance corrective', 1738885742147, NULL, 'in_progress', 'Technicien 222', 851.95, 'Intervention maintenance', 1767179304348, 1767179304348);
INSERT OR IGNORE INTO dialyse_maintenance_records (id, organization_id, machine_id, maintenance_type, description, scheduled_date, completed_date, status, technician_name, cost, notes, created_at, updated_at) VALUES ('dial-maint-0224', 'org-health-001', 'dial-machine-0134', 'inspection', 'Maintenance inspection', 1744225600309, NULL, 'scheduled', 'Technicien 223', 198.94, 'Intervention maintenance', 1767179304348, 1767179304348);
INSERT OR IGNORE INTO dialyse_maintenance_records (id, organization_id, machine_id, maintenance_type, description, scheduled_date, completed_date, status, technician_name, cost, notes, created_at, updated_at) VALUES ('dial-maint-0225', 'org-health-001', 'dial-machine-0143', 'preventive', 'Maintenance preventive', 1735267497703, NULL, 'in_progress', 'Technicien 224', 1843.58, 'Intervention maintenance', 1767179304348, 1767179304348);
INSERT OR IGNORE INTO dialyse_maintenance_records (id, organization_id, machine_id, maintenance_type, description, scheduled_date, completed_date, status, technician_name, cost, notes, created_at, updated_at) VALUES ('dial-maint-0226', 'org-health-001', 'dial-machine-0136', 'preventive', 'Maintenance preventive', 1745253958546, NULL, 'scheduled', 'Technicien 225', 1966.1, 'Intervention maintenance', 1767179304348, 1767179304348);
INSERT OR IGNORE INTO dialyse_maintenance_records (id, organization_id, machine_id, maintenance_type, description, scheduled_date, completed_date, status, technician_name, cost, notes, created_at, updated_at) VALUES ('dial-maint-0227', 'org-health-001', 'dial-machine-0110', 'corrective', 'Maintenance corrective', 1711344898951, NULL, 'scheduled', 'Technicien 226', 438.15, 'Intervention maintenance', 1767179304348, 1767179304348);
INSERT OR IGNORE INTO dialyse_maintenance_records (id, organization_id, machine_id, maintenance_type, description, scheduled_date, completed_date, status, technician_name, cost, notes, created_at, updated_at) VALUES ('dial-maint-0228', 'org-health-001', 'dial-machine-0124', 'preventive', 'Maintenance preventive', 1745964741795, 1767179304348, 'completed', 'Technicien 227', 462.43, 'Intervention maintenance', 1767179304348, 1767179304348);
INSERT OR IGNORE INTO dialyse_maintenance_records (id, organization_id, machine_id, maintenance_type, description, scheduled_date, completed_date, status, technician_name, cost, notes, created_at, updated_at) VALUES ('dial-maint-0229', 'org-health-001', 'dial-machine-0115', 'preventive', 'Maintenance preventive', 1739443081990, 1767179304348, 'completed', 'Technicien 228', 635.89, 'Intervention maintenance', 1767179304348, 1767179304348);
INSERT OR IGNORE INTO dialyse_maintenance_records (id, organization_id, machine_id, maintenance_type, description, scheduled_date, completed_date, status, technician_name, cost, notes, created_at, updated_at) VALUES ('dial-maint-0230', 'org-health-001', 'dial-machine-0118', 'inspection', 'Maintenance inspection', 1748335534892, 1767179304348, 'completed', 'Technicien 229', 640.32, 'Intervention maintenance', 1767179304348, 1767179304348);
INSERT OR IGNORE INTO dialyse_maintenance_records (id, organization_id, machine_id, maintenance_type, description, scheduled_date, completed_date, status, technician_name, cost, notes, created_at, updated_at) VALUES ('dial-maint-0231', 'org-health-001', 'dial-machine-0142', 'calibration', 'Maintenance calibration', 1714834901096, NULL, 'scheduled', 'Technicien 230', 510.27, 'Intervention maintenance', 1767179304348, 1767179304348);
INSERT OR IGNORE INTO dialyse_maintenance_records (id, organization_id, machine_id, maintenance_type, description, scheduled_date, completed_date, status, technician_name, cost, notes, created_at, updated_at) VALUES ('dial-maint-0232', 'org-health-001', 'dial-machine-0114', 'calibration', 'Maintenance calibration', 1738206088449, NULL, 'in_progress', 'Technicien 231', 1306.38, 'Intervention maintenance', 1767179304348, 1767179304348);
INSERT OR IGNORE INTO dialyse_maintenance_records (id, organization_id, machine_id, maintenance_type, description, scheduled_date, completed_date, status, technician_name, cost, notes, created_at, updated_at) VALUES ('dial-maint-0233', 'org-health-001', 'dial-machine-0105', 'preventive', 'Maintenance preventive', 1715791716783, NULL, 'in_progress', 'Technicien 232', 575.99, 'Intervention maintenance', 1767179304348, 1767179304348);
INSERT OR IGNORE INTO dialyse_maintenance_records (id, organization_id, machine_id, maintenance_type, description, scheduled_date, completed_date, status, technician_name, cost, notes, created_at, updated_at) VALUES ('dial-maint-0234', 'org-health-001', 'dial-machine-0109', 'calibration', 'Maintenance calibration', 1765080404754, 1767179304348, 'completed', 'Technicien 233', 1252.27, 'Intervention maintenance', 1767179304348, 1767179304348);
INSERT OR IGNORE INTO dialyse_maintenance_records (id, organization_id, machine_id, maintenance_type, description, scheduled_date, completed_date, status, technician_name, cost, notes, created_at, updated_at) VALUES ('dial-maint-0235', 'org-health-001', 'dial-machine-0146', 'inspection', 'Maintenance inspection', 1720572787618, NULL, 'cancelled', 'Technicien 234', 1898.6, 'Intervention maintenance', 1767179304348, 1767179304348);
INSERT OR IGNORE INTO dialyse_maintenance_records (id, organization_id, machine_id, maintenance_type, description, scheduled_date, completed_date, status, technician_name, cost, notes, created_at, updated_at) VALUES ('dial-maint-0236', 'org-health-001', 'dial-machine-0133', 'preventive', 'Maintenance preventive', 1709298363844, NULL, 'scheduled', 'Technicien 235', 565.11, 'Intervention maintenance', 1767179304348, 1767179304348);
INSERT OR IGNORE INTO dialyse_maintenance_records (id, organization_id, machine_id, maintenance_type, description, scheduled_date, completed_date, status, technician_name, cost, notes, created_at, updated_at) VALUES ('dial-maint-0237', 'org-health-001', 'dial-machine-0127', 'corrective', 'Maintenance corrective', 1745951595569, NULL, 'in_progress', 'Technicien 236', 1535.89, 'Intervention maintenance', 1767179304348, 1767179304348);
INSERT OR IGNORE INTO dialyse_maintenance_records (id, organization_id, machine_id, maintenance_type, description, scheduled_date, completed_date, status, technician_name, cost, notes, created_at, updated_at) VALUES ('dial-maint-0238', 'org-health-001', 'dial-machine-0125', 'corrective', 'Maintenance corrective', 1748171384692, NULL, 'in_progress', 'Technicien 237', 1605.41, 'Intervention maintenance', 1767179304348, 1767179304348);
INSERT OR IGNORE INTO dialyse_maintenance_records (id, organization_id, machine_id, maintenance_type, description, scheduled_date, completed_date, status, technician_name, cost, notes, created_at, updated_at) VALUES ('dial-maint-0239', 'org-health-001', 'dial-machine-0105', 'calibration', 'Maintenance calibration', 1721688685170, NULL, 'scheduled', 'Technicien 238', 1599.24, 'Intervention maintenance', 1767179304348, 1767179304348);
INSERT OR IGNORE INTO dialyse_maintenance_records (id, organization_id, machine_id, maintenance_type, description, scheduled_date, completed_date, status, technician_name, cost, notes, created_at, updated_at) VALUES ('dial-maint-0240', 'org-health-001', 'dial-machine-0114', 'calibration', 'Maintenance calibration', 1765245555801, NULL, 'in_progress', 'Technicien 239', 1307.7, 'Intervention maintenance', 1767179304348, 1767179304348);
INSERT OR IGNORE INTO dialyse_maintenance_records (id, organization_id, machine_id, maintenance_type, description, scheduled_date, completed_date, status, technician_name, cost, notes, created_at, updated_at) VALUES ('dial-maint-0241', 'org-health-001', 'dial-machine-0116', 'inspection', 'Maintenance inspection', 1765381072821, NULL, 'cancelled', 'Technicien 240', 1214.64, 'Intervention maintenance', 1767179304348, 1767179304348);
INSERT OR IGNORE INTO dialyse_maintenance_records (id, organization_id, machine_id, maintenance_type, description, scheduled_date, completed_date, status, technician_name, cost, notes, created_at, updated_at) VALUES ('dial-maint-0242', 'org-health-001', 'dial-machine-0103', 'calibration', 'Maintenance calibration', 1752903118456, NULL, 'cancelled', 'Technicien 241', 1534.15, 'Intervention maintenance', 1767179304351, 1767179304351);
INSERT OR IGNORE INTO dialyse_maintenance_records (id, organization_id, machine_id, maintenance_type, description, scheduled_date, completed_date, status, technician_name, cost, notes, created_at, updated_at) VALUES ('dial-maint-0243', 'org-health-001', 'dial-machine-0121', 'inspection', 'Maintenance inspection', 1743902297248, 1767179304351, 'completed', 'Technicien 242', 680.06, 'Intervention maintenance', 1767179304351, 1767179304351);
INSERT OR IGNORE INTO dialyse_maintenance_records (id, organization_id, machine_id, maintenance_type, description, scheduled_date, completed_date, status, technician_name, cost, notes, created_at, updated_at) VALUES ('dial-maint-0244', 'org-health-001', 'dial-machine-0149', 'preventive', 'Maintenance preventive', 1711597495747, NULL, 'cancelled', 'Technicien 243', 1957.64, 'Intervention maintenance', 1767179304351, 1767179304351);
INSERT OR IGNORE INTO dialyse_maintenance_records (id, organization_id, machine_id, maintenance_type, description, scheduled_date, completed_date, status, technician_name, cost, notes, created_at, updated_at) VALUES ('dial-maint-0245', 'org-health-001', 'dial-machine-0122', 'corrective', 'Maintenance corrective', 1762203732748, 1767179304351, 'completed', 'Technicien 244', 1178.1, 'Intervention maintenance', 1767179304351, 1767179304351);
INSERT OR IGNORE INTO dialyse_maintenance_records (id, organization_id, machine_id, maintenance_type, description, scheduled_date, completed_date, status, technician_name, cost, notes, created_at, updated_at) VALUES ('dial-maint-0246', 'org-health-001', 'dial-machine-0141', 'preventive', 'Maintenance preventive', 1712349681673, NULL, 'scheduled', 'Technicien 245', 1963.35, 'Intervention maintenance', 1767179304351, 1767179304351);
INSERT OR IGNORE INTO dialyse_maintenance_records (id, organization_id, machine_id, maintenance_type, description, scheduled_date, completed_date, status, technician_name, cost, notes, created_at, updated_at) VALUES ('dial-maint-0247', 'org-health-001', 'dial-machine-0125', 'preventive', 'Maintenance preventive', 1715750481145, NULL, 'scheduled', 'Technicien 246', 951.88, 'Intervention maintenance', 1767179304351, 1767179304351);
INSERT OR IGNORE INTO dialyse_maintenance_records (id, organization_id, machine_id, maintenance_type, description, scheduled_date, completed_date, status, technician_name, cost, notes, created_at, updated_at) VALUES ('dial-maint-0248', 'org-health-001', 'dial-machine-0122', 'preventive', 'Maintenance preventive', 1710864369102, 1767179304351, 'completed', 'Technicien 247', 1313.22, 'Intervention maintenance', 1767179304351, 1767179304351);
INSERT OR IGNORE INTO dialyse_maintenance_records (id, organization_id, machine_id, maintenance_type, description, scheduled_date, completed_date, status, technician_name, cost, notes, created_at, updated_at) VALUES ('dial-maint-0249', 'org-health-001', 'dial-machine-0101', 'calibration', 'Maintenance calibration', 1761527653570, NULL, 'scheduled', 'Technicien 248', 1061.2, 'Intervention maintenance', 1767179304351, 1767179304351);
INSERT OR IGNORE INTO dialyse_maintenance_records (id, organization_id, machine_id, maintenance_type, description, scheduled_date, completed_date, status, technician_name, cost, notes, created_at, updated_at) VALUES ('dial-maint-0250', 'org-health-001', 'dial-machine-0104', 'preventive', 'Maintenance preventive', 1742461341466, 1767179304351, 'completed', 'Technicien 249', 285, 'Intervention maintenance', 1767179304351, 1767179304351);
INSERT OR IGNORE INTO dialyse_maintenance_records (id, organization_id, machine_id, maintenance_type, description, scheduled_date, completed_date, status, technician_name, cost, notes, created_at, updated_at) VALUES ('dial-maint-0251', 'org-health-001', 'dial-machine-0135', 'inspection', 'Maintenance inspection', 1726935099050, NULL, 'in_progress', 'Technicien 250', 1385.81, 'Intervention maintenance', 1767179304351, 1767179304351);
INSERT OR IGNORE INTO dialyse_maintenance_records (id, organization_id, machine_id, maintenance_type, description, scheduled_date, completed_date, status, technician_name, cost, notes, created_at, updated_at) VALUES ('dial-maint-0252', 'org-health-001', 'dial-machine-0111', 'preventive', 'Maintenance preventive', 1766240825740, NULL, 'cancelled', 'Technicien 251', 1177.29, 'Intervention maintenance', 1767179304351, 1767179304351);
INSERT OR IGNORE INTO dialyse_maintenance_records (id, organization_id, machine_id, maintenance_type, description, scheduled_date, completed_date, status, technician_name, cost, notes, created_at, updated_at) VALUES ('dial-maint-0253', 'org-health-001', 'dial-machine-0123', 'preventive', 'Maintenance preventive', 1745380184689, NULL, 'scheduled', 'Technicien 252', 1944.56, 'Intervention maintenance', 1767179304351, 1767179304351);
INSERT OR IGNORE INTO dialyse_maintenance_records (id, organization_id, machine_id, maintenance_type, description, scheduled_date, completed_date, status, technician_name, cost, notes, created_at, updated_at) VALUES ('dial-maint-0254', 'org-health-001', 'dial-machine-0129', 'calibration', 'Maintenance calibration', 1739455059121, NULL, 'scheduled', 'Technicien 253', 1586.59, 'Intervention maintenance', 1767179304351, 1767179304351);
INSERT OR IGNORE INTO dialyse_maintenance_records (id, organization_id, machine_id, maintenance_type, description, scheduled_date, completed_date, status, technician_name, cost, notes, created_at, updated_at) VALUES ('dial-maint-0255', 'org-health-001', 'dial-machine-0139', 'calibration', 'Maintenance calibration', 1704991733131, 1767179304351, 'completed', 'Technicien 254', 1441.23, 'Intervention maintenance', 1767179304351, 1767179304351);
INSERT OR IGNORE INTO dialyse_maintenance_records (id, organization_id, machine_id, maintenance_type, description, scheduled_date, completed_date, status, technician_name, cost, notes, created_at, updated_at) VALUES ('dial-maint-0256', 'org-health-001', 'dial-machine-0115', 'corrective', 'Maintenance corrective', 1712298057547, NULL, 'in_progress', 'Technicien 255', 591.33, 'Intervention maintenance', 1767179304351, 1767179304351);
INSERT OR IGNORE INTO dialyse_maintenance_records (id, organization_id, machine_id, maintenance_type, description, scheduled_date, completed_date, status, technician_name, cost, notes, created_at, updated_at) VALUES ('dial-maint-0257', 'org-health-001', 'dial-machine-0101', 'inspection', 'Maintenance inspection', 1718158683477, 1767179304351, 'completed', 'Technicien 256', 707.22, 'Intervention maintenance', 1767179304351, 1767179304351);
INSERT OR IGNORE INTO dialyse_maintenance_records (id, organization_id, machine_id, maintenance_type, description, scheduled_date, completed_date, status, technician_name, cost, notes, created_at, updated_at) VALUES ('dial-maint-0258', 'org-health-001', 'dial-machine-0129', 'preventive', 'Maintenance preventive', 1712289042590, NULL, 'scheduled', 'Technicien 257', 1793.64, 'Intervention maintenance', 1767179304351, 1767179304351);
INSERT OR IGNORE INTO dialyse_maintenance_records (id, organization_id, machine_id, maintenance_type, description, scheduled_date, completed_date, status, technician_name, cost, notes, created_at, updated_at) VALUES ('dial-maint-0259', 'org-health-001', 'dial-machine-0122', 'inspection', 'Maintenance inspection', 1732344964179, NULL, 'in_progress', 'Technicien 258', 1057.6, 'Intervention maintenance', 1767179304351, 1767179304351);
INSERT OR IGNORE INTO dialyse_maintenance_records (id, organization_id, machine_id, maintenance_type, description, scheduled_date, completed_date, status, technician_name, cost, notes, created_at, updated_at) VALUES ('dial-maint-0260', 'org-health-001', 'dial-machine-0108', 'corrective', 'Maintenance corrective', 1747925988133, NULL, 'scheduled', 'Technicien 259', 1792.27, 'Intervention maintenance', 1767179304351, 1767179304351);
INSERT OR IGNORE INTO dialyse_maintenance_records (id, organization_id, machine_id, maintenance_type, description, scheduled_date, completed_date, status, technician_name, cost, notes, created_at, updated_at) VALUES ('dial-maint-0261', 'org-health-001', 'dial-machine-0144', 'preventive', 'Maintenance preventive', 1726727252331, NULL, 'scheduled', 'Technicien 260', 1417.95, 'Intervention maintenance', 1767179304351, 1767179304351);
INSERT OR IGNORE INTO dialyse_maintenance_records (id, organization_id, machine_id, maintenance_type, description, scheduled_date, completed_date, status, technician_name, cost, notes, created_at, updated_at) VALUES ('dial-maint-0262', 'org-health-001', 'dial-machine-0136', 'calibration', 'Maintenance calibration', 1766017840932, NULL, 'scheduled', 'Technicien 261', 714.51, 'Intervention maintenance', 1767179304351, 1767179304351);
INSERT OR IGNORE INTO dialyse_maintenance_records (id, organization_id, machine_id, maintenance_type, description, scheduled_date, completed_date, status, technician_name, cost, notes, created_at, updated_at) VALUES ('dial-maint-0263', 'org-health-001', 'dial-machine-0141', 'corrective', 'Maintenance corrective', 1721255897000, NULL, 'scheduled', 'Technicien 262', 812.26, 'Intervention maintenance', 1767179304351, 1767179304351);
INSERT OR IGNORE INTO dialyse_maintenance_records (id, organization_id, machine_id, maintenance_type, description, scheduled_date, completed_date, status, technician_name, cost, notes, created_at, updated_at) VALUES ('dial-maint-0264', 'org-health-001', 'dial-machine-0117', 'preventive', 'Maintenance preventive', 1750903639509, 1767179304351, 'completed', 'Technicien 263', 1715.46, 'Intervention maintenance', 1767179304351, 1767179304351);
INSERT OR IGNORE INTO dialyse_maintenance_records (id, organization_id, machine_id, maintenance_type, description, scheduled_date, completed_date, status, technician_name, cost, notes, created_at, updated_at) VALUES ('dial-maint-0265', 'org-health-001', 'dial-machine-0142', 'calibration', 'Maintenance calibration', 1760971492455, NULL, 'cancelled', 'Technicien 264', 1599.43, 'Intervention maintenance', 1767179304351, 1767179304351);
INSERT OR IGNORE INTO dialyse_maintenance_records (id, organization_id, machine_id, maintenance_type, description, scheduled_date, completed_date, status, technician_name, cost, notes, created_at, updated_at) VALUES ('dial-maint-0266', 'org-health-001', 'dial-machine-0147', 'corrective', 'Maintenance corrective', 1766848715030, 1767179304351, 'completed', 'Technicien 265', 541.88, 'Intervention maintenance', 1767179304351, 1767179304351);
INSERT OR IGNORE INTO dialyse_maintenance_records (id, organization_id, machine_id, maintenance_type, description, scheduled_date, completed_date, status, technician_name, cost, notes, created_at, updated_at) VALUES ('dial-maint-0267', 'org-health-001', 'dial-machine-0135', 'calibration', 'Maintenance calibration', 1704510693148, NULL, 'scheduled', 'Technicien 266', 1539.43, 'Intervention maintenance', 1767179304351, 1767179304351);
INSERT OR IGNORE INTO dialyse_maintenance_records (id, organization_id, machine_id, maintenance_type, description, scheduled_date, completed_date, status, technician_name, cost, notes, created_at, updated_at) VALUES ('dial-maint-0268', 'org-health-001', 'dial-machine-0123', 'calibration', 'Maintenance calibration', 1711993045720, NULL, 'cancelled', 'Technicien 267', 791.1, 'Intervention maintenance', 1767179304351, 1767179304351);
INSERT OR IGNORE INTO dialyse_maintenance_records (id, organization_id, machine_id, maintenance_type, description, scheduled_date, completed_date, status, technician_name, cost, notes, created_at, updated_at) VALUES ('dial-maint-0269', 'org-health-001', 'dial-machine-0110', 'inspection', 'Maintenance inspection', 1726049615773, NULL, 'cancelled', 'Technicien 268', 330.03, 'Intervention maintenance', 1767179304351, 1767179304351);
INSERT OR IGNORE INTO dialyse_maintenance_records (id, organization_id, machine_id, maintenance_type, description, scheduled_date, completed_date, status, technician_name, cost, notes, created_at, updated_at) VALUES ('dial-maint-0270', 'org-health-001', 'dial-machine-0138', 'preventive', 'Maintenance preventive', 1732315902576, NULL, 'cancelled', 'Technicien 269', 349.98, 'Intervention maintenance', 1767179304351, 1767179304351);
INSERT OR IGNORE INTO dialyse_maintenance_records (id, organization_id, machine_id, maintenance_type, description, scheduled_date, completed_date, status, technician_name, cost, notes, created_at, updated_at) VALUES ('dial-maint-0271', 'org-health-001', 'dial-machine-0131', 'inspection', 'Maintenance inspection', 1706544793427, NULL, 'scheduled', 'Technicien 270', 991.57, 'Intervention maintenance', 1767179304351, 1767179304351);
INSERT OR IGNORE INTO dialyse_maintenance_records (id, organization_id, machine_id, maintenance_type, description, scheduled_date, completed_date, status, technician_name, cost, notes, created_at, updated_at) VALUES ('dial-maint-0272', 'org-health-001', 'dial-machine-0141', 'inspection', 'Maintenance inspection', 1733065990380, NULL, 'scheduled', 'Technicien 271', 1178.12, 'Intervention maintenance', 1767179304351, 1767179304351);
INSERT OR IGNORE INTO dialyse_maintenance_records (id, organization_id, machine_id, maintenance_type, description, scheduled_date, completed_date, status, technician_name, cost, notes, created_at, updated_at) VALUES ('dial-maint-0273', 'org-health-001', 'dial-machine-0148', 'calibration', 'Maintenance calibration', 1725022454465, 1767179304351, 'completed', 'Technicien 272', 1106.97, 'Intervention maintenance', 1767179304351, 1767179304351);
INSERT OR IGNORE INTO dialyse_maintenance_records (id, organization_id, machine_id, maintenance_type, description, scheduled_date, completed_date, status, technician_name, cost, notes, created_at, updated_at) VALUES ('dial-maint-0274', 'org-health-001', 'dial-machine-0133', 'preventive', 'Maintenance preventive', 1722166196195, NULL, 'scheduled', 'Technicien 273', 1870.34, 'Intervention maintenance', 1767179304351, 1767179304351);
INSERT OR IGNORE INTO dialyse_maintenance_records (id, organization_id, machine_id, maintenance_type, description, scheduled_date, completed_date, status, technician_name, cost, notes, created_at, updated_at) VALUES ('dial-maint-0275', 'org-health-001', 'dial-machine-0142', 'calibration', 'Maintenance calibration', 1766478727909, NULL, 'cancelled', 'Technicien 274', 1600.18, 'Intervention maintenance', 1767179304351, 1767179304351);
INSERT OR IGNORE INTO dialyse_maintenance_records (id, organization_id, machine_id, maintenance_type, description, scheduled_date, completed_date, status, technician_name, cost, notes, created_at, updated_at) VALUES ('dial-maint-0276', 'org-health-001', 'dial-machine-0134', 'calibration', 'Maintenance calibration', 1722920484825, NULL, 'cancelled', 'Technicien 275', 1828.77, 'Intervention maintenance', 1767179304351, 1767179304351);
INSERT OR IGNORE INTO dialyse_maintenance_records (id, organization_id, machine_id, maintenance_type, description, scheduled_date, completed_date, status, technician_name, cost, notes, created_at, updated_at) VALUES ('dial-maint-0277', 'org-health-001', 'dial-machine-0131', 'preventive', 'Maintenance preventive', 1705654594864, NULL, 'scheduled', 'Technicien 276', 1460.94, 'Intervention maintenance', 1767179304351, 1767179304351);
INSERT OR IGNORE INTO dialyse_maintenance_records (id, organization_id, machine_id, maintenance_type, description, scheduled_date, completed_date, status, technician_name, cost, notes, created_at, updated_at) VALUES ('dial-maint-0278', 'org-health-001', 'dial-machine-0104', 'preventive', 'Maintenance preventive', 1722402267862, NULL, 'in_progress', 'Technicien 277', 1930.53, 'Intervention maintenance', 1767179304351, 1767179304351);
INSERT OR IGNORE INTO dialyse_maintenance_records (id, organization_id, machine_id, maintenance_type, description, scheduled_date, completed_date, status, technician_name, cost, notes, created_at, updated_at) VALUES ('dial-maint-0279', 'org-health-001', 'dial-machine-0104', 'inspection', 'Maintenance inspection', 1713450628320, NULL, 'in_progress', 'Technicien 278', 420.37, 'Intervention maintenance', 1767179304351, 1767179304351);
INSERT OR IGNORE INTO dialyse_maintenance_records (id, organization_id, machine_id, maintenance_type, description, scheduled_date, completed_date, status, technician_name, cost, notes, created_at, updated_at) VALUES ('dial-maint-0280', 'org-health-001', 'dial-machine-0134', 'calibration', 'Maintenance calibration', 1740154855510, NULL, 'in_progress', 'Technicien 279', 1154.31, 'Intervention maintenance', 1767179304351, 1767179304351);
INSERT OR IGNORE INTO dialyse_maintenance_records (id, organization_id, machine_id, maintenance_type, description, scheduled_date, completed_date, status, technician_name, cost, notes, created_at, updated_at) VALUES ('dial-maint-0281', 'org-health-001', 'dial-machine-0134', 'inspection', 'Maintenance inspection', 1726532964993, NULL, 'in_progress', 'Technicien 280', 614.03, 'Intervention maintenance', 1767179304351, 1767179304351);
INSERT OR IGNORE INTO dialyse_maintenance_records (id, organization_id, machine_id, maintenance_type, description, scheduled_date, completed_date, status, technician_name, cost, notes, created_at, updated_at) VALUES ('dial-maint-0282', 'org-health-001', 'dial-machine-0133', 'calibration', 'Maintenance calibration', 1740066538491, NULL, 'scheduled', 'Technicien 281', 1752.74, 'Intervention maintenance', 1767179304351, 1767179304351);
INSERT OR IGNORE INTO dialyse_maintenance_records (id, organization_id, machine_id, maintenance_type, description, scheduled_date, completed_date, status, technician_name, cost, notes, created_at, updated_at) VALUES ('dial-maint-0283', 'org-health-001', 'dial-machine-0113', 'calibration', 'Maintenance calibration', 1734329129120, NULL, 'in_progress', 'Technicien 282', 656.78, 'Intervention maintenance', 1767179304351, 1767179304351);
INSERT OR IGNORE INTO dialyse_maintenance_records (id, organization_id, machine_id, maintenance_type, description, scheduled_date, completed_date, status, technician_name, cost, notes, created_at, updated_at) VALUES ('dial-maint-0284', 'org-health-001', 'dial-machine-0111', 'preventive', 'Maintenance preventive', 1735366723353, NULL, 'scheduled', 'Technicien 283', 912.83, 'Intervention maintenance', 1767179304351, 1767179304351);
INSERT OR IGNORE INTO dialyse_maintenance_records (id, organization_id, machine_id, maintenance_type, description, scheduled_date, completed_date, status, technician_name, cost, notes, created_at, updated_at) VALUES ('dial-maint-0285', 'org-health-001', 'dial-machine-0108', 'corrective', 'Maintenance corrective', 1758975079158, NULL, 'scheduled', 'Technicien 284', 1212.8, 'Intervention maintenance', 1767179304351, 1767179304351);
INSERT OR IGNORE INTO dialyse_maintenance_records (id, organization_id, machine_id, maintenance_type, description, scheduled_date, completed_date, status, technician_name, cost, notes, created_at, updated_at) VALUES ('dial-maint-0286', 'org-health-001', 'dial-machine-0121', 'inspection', 'Maintenance inspection', 1744333629014, NULL, 'scheduled', 'Technicien 285', 1017.59, 'Intervention maintenance', 1767179304351, 1767179304351);
INSERT OR IGNORE INTO dialyse_maintenance_records (id, organization_id, machine_id, maintenance_type, description, scheduled_date, completed_date, status, technician_name, cost, notes, created_at, updated_at) VALUES ('dial-maint-0287', 'org-health-001', 'dial-machine-0144', 'calibration', 'Maintenance calibration', 1740988263650, NULL, 'cancelled', 'Technicien 286', 998.5, 'Intervention maintenance', 1767179304351, 1767179304351);
INSERT OR IGNORE INTO dialyse_maintenance_records (id, organization_id, machine_id, maintenance_type, description, scheduled_date, completed_date, status, technician_name, cost, notes, created_at, updated_at) VALUES ('dial-maint-0288', 'org-health-001', 'dial-machine-0116', 'calibration', 'Maintenance calibration', 1743383265294, NULL, 'in_progress', 'Technicien 287', 889.41, 'Intervention maintenance', 1767179304351, 1767179304351);
INSERT OR IGNORE INTO dialyse_maintenance_records (id, organization_id, machine_id, maintenance_type, description, scheduled_date, completed_date, status, technician_name, cost, notes, created_at, updated_at) VALUES ('dial-maint-0289', 'org-health-001', 'dial-machine-0108', 'preventive', 'Maintenance preventive', 1738412594363, NULL, 'scheduled', 'Technicien 288', 1033.12, 'Intervention maintenance', 1767179304351, 1767179304351);
INSERT OR IGNORE INTO dialyse_maintenance_records (id, organization_id, machine_id, maintenance_type, description, scheduled_date, completed_date, status, technician_name, cost, notes, created_at, updated_at) VALUES ('dial-maint-0290', 'org-health-001', 'dial-machine-0143', 'inspection', 'Maintenance inspection', 1762710778752, 1767179304351, 'completed', 'Technicien 289', 1489.09, 'Intervention maintenance', 1767179304351, 1767179304351);
INSERT OR IGNORE INTO dialyse_maintenance_records (id, organization_id, machine_id, maintenance_type, description, scheduled_date, completed_date, status, technician_name, cost, notes, created_at, updated_at) VALUES ('dial-maint-0291', 'org-health-001', 'dial-machine-0132', 'inspection', 'Maintenance inspection', 1759992822833, NULL, 'scheduled', 'Technicien 290', 1795.38, 'Intervention maintenance', 1767179304351, 1767179304351);
INSERT OR IGNORE INTO dialyse_maintenance_records (id, organization_id, machine_id, maintenance_type, description, scheduled_date, completed_date, status, technician_name, cost, notes, created_at, updated_at) VALUES ('dial-maint-0292', 'org-health-001', 'dial-machine-0120', 'corrective', 'Maintenance corrective', 1733619929483, NULL, 'cancelled', 'Technicien 291', 1087.87, 'Intervention maintenance', 1767179304351, 1767179304351);
INSERT OR IGNORE INTO dialyse_maintenance_records (id, organization_id, machine_id, maintenance_type, description, scheduled_date, completed_date, status, technician_name, cost, notes, created_at, updated_at) VALUES ('dial-maint-0293', 'org-health-001', 'dial-machine-0123', 'corrective', 'Maintenance corrective', 1725273948491, NULL, 'scheduled', 'Technicien 292', 1669.85, 'Intervention maintenance', 1767179304351, 1767179304351);
INSERT OR IGNORE INTO dialyse_maintenance_records (id, organization_id, machine_id, maintenance_type, description, scheduled_date, completed_date, status, technician_name, cost, notes, created_at, updated_at) VALUES ('dial-maint-0294', 'org-health-001', 'dial-machine-0104', 'preventive', 'Maintenance preventive', 1706638515068, NULL, 'scheduled', 'Technicien 293', 365.68, 'Intervention maintenance', 1767179304351, 1767179304351);
INSERT OR IGNORE INTO dialyse_maintenance_records (id, organization_id, machine_id, maintenance_type, description, scheduled_date, completed_date, status, technician_name, cost, notes, created_at, updated_at) VALUES ('dial-maint-0295', 'org-health-001', 'dial-machine-0116', 'inspection', 'Maintenance inspection', 1739336472856, 1767179304351, 'completed', 'Technicien 294', 327.24, 'Intervention maintenance', 1767179304351, 1767179304351);
INSERT OR IGNORE INTO dialyse_maintenance_records (id, organization_id, machine_id, maintenance_type, description, scheduled_date, completed_date, status, technician_name, cost, notes, created_at, updated_at) VALUES ('dial-maint-0296', 'org-health-001', 'dial-machine-0132', 'inspection', 'Maintenance inspection', 1734184131169, NULL, 'in_progress', 'Technicien 295', 696.67, 'Intervention maintenance', 1767179304351, 1767179304351);
INSERT OR IGNORE INTO dialyse_maintenance_records (id, organization_id, machine_id, maintenance_type, description, scheduled_date, completed_date, status, technician_name, cost, notes, created_at, updated_at) VALUES ('dial-maint-0297', 'org-health-001', 'dial-machine-0132', 'inspection', 'Maintenance inspection', 1716198195828, 1767179304351, 'completed', 'Technicien 296', 883.12, 'Intervention maintenance', 1767179304351, 1767179304351);
INSERT OR IGNORE INTO dialyse_maintenance_records (id, organization_id, machine_id, maintenance_type, description, scheduled_date, completed_date, status, technician_name, cost, notes, created_at, updated_at) VALUES ('dial-maint-0298', 'org-health-001', 'dial-machine-0119', 'corrective', 'Maintenance corrective', 1710850312061, NULL, 'in_progress', 'Technicien 297', 1390.16, 'Intervention maintenance', 1767179304351, 1767179304351);
INSERT OR IGNORE INTO dialyse_maintenance_records (id, organization_id, machine_id, maintenance_type, description, scheduled_date, completed_date, status, technician_name, cost, notes, created_at, updated_at) VALUES ('dial-maint-0299', 'org-health-001', 'dial-machine-0117', 'inspection', 'Maintenance inspection', 1717269948704, NULL, 'cancelled', 'Technicien 298', 1452.06, 'Intervention maintenance', 1767179304352, 1767179304352);
INSERT OR IGNORE INTO dialyse_maintenance_records (id, organization_id, machine_id, maintenance_type, description, scheduled_date, completed_date, status, technician_name, cost, notes, created_at, updated_at) VALUES ('dial-maint-0300', 'org-health-001', 'dial-machine-0141', 'calibration', 'Maintenance calibration', 1752513265209, NULL, 'in_progress', 'Technicien 299', 1911.29, 'Intervention maintenance', 1767179304352, 1767179304352);
INSERT OR IGNORE INTO healthcare_patients (id, company_id, first_name, last_name, date_of_birth, gender, email, phone, address, city, medical_record_number, blood_type, allergies, notes, status, created_at, updated_at) VALUES ('hc-patient-cardio-00001', 'company-0001', 'Hamid', 'Idrissi', 555769297925, 'male', 'hamid.idrissi.cardio0@email.com', '+212641261738', 'Adresse 0', 'Casablanca', 'MRN-C000001', 'AB+', 'Aucune', 'Patient cardiologie', 'active', 1767179304352, 1767179304352);
INSERT OR IGNORE INTO cardiology_patients (id, company_id, healthcare_patient_id, primary_diagnosis, secondary_diagnoses, risk_level, has_pacemaker, has_stent, smoking_status, family_history, notes, status, created_at, updated_at) VALUES ('cardio-patient-00001', 'company-0001', 'hc-patient-cardio-00001', 'Hypertension arterielle', 'Pericardite', 'low', 0, 0, 'former', 'positive_second_degree', 'Patient cardiologie', 'active', 1767179304352, 1767179304352);
INSERT OR IGNORE INTO healthcare_patients (id, company_id, first_name, last_name, date_of_birth, gender, email, phone, address, city, medical_record_number, blood_type, allergies, notes, status, created_at, updated_at) VALUES ('hc-patient-cardio-00002', 'company-0001', 'Jamal', 'Sefrioui', 285175464231, 'female', 'jamal.sefrioui.cardio1@email.com', '+212640443375', 'Adresse 1', 'Rabat', 'MRN-C000002', 'AB+', 'Sulfamides', 'Patient cardiologie', 'active', 1767179304352, 1767179304352);
INSERT OR IGNORE INTO cardiology_patients (id, company_id, healthcare_patient_id, primary_diagnosis, secondary_diagnoses, risk_level, has_pacemaker, has_stent, smoking_status, family_history, notes, status, created_at, updated_at) VALUES ('cardio-patient-00002', 'company-0001', 'hc-patient-cardio-00002', 'Arythmie ventriculaire', 'Fibrillation auriculaire', 'medium', 0, 0, 'former', 'positive_first_degree', 'Patient cardiologie', 'active', 1767179304352, 1767179304352);
INSERT OR IGNORE INTO healthcare_patients (id, company_id, first_name, last_name, date_of_birth, gender, email, phone, address, city, medical_record_number, blood_type, allergies, notes, status, created_at, updated_at) VALUES ('hc-patient-cardio-00003', 'company-0001', 'Malika', 'Benhima', 90682042369, 'male', 'malika.benhima.cardio2@email.com', '+212644535356', 'Adresse 2', 'Rabat', 'MRN-C000003', 'AB+', 'Sulfamides', 'Patient cardiologie', 'active', 1767179304352, 1767179304352);
INSERT OR IGNORE INTO cardiology_patients (id, company_id, healthcare_patient_id, primary_diagnosis, secondary_diagnoses, risk_level, has_pacemaker, has_stent, smoking_status, family_history, notes, status, created_at, updated_at) VALUES ('cardio-patient-00003', 'company-0001', 'hc-patient-cardio-00003', 'Valvulopathie', 'Cardiopathie ischemique', 'high', 0, 0, 'current', 'none', 'Patient cardiologie', 'active', 1767179304352, 1767179304352);
INSERT OR IGNORE INTO healthcare_patients (id, company_id, first_name, last_name, date_of_birth, gender, email, phone, address, city, medical_record_number, blood_type, allergies, notes, status, created_at, updated_at) VALUES ('hc-patient-cardio-00004', 'company-0001', 'Ismail', 'Kadiri', -691735110272, 'female', 'ismail.kadiri.cardio3@email.com', '+212633996367', 'Adresse 3', 'Marrakech', 'MRN-C000004', 'O-', 'Penicilline', 'Patient cardiologie', 'active', 1767179304352, 1767179304352);
INSERT OR IGNORE INTO cardiology_patients (id, company_id, healthcare_patient_id, primary_diagnosis, secondary_diagnoses, risk_level, has_pacemaker, has_stent, smoking_status, family_history, notes, status, created_at, updated_at) VALUES ('cardio-patient-00004', 'company-0001', 'hc-patient-cardio-00004', 'Pericardite', 'Syndrome coronarien aigu', 'high', 0, 0, 'current', 'none', 'Patient cardiologie', 'active', 1767179304352, 1767179304352);
INSERT OR IGNORE INTO healthcare_patients (id, company_id, first_name, last_name, date_of_birth, gender, email, phone, address, city, medical_record_number, blood_type, allergies, notes, status, created_at, updated_at) VALUES ('hc-patient-cardio-00005', 'company-0001', 'Nadia', 'Chraibi', 88877495247, 'male', 'nadia.chraibi.cardio4@email.com', '+212654700459', 'Adresse 4', 'Casablanca', 'MRN-C000005', 'A+', 'Aucune', 'Patient cardiologie', 'active', 1767179304352, 1767179304352);
INSERT OR IGNORE INTO cardiology_patients (id, company_id, healthcare_patient_id, primary_diagnosis, secondary_diagnoses, risk_level, has_pacemaker, has_stent, smoking_status, family_history, notes, status, created_at, updated_at) VALUES ('cardio-patient-00005', 'company-0001', 'hc-patient-cardio-00005', 'Arythmie ventriculaire', 'Syndrome coronarien aigu', 'high', 1, 0, 'former', 'positive_first_degree', 'Patient cardiologie', 'active', 1767179304352, 1767179304352);
INSERT OR IGNORE INTO healthcare_patients (id, company_id, first_name, last_name, date_of_birth, gender, email, phone, address, city, medical_record_number, blood_type, allergies, notes, status, created_at, updated_at) VALUES ('hc-patient-cardio-00006', 'company-0001', 'Khalid', 'Benjelloun', 155112058798, 'male', 'khalid.benjelloun.cardio5@email.com', '+212665698946', 'Adresse 5', 'Marrakech', 'MRN-C000006', 'O-', 'Latex', 'Patient cardiologie', 'active', 1767179304352, 1767179304352);
INSERT OR IGNORE INTO cardiology_patients (id, company_id, healthcare_patient_id, primary_diagnosis, secondary_diagnoses, risk_level, has_pacemaker, has_stent, smoking_status, family_history, notes, status, created_at, updated_at) VALUES ('cardio-patient-00006', 'company-0001', 'hc-patient-cardio-00006', 'Arythmie ventriculaire', 'Hypertension arterielle', 'low', 0, 0, 'current', 'positive_second_degree', 'Patient cardiologie', 'active', 1767179304352, 1767179304352);
INSERT OR IGNORE INTO healthcare_patients (id, company_id, first_name, last_name, date_of_birth, gender, email, phone, address, city, medical_record_number, blood_type, allergies, notes, status, created_at, updated_at) VALUES ('hc-patient-cardio-00007', 'company-0001', 'Sanaa', 'Sqalli', 332269307329, 'male', 'sanaa.sqalli.cardio6@email.com', '+212679416396', 'Adresse 6', 'Rabat', 'MRN-C000007', 'O+', 'Aspirine', 'Patient cardiologie', 'active', 1767179304352, 1767179304352);
INSERT OR IGNORE INTO cardiology_patients (id, company_id, healthcare_patient_id, primary_diagnosis, secondary_diagnoses, risk_level, has_pacemaker, has_stent, smoking_status, family_history, notes, status, created_at, updated_at) VALUES ('cardio-patient-00007', 'company-0001', 'hc-patient-cardio-00007', 'Pericardite', 'Cardiopathie ischemique', 'medium', 0, 0, 'current', 'none', 'Patient cardiologie', 'active', 1767179304352, 1767179304352);
INSERT OR IGNORE INTO healthcare_patients (id, company_id, first_name, last_name, date_of_birth, gender, email, phone, address, city, medical_record_number, blood_type, allergies, notes, status, created_at, updated_at) VALUES ('hc-patient-cardio-00008', 'company-0001', 'Laila', 'Tazi', 204651643632, 'female', 'laila.tazi.cardio7@email.com', '+212684459882', 'Adresse 7', 'Rabat', 'MRN-C000008', 'A-', 'Penicilline', 'Patient cardiologie', 'active', 1767179304352, 1767179304352);
INSERT OR IGNORE INTO cardiology_patients (id, company_id, healthcare_patient_id, primary_diagnosis, secondary_diagnoses, risk_level, has_pacemaker, has_stent, smoking_status, family_history, notes, status, created_at, updated_at) VALUES ('cardio-patient-00008', 'company-0001', 'hc-patient-cardio-00008', 'Endocardite', 'Endocardite', 'low', 0, 0, 'current', 'none', 'Patient cardiologie', 'active', 1767179304352, 1767179304352);
INSERT OR IGNORE INTO healthcare_patients (id, company_id, first_name, last_name, date_of_birth, gender, email, phone, address, city, medical_record_number, blood_type, allergies, notes, status, created_at, updated_at) VALUES ('hc-patient-cardio-00009', 'company-0001', 'Houda', 'Fassi Fihri', 883731662165, 'male', 'houda.fassi fihri.cardio8@email.com', '+212640930742', 'Adresse 8', 'Marrakech', 'MRN-C000009', 'B+', 'Latex', 'Patient cardiologie', 'active', 1767179304352, 1767179304352);
INSERT OR IGNORE INTO cardiology_patients (id, company_id, healthcare_patient_id, primary_diagnosis, secondary_diagnoses, risk_level, has_pacemaker, has_stent, smoking_status, family_history, notes, status, created_at, updated_at) VALUES ('cardio-patient-00009', 'company-0001', 'hc-patient-cardio-00009', 'Hypertension arterielle', 'Pericardite', 'high', 1, 0, 'current', 'none', 'Patient cardiologie', 'active', 1767179304352, 1767179304352);
INSERT OR IGNORE INTO healthcare_patients (id, company_id, first_name, last_name, date_of_birth, gender, email, phone, address, city, medical_record_number, blood_type, allergies, notes, status, created_at, updated_at) VALUES ('hc-patient-cardio-00010', 'company-0001', 'Adil', 'Mansouri', 129678492324, 'male', 'adil.mansouri.cardio9@email.com', '+212606636735', 'Adresse 9', 'Marrakech', 'MRN-C000010', 'O-', 'Aspirine', 'Patient cardiologie', 'active', 1767179304352, 1767179304352);
INSERT OR IGNORE INTO cardiology_patients (id, company_id, healthcare_patient_id, primary_diagnosis, secondary_diagnoses, risk_level, has_pacemaker, has_stent, smoking_status, family_history, notes, status, created_at, updated_at) VALUES ('cardio-patient-00010', 'company-0001', 'hc-patient-cardio-00010', 'Fibrillation auriculaire', 'Cardiopathie ischemique', 'low', 0, 1, 'former', 'none', 'Patient cardiologie', 'active', 1767179304352, 1767179304352);
INSERT OR IGNORE INTO healthcare_patients (id, company_id, first_name, last_name, date_of_birth, gender, email, phone, address, city, medical_record_number, blood_type, allergies, notes, status, created_at, updated_at) VALUES ('hc-patient-cardio-00011', 'company-0001', 'Najat', 'Lahrichi', 600560903009, 'male', 'najat.lahrichi.cardio10@email.com', '+212641925621', 'Adresse 10', 'Agadir', 'MRN-C000011', 'B+', 'Penicilline', 'Patient cardiologie', 'active', 1767179304352, 1767179304352);
INSERT OR IGNORE INTO cardiology_patients (id, company_id, healthcare_patient_id, primary_diagnosis, secondary_diagnoses, risk_level, has_pacemaker, has_stent, smoking_status, family_history, notes, status, created_at, updated_at) VALUES ('cardio-patient-00011', 'company-0001', 'hc-patient-cardio-00011', 'Pericardite', 'Valvulopathie', 'critical', 0, 0, 'former', 'none', 'Patient cardiologie', 'active', 1767179304352, 1767179304352);
INSERT OR IGNORE INTO healthcare_patients (id, company_id, first_name, last_name, date_of_birth, gender, email, phone, address, city, medical_record_number, blood_type, allergies, notes, status, created_at, updated_at) VALUES ('hc-patient-cardio-00012', 'company-0001', 'Latifa', 'Benkirane', -502487854966, 'female', 'latifa.benkirane.cardio11@email.com', '+212656707071', 'Adresse 11', 'Marrakech', 'MRN-C000012', 'A-', 'Penicilline', 'Patient cardiologie', 'active', 1767179304352, 1767179304352);
INSERT OR IGNORE INTO cardiology_patients (id, company_id, healthcare_patient_id, primary_diagnosis, secondary_diagnoses, risk_level, has_pacemaker, has_stent, smoking_status, family_history, notes, status, created_at, updated_at) VALUES ('cardio-patient-00012', 'company-0001', 'hc-patient-cardio-00012', 'Syndrome coronarien aigu', 'Cardiomyopathie dilatee', 'low', 0, 1, 'current', 'positive_second_degree', 'Patient cardiologie', 'active', 1767179304352, 1767179304352);
INSERT OR IGNORE INTO healthcare_patients (id, company_id, first_name, last_name, date_of_birth, gender, email, phone, address, city, medical_record_number, blood_type, allergies, notes, status, created_at, updated_at) VALUES ('hc-patient-cardio-00013', 'company-0001', 'Sanaa', 'Chraibi', -242808998056, 'male', 'sanaa.chraibi.cardio12@email.com', '+212625378330', 'Adresse 12', 'Rabat', 'MRN-C000013', 'B-', 'Latex', 'Patient cardiologie', 'active', 1767179304352, 1767179304352);
INSERT OR IGNORE INTO cardiology_patients (id, company_id, healthcare_patient_id, primary_diagnosis, secondary_diagnoses, risk_level, has_pacemaker, has_stent, smoking_status, family_history, notes, status, created_at, updated_at) VALUES ('cardio-patient-00013', 'company-0001', 'hc-patient-cardio-00013', 'Valvulopathie', 'Cardiomyopathie dilatee', 'critical', 0, 0, 'current', 'positive_first_degree', 'Patient cardiologie', 'active', 1767179304352, 1767179304352);
INSERT OR IGNORE INTO healthcare_patients (id, company_id, first_name, last_name, date_of_birth, gender, email, phone, address, city, medical_record_number, blood_type, allergies, notes, status, created_at, updated_at) VALUES ('hc-patient-cardio-00014', 'company-0001', 'Adil', 'Hajji', 239972522155, 'male', 'adil.hajji.cardio13@email.com', '+212695456104', 'Adresse 13', 'Rabat', 'MRN-C000014', 'O+', 'Penicilline', 'Patient cardiologie', 'active', 1767179304352, 1767179304352);
INSERT OR IGNORE INTO cardiology_patients (id, company_id, healthcare_patient_id, primary_diagnosis, secondary_diagnoses, risk_level, has_pacemaker, has_stent, smoking_status, family_history, notes, status, created_at, updated_at) VALUES ('cardio-patient-00014', 'company-0001', 'hc-patient-cardio-00014', 'Valvulopathie', 'Fibrillation auriculaire', 'critical', 0, 0, 'never', 'positive_first_degree', 'Patient cardiologie', 'active', 1767179304352, 1767179304352);
INSERT OR IGNORE INTO healthcare_patients (id, company_id, first_name, last_name, date_of_birth, gender, email, phone, address, city, medical_record_number, blood_type, allergies, notes, status, created_at, updated_at) VALUES ('hc-patient-cardio-00015', 'company-0001', 'Mustapha', 'Amrani', 490278759991, 'male', 'mustapha.amrani.cardio14@email.com', '+212662055861', 'Adresse 14', 'Fes', 'MRN-C000015', 'AB-', 'Aspirine', 'Patient cardiologie', 'active', 1767179304352, 1767179304352);
INSERT OR IGNORE INTO cardiology_patients (id, company_id, healthcare_patient_id, primary_diagnosis, secondary_diagnoses, risk_level, has_pacemaker, has_stent, smoking_status, family_history, notes, status, created_at, updated_at) VALUES ('cardio-patient-00015', 'company-0001', 'hc-patient-cardio-00015', 'Pericardite', 'Valvulopathie', 'medium', 0, 0, 'former', 'positive_second_degree', 'Patient cardiologie', 'active', 1767179304352, 1767179304352);
INSERT OR IGNORE INTO healthcare_patients (id, company_id, first_name, last_name, date_of_birth, gender, email, phone, address, city, medical_record_number, blood_type, allergies, notes, status, created_at, updated_at) VALUES ('hc-patient-cardio-00016', 'company-0001', 'Ghita', 'Amrani', 835710630216, 'male', 'ghita.amrani.cardio15@email.com', '+212682434747', 'Adresse 15', 'Agadir', 'MRN-C000016', 'AB+', 'Aspirine', 'Patient cardiologie', 'active', 1767179304352, 1767179304352);
INSERT OR IGNORE INTO cardiology_patients (id, company_id, healthcare_patient_id, primary_diagnosis, secondary_diagnoses, risk_level, has_pacemaker, has_stent, smoking_status, family_history, notes, status, created_at, updated_at) VALUES ('cardio-patient-00016', 'company-0001', 'hc-patient-cardio-00016', 'Arythmie ventriculaire', 'Fibrillation auriculaire', 'medium', 0, 1, 'never', 'positive_second_degree', 'Patient cardiologie', 'active', 1767179304352, 1767179304352);
INSERT OR IGNORE INTO healthcare_patients (id, company_id, first_name, last_name, date_of_birth, gender, email, phone, address, city, medical_record_number, blood_type, allergies, notes, status, created_at, updated_at) VALUES ('hc-patient-cardio-00017', 'company-0001', 'Youssef', 'Benkirane', 158686544439, 'female', 'youssef.benkirane.cardio16@email.com', '+212687630774', 'Adresse 16', 'Agadir', 'MRN-C000017', 'O-', 'Iode', 'Patient cardiologie', 'active', 1767179304352, 1767179304352);
INSERT OR IGNORE INTO cardiology_patients (id, company_id, healthcare_patient_id, primary_diagnosis, secondary_diagnoses, risk_level, has_pacemaker, has_stent, smoking_status, family_history, notes, status, created_at, updated_at) VALUES ('cardio-patient-00017', 'company-0001', 'hc-patient-cardio-00017', 'Arythmie ventriculaire', 'Endocardite', 'critical', 0, 0, 'former', 'positive_second_degree', 'Patient cardiologie', 'active', 1767179304352, 1767179304352);
INSERT OR IGNORE INTO healthcare_patients (id, company_id, first_name, last_name, date_of_birth, gender, email, phone, address, city, medical_record_number, blood_type, allergies, notes, status, created_at, updated_at) VALUES ('hc-patient-cardio-00018', 'company-0001', 'Mohamed', 'Sqalli', 380126282911, 'male', 'mohamed.sqalli.cardio17@email.com', '+212632086751', 'Adresse 17', 'Fes', 'MRN-C000018', 'AB+', 'Latex', 'Patient cardiologie', 'active', 1767179304352, 1767179304352);
INSERT OR IGNORE INTO cardiology_patients (id, company_id, healthcare_patient_id, primary_diagnosis, secondary_diagnoses, risk_level, has_pacemaker, has_stent, smoking_status, family_history, notes, status, created_at, updated_at) VALUES ('cardio-patient-00018', 'company-0001', 'hc-patient-cardio-00018', 'Hypertension arterielle', 'Endocardite', 'medium', 0, 0, 'former', 'positive_first_degree', 'Patient cardiologie', 'active', 1767179304352, 1767179304352);
INSERT OR IGNORE INTO healthcare_patients (id, company_id, first_name, last_name, date_of_birth, gender, email, phone, address, city, medical_record_number, blood_type, allergies, notes, status, created_at, updated_at) VALUES ('hc-patient-cardio-00019', 'company-0001', 'Khadija', 'Benkirane', -59619697871, 'female', 'khadija.benkirane.cardio18@email.com', '+212640065308', 'Adresse 18', 'Marrakech', 'MRN-C000019', 'AB+', 'Aspirine', 'Patient cardiologie', 'active', 1767179304352, 1767179304352);
INSERT OR IGNORE INTO cardiology_patients (id, company_id, healthcare_patient_id, primary_diagnosis, secondary_diagnoses, risk_level, has_pacemaker, has_stent, smoking_status, family_history, notes, status, created_at, updated_at) VALUES ('cardio-patient-00019', 'company-0001', 'hc-patient-cardio-00019', 'Cardiopathie ischemique', 'Insuffisance cardiaque', 'medium', 0, 1, 'never', 'none', 'Patient cardiologie', 'active', 1767179304352, 1767179304352);
INSERT OR IGNORE INTO healthcare_patients (id, company_id, first_name, last_name, date_of_birth, gender, email, phone, address, city, medical_record_number, blood_type, allergies, notes, status, created_at, updated_at) VALUES ('hc-patient-cardio-00020', 'company-0001', 'Ghita', 'Benjelloun', -740317720188, 'female', 'ghita.benjelloun.cardio19@email.com', '+212612674503', 'Adresse 19', 'Marrakech', 'MRN-C000020', 'O-', 'Penicilline', 'Patient cardiologie', 'active', 1767179304352, 1767179304352);
INSERT OR IGNORE INTO cardiology_patients (id, company_id, healthcare_patient_id, primary_diagnosis, secondary_diagnoses, risk_level, has_pacemaker, has_stent, smoking_status, family_history, notes, status, created_at, updated_at) VALUES ('cardio-patient-00020', 'company-0001', 'hc-patient-cardio-00020', 'Arythmie ventriculaire', 'Insuffisance cardiaque', 'high', 0, 0, 'former', 'positive_first_degree', 'Patient cardiologie', 'active', 1767179304352, 1767179304352);
INSERT OR IGNORE INTO healthcare_patients (id, company_id, first_name, last_name, date_of_birth, gender, email, phone, address, city, medical_record_number, blood_type, allergies, notes, status, created_at, updated_at) VALUES ('hc-patient-cardio-00021', 'company-0001', 'Reda', 'Hajji', 185340608496, 'male', 'reda.hajji.cardio20@email.com', '+212658548320', 'Adresse 20', 'Tanger', 'MRN-C000021', 'O-', 'Aucune', 'Patient cardiologie', 'active', 1767179304352, 1767179304352);
INSERT OR IGNORE INTO cardiology_patients (id, company_id, healthcare_patient_id, primary_diagnosis, secondary_diagnoses, risk_level, has_pacemaker, has_stent, smoking_status, family_history, notes, status, created_at, updated_at) VALUES ('cardio-patient-00021', 'company-0001', 'hc-patient-cardio-00021', 'Valvulopathie', 'Hypertension arterielle', 'critical', 0, 1, 'never', 'positive_second_degree', 'Patient cardiologie', 'active', 1767179304352, 1767179304352);
INSERT OR IGNORE INTO healthcare_patients (id, company_id, first_name, last_name, date_of_birth, gender, email, phone, address, city, medical_record_number, blood_type, allergies, notes, status, created_at, updated_at) VALUES ('hc-patient-cardio-00022', 'company-0001', 'Sanaa', 'Guerraoui', 596567008150, 'female', 'sanaa.guerraoui.cardio21@email.com', '+212611214606', 'Adresse 21', 'Marrakech', 'MRN-C000022', 'AB-', 'Sulfamides', 'Patient cardiologie', 'active', 1767179304352, 1767179304352);
INSERT OR IGNORE INTO cardiology_patients (id, company_id, healthcare_patient_id, primary_diagnosis, secondary_diagnoses, risk_level, has_pacemaker, has_stent, smoking_status, family_history, notes, status, created_at, updated_at) VALUES ('cardio-patient-00022', 'company-0001', 'hc-patient-cardio-00022', 'Insuffisance cardiaque', 'Endocardite', 'critical', 0, 0, 'former', 'none', 'Patient cardiologie', 'active', 1767179304352, 1767179304352);
INSERT OR IGNORE INTO healthcare_patients (id, company_id, first_name, last_name, date_of_birth, gender, email, phone, address, city, medical_record_number, blood_type, allergies, notes, status, created_at, updated_at) VALUES ('hc-patient-cardio-00023', 'company-0001', 'Khalid', 'Tazi', 807167642148, 'female', 'khalid.tazi.cardio22@email.com', '+212690649427', 'Adresse 22', 'Casablanca', 'MRN-C000023', 'AB-', 'Aucune', 'Patient cardiologie', 'active', 1767179304352, 1767179304352);
INSERT OR IGNORE INTO cardiology_patients (id, company_id, healthcare_patient_id, primary_diagnosis, secondary_diagnoses, risk_level, has_pacemaker, has_stent, smoking_status, family_history, notes, status, created_at, updated_at) VALUES ('cardio-patient-00023', 'company-0001', 'hc-patient-cardio-00023', 'Pericardite', 'Valvulopathie', 'low', 1, 1, 'former', 'positive_first_degree', 'Patient cardiologie', 'active', 1767179304352, 1767179304352);
INSERT OR IGNORE INTO healthcare_patients (id, company_id, first_name, last_name, date_of_birth, gender, email, phone, address, city, medical_record_number, blood_type, allergies, notes, status, created_at, updated_at) VALUES ('hc-patient-cardio-00024', 'company-0001', 'Brahim', 'Sefrioui', -543756403808, 'male', 'brahim.sefrioui.cardio23@email.com', '+212643155898', 'Adresse 23', 'Marrakech', 'MRN-C000024', 'AB-', 'Latex', 'Patient cardiologie', 'active', 1767179304352, 1767179304352);
INSERT OR IGNORE INTO cardiology_patients (id, company_id, healthcare_patient_id, primary_diagnosis, secondary_diagnoses, risk_level, has_pacemaker, has_stent, smoking_status, family_history, notes, status, created_at, updated_at) VALUES ('cardio-patient-00024', 'company-0001', 'hc-patient-cardio-00024', 'Insuffisance cardiaque', 'Fibrillation auriculaire', 'low', 1, 0, 'former', 'none', 'Patient cardiologie', 'active', 1767179304352, 1767179304352);
INSERT OR IGNORE INTO healthcare_patients (id, company_id, first_name, last_name, date_of_birth, gender, email, phone, address, city, medical_record_number, blood_type, allergies, notes, status, created_at, updated_at) VALUES ('hc-patient-cardio-00025', 'company-0001', 'Tarik', 'Sqalli', -24077434419, 'male', 'tarik.sqalli.cardio24@email.com', '+212623168934', 'Adresse 24', 'Agadir', 'MRN-C000025', 'A+', 'Penicilline', 'Patient cardiologie', 'active', 1767179304352, 1767179304352);
INSERT OR IGNORE INTO cardiology_patients (id, company_id, healthcare_patient_id, primary_diagnosis, secondary_diagnoses, risk_level, has_pacemaker, has_stent, smoking_status, family_history, notes, status, created_at, updated_at) VALUES ('cardio-patient-00025', 'company-0001', 'hc-patient-cardio-00025', 'Cardiopathie ischemique', 'Endocardite', 'high', 1, 1, 'never', 'positive_second_degree', 'Patient cardiologie', 'active', 1767179304352, 1767179304352);
INSERT OR IGNORE INTO healthcare_patients (id, company_id, first_name, last_name, date_of_birth, gender, email, phone, address, city, medical_record_number, blood_type, allergies, notes, status, created_at, updated_at) VALUES ('hc-patient-cardio-00026', 'company-0001', 'Najat', 'Ouazzani', 422260238525, 'male', 'najat.ouazzani.cardio25@email.com', '+212668917766', 'Adresse 25', 'Marrakech', 'MRN-C000026', 'A+', 'Aspirine', 'Patient cardiologie', 'active', 1767179304352, 1767179304352);
INSERT OR IGNORE INTO cardiology_patients (id, company_id, healthcare_patient_id, primary_diagnosis, secondary_diagnoses, risk_level, has_pacemaker, has_stent, smoking_status, family_history, notes, status, created_at, updated_at) VALUES ('cardio-patient-00026', 'company-0001', 'hc-patient-cardio-00026', 'Syndrome coronarien aigu', 'Pericardite', 'medium', 0, 0, 'former', 'positive_second_degree', 'Patient cardiologie', 'active', 1767179304352, 1767179304352);
INSERT OR IGNORE INTO healthcare_patients (id, company_id, first_name, last_name, date_of_birth, gender, email, phone, address, city, medical_record_number, blood_type, allergies, notes, status, created_at, updated_at) VALUES ('hc-patient-cardio-00027', 'company-0001', 'Khadija', 'Lahlou', -584242333004, 'male', 'khadija.lahlou.cardio26@email.com', '+212631285716', 'Adresse 26', 'Fes', 'MRN-C000027', 'A-', 'Sulfamides', 'Patient cardiologie', 'active', 1767179304352, 1767179304352);
INSERT OR IGNORE INTO cardiology_patients (id, company_id, healthcare_patient_id, primary_diagnosis, secondary_diagnoses, risk_level, has_pacemaker, has_stent, smoking_status, family_history, notes, status, created_at, updated_at) VALUES ('cardio-patient-00027', 'company-0001', 'hc-patient-cardio-00027', 'Valvulopathie', 'Cardiomyopathie dilatee', 'low', 1, 0, 'never', 'positive_second_degree', 'Patient cardiologie', 'active', 1767179304352, 1767179304352);
INSERT OR IGNORE INTO healthcare_patients (id, company_id, first_name, last_name, date_of_birth, gender, email, phone, address, city, medical_record_number, blood_type, allergies, notes, status, created_at, updated_at) VALUES ('hc-patient-cardio-00028', 'company-0001', 'Fatima', 'Mekouar', -504787539234, 'male', 'fatima.mekouar.cardio27@email.com', '+212608199021', 'Adresse 27', 'Agadir', 'MRN-C000028', 'B+', 'Sulfamides', 'Patient cardiologie', 'active', 1767179304352, 1767179304352);
INSERT OR IGNORE INTO cardiology_patients (id, company_id, healthcare_patient_id, primary_diagnosis, secondary_diagnoses, risk_level, has_pacemaker, has_stent, smoking_status, family_history, notes, status, created_at, updated_at) VALUES ('cardio-patient-00028', 'company-0001', 'hc-patient-cardio-00028', 'Arythmie ventriculaire', 'Hypertension arterielle', 'critical', 0, 0, 'former', 'positive_second_degree', 'Patient cardiologie', 'active', 1767179304352, 1767179304352);
INSERT OR IGNORE INTO healthcare_patients (id, company_id, first_name, last_name, date_of_birth, gender, email, phone, address, city, medical_record_number, blood_type, allergies, notes, status, created_at, updated_at) VALUES ('hc-patient-cardio-00029', 'company-0001', 'Ahmed', 'Jabri', 239389811993, 'male', 'ahmed.jabri.cardio28@email.com', '+212605539087', 'Adresse 28', 'Rabat', 'MRN-C000029', 'A+', 'Aucune', 'Patient cardiologie', 'active', 1767179304352, 1767179304352);
INSERT OR IGNORE INTO cardiology_patients (id, company_id, healthcare_patient_id, primary_diagnosis, secondary_diagnoses, risk_level, has_pacemaker, has_stent, smoking_status, family_history, notes, status, created_at, updated_at) VALUES ('cardio-patient-00029', 'company-0001', 'hc-patient-cardio-00029', 'Arythmie ventriculaire', 'Hypertension arterielle', 'critical', 1, 1, 'never', 'none', 'Patient cardiologie', 'active', 1767179304352, 1767179304352);
INSERT OR IGNORE INTO healthcare_patients (id, company_id, first_name, last_name, date_of_birth, gender, email, phone, address, city, medical_record_number, blood_type, allergies, notes, status, created_at, updated_at) VALUES ('hc-patient-cardio-00030', 'company-0001', 'Karim', 'Kettani', 693415010368, 'female', 'karim.kettani.cardio29@email.com', '+212670080722', 'Adresse 29', 'Agadir', 'MRN-C000030', 'AB-', 'Aspirine', 'Patient cardiologie', 'active', 1767179304352, 1767179304352);
INSERT OR IGNORE INTO cardiology_patients (id, company_id, healthcare_patient_id, primary_diagnosis, secondary_diagnoses, risk_level, has_pacemaker, has_stent, smoking_status, family_history, notes, status, created_at, updated_at) VALUES ('cardio-patient-00030', 'company-0001', 'hc-patient-cardio-00030', 'Hypertension arterielle', 'Fibrillation auriculaire', 'high', 0, 1, 'former', 'none', 'Patient cardiologie', 'active', 1767179304352, 1767179304352);
INSERT OR IGNORE INTO healthcare_patients (id, company_id, first_name, last_name, date_of_birth, gender, email, phone, address, city, medical_record_number, blood_type, allergies, notes, status, created_at, updated_at) VALUES ('hc-patient-cardio-00031', 'company-0001', 'Hicham', 'Bennani', 415104523648, 'male', 'hicham.bennani.cardio30@email.com', '+212604517148', 'Adresse 30', 'Agadir', 'MRN-C000031', 'A+', 'Aucune', 'Patient cardiologie', 'active', 1767179304352, 1767179304352);
INSERT OR IGNORE INTO cardiology_patients (id, company_id, healthcare_patient_id, primary_diagnosis, secondary_diagnoses, risk_level, has_pacemaker, has_stent, smoking_status, family_history, notes, status, created_at, updated_at) VALUES ('cardio-patient-00031', 'company-0001', 'hc-patient-cardio-00031', 'Cardiopathie ischemique', 'Cardiopathie ischemique', 'critical', 0, 0, 'current', 'positive_second_degree', 'Patient cardiologie', 'active', 1767179304352, 1767179304352);
INSERT OR IGNORE INTO healthcare_patients (id, company_id, first_name, last_name, date_of_birth, gender, email, phone, address, city, medical_record_number, blood_type, allergies, notes, status, created_at, updated_at) VALUES ('hc-patient-cardio-00032', 'company-0001', 'Karima', 'Guerraoui', -78463586085, 'female', 'karima.guerraoui.cardio31@email.com', '+212667392317', 'Adresse 31', 'Tanger', 'MRN-C000032', 'O-', 'Latex', 'Patient cardiologie', 'active', 1767179304352, 1767179304352);
INSERT OR IGNORE INTO cardiology_patients (id, company_id, healthcare_patient_id, primary_diagnosis, secondary_diagnoses, risk_level, has_pacemaker, has_stent, smoking_status, family_history, notes, status, created_at, updated_at) VALUES ('cardio-patient-00032', 'company-0001', 'hc-patient-cardio-00032', 'Cardiopathie ischemique', 'Fibrillation auriculaire', 'medium', 0, 1, 'former', 'positive_first_degree', 'Patient cardiologie', 'active', 1767179304352, 1767179304352);
INSERT OR IGNORE INTO healthcare_patients (id, company_id, first_name, last_name, date_of_birth, gender, email, phone, address, city, medical_record_number, blood_type, allergies, notes, status, created_at, updated_at) VALUES ('hc-patient-cardio-00033', 'company-0001', 'Najat', 'Benjelloun', 454621956277, 'male', 'najat.benjelloun.cardio32@email.com', '+212660622663', 'Adresse 32', 'Agadir', 'MRN-C000033', 'O+', 'Penicilline', 'Patient cardiologie', 'active', 1767179304352, 1767179304352);
INSERT OR IGNORE INTO cardiology_patients (id, company_id, healthcare_patient_id, primary_diagnosis, secondary_diagnoses, risk_level, has_pacemaker, has_stent, smoking_status, family_history, notes, status, created_at, updated_at) VALUES ('cardio-patient-00033', 'company-0001', 'hc-patient-cardio-00033', 'Valvulopathie', 'Hypertension arterielle', 'high', 1, 0, 'current', 'positive_second_degree', 'Patient cardiologie', 'active', 1767179304352, 1767179304352);
INSERT OR IGNORE INTO healthcare_patients (id, company_id, first_name, last_name, date_of_birth, gender, email, phone, address, city, medical_record_number, blood_type, allergies, notes, status, created_at, updated_at) VALUES ('hc-patient-cardio-00034', 'company-0001', 'Mehdi', 'Bennani', -378298419017, 'male', 'mehdi.bennani.cardio33@email.com', '+212648085942', 'Adresse 33', 'Agadir', 'MRN-C000034', 'O+', 'Aspirine', 'Patient cardiologie', 'active', 1767179304352, 1767179304352);
INSERT OR IGNORE INTO cardiology_patients (id, company_id, healthcare_patient_id, primary_diagnosis, secondary_diagnoses, risk_level, has_pacemaker, has_stent, smoking_status, family_history, notes, status, created_at, updated_at) VALUES ('cardio-patient-00034', 'company-0001', 'hc-patient-cardio-00034', 'Cardiopathie ischemique', 'Insuffisance cardiaque', 'low', 0, 0, 'current', 'positive_second_degree', 'Patient cardiologie', 'active', 1767179304352, 1767179304352);
INSERT OR IGNORE INTO healthcare_patients (id, company_id, first_name, last_name, date_of_birth, gender, email, phone, address, city, medical_record_number, blood_type, allergies, notes, status, created_at, updated_at) VALUES ('hc-patient-cardio-00035', 'company-0001', 'Siham', 'Kettani', -611427791100, 'female', 'siham.kettani.cardio34@email.com', '+212646169021', 'Adresse 34', 'Marrakech', 'MRN-C000035', 'O+', 'Aspirine', 'Patient cardiologie', 'active', 1767179304352, 1767179304352);
INSERT OR IGNORE INTO cardiology_patients (id, company_id, healthcare_patient_id, primary_diagnosis, secondary_diagnoses, risk_level, has_pacemaker, has_stent, smoking_status, family_history, notes, status, created_at, updated_at) VALUES ('cardio-patient-00035', 'company-0001', 'hc-patient-cardio-00035', 'Insuffisance cardiaque', 'Hypertension arterielle', 'critical', 0, 0, 'former', 'positive_first_degree', 'Patient cardiologie', 'active', 1767179304352, 1767179304352);
INSERT OR IGNORE INTO healthcare_patients (id, company_id, first_name, last_name, date_of_birth, gender, email, phone, address, city, medical_record_number, blood_type, allergies, notes, status, created_at, updated_at) VALUES ('hc-patient-cardio-00036', 'company-0001', 'Hanane', 'Amrani', 411059197685, 'male', 'hanane.amrani.cardio35@email.com', '+212648217896', 'Adresse 35', 'Fes', 'MRN-C000036', 'B-', 'Sulfamides', 'Patient cardiologie', 'active', 1767179304352, 1767179304352);
INSERT OR IGNORE INTO cardiology_patients (id, company_id, healthcare_patient_id, primary_diagnosis, secondary_diagnoses, risk_level, has_pacemaker, has_stent, smoking_status, family_history, notes, status, created_at, updated_at) VALUES ('cardio-patient-00036', 'company-0001', 'hc-patient-cardio-00036', 'Cardiopathie ischemique', 'Valvulopathie', 'critical', 0, 0, 'current', 'positive_first_degree', 'Patient cardiologie', 'active', 1767179304352, 1767179304352);
INSERT OR IGNORE INTO healthcare_patients (id, company_id, first_name, last_name, date_of_birth, gender, email, phone, address, city, medical_record_number, blood_type, allergies, notes, status, created_at, updated_at) VALUES ('hc-patient-cardio-00037', 'company-0001', 'Adil', 'Tazi', -140518095920, 'female', 'adil.tazi.cardio36@email.com', '+212681466467', 'Adresse 36', 'Marrakech', 'MRN-C000037', 'B-', 'Aucune', 'Patient cardiologie', 'active', 1767179304352, 1767179304352);
INSERT OR IGNORE INTO cardiology_patients (id, company_id, healthcare_patient_id, primary_diagnosis, secondary_diagnoses, risk_level, has_pacemaker, has_stent, smoking_status, family_history, notes, status, created_at, updated_at) VALUES ('cardio-patient-00037', 'company-0001', 'hc-patient-cardio-00037', 'Endocardite', 'Hypertension arterielle', 'critical', 0, 1, 'never', 'none', 'Patient cardiologie', 'active', 1767179304352, 1767179304352);
INSERT OR IGNORE INTO healthcare_patients (id, company_id, first_name, last_name, date_of_birth, gender, email, phone, address, city, medical_record_number, blood_type, allergies, notes, status, created_at, updated_at) VALUES ('hc-patient-cardio-00038', 'company-0001', 'Farida', 'Benjelloun', 642552042435, 'female', 'farida.benjelloun.cardio37@email.com', '+212660815032', 'Adresse 37', 'Casablanca', 'MRN-C000038', 'B+', 'Iode', 'Patient cardiologie', 'active', 1767179304352, 1767179304352);
INSERT OR IGNORE INTO cardiology_patients (id, company_id, healthcare_patient_id, primary_diagnosis, secondary_diagnoses, risk_level, has_pacemaker, has_stent, smoking_status, family_history, notes, status, created_at, updated_at) VALUES ('cardio-patient-00038', 'company-0001', 'hc-patient-cardio-00038', 'Cardiopathie ischemique', 'Insuffisance cardiaque', 'high', 0, 1, 'current', 'positive_first_degree', 'Patient cardiologie', 'active', 1767179304352, 1767179304352);
INSERT OR IGNORE INTO healthcare_patients (id, company_id, first_name, last_name, date_of_birth, gender, email, phone, address, city, medical_record_number, blood_type, allergies, notes, status, created_at, updated_at) VALUES ('hc-patient-cardio-00039', 'company-0001', 'Khadija', 'Fassi Fihri', 321679259874, 'male', 'khadija.fassi fihri.cardio38@email.com', '+212617696237', 'Adresse 38', 'Casablanca', 'MRN-C000039', 'B-', 'Iode', 'Patient cardiologie', 'active', 1767179304352, 1767179304352);
INSERT OR IGNORE INTO cardiology_patients (id, company_id, healthcare_patient_id, primary_diagnosis, secondary_diagnoses, risk_level, has_pacemaker, has_stent, smoking_status, family_history, notes, status, created_at, updated_at) VALUES ('cardio-patient-00039', 'company-0001', 'hc-patient-cardio-00039', 'Arythmie ventriculaire', 'Endocardite', 'medium', 0, 0, 'current', 'positive_second_degree', 'Patient cardiologie', 'active', 1767179304352, 1767179304352);
INSERT OR IGNORE INTO healthcare_patients (id, company_id, first_name, last_name, date_of_birth, gender, email, phone, address, city, medical_record_number, blood_type, allergies, notes, status, created_at, updated_at) VALUES ('hc-patient-cardio-00040', 'company-0001', 'Hicham', 'Benkirane', -654284700679, 'female', 'hicham.benkirane.cardio39@email.com', '+212653807348', 'Adresse 39', 'Marrakech', 'MRN-C000040', 'O+', 'Aucune', 'Patient cardiologie', 'active', 1767179304352, 1767179304352);
INSERT OR IGNORE INTO cardiology_patients (id, company_id, healthcare_patient_id, primary_diagnosis, secondary_diagnoses, risk_level, has_pacemaker, has_stent, smoking_status, family_history, notes, status, created_at, updated_at) VALUES ('cardio-patient-00040', 'company-0001', 'hc-patient-cardio-00040', 'Insuffisance cardiaque', 'Endocardite', 'critical', 0, 1, 'current', 'positive_second_degree', 'Patient cardiologie', 'active', 1767179304352, 1767179304352);
INSERT OR IGNORE INTO healthcare_patients (id, company_id, first_name, last_name, date_of_birth, gender, email, phone, address, city, medical_record_number, blood_type, allergies, notes, status, created_at, updated_at) VALUES ('hc-patient-cardio-00041', 'company-0001', 'Latifa', 'Ouazzani', 613546362654, 'female', 'latifa.ouazzani.cardio40@email.com', '+212614683841', 'Adresse 40', 'Tanger', 'MRN-C000041', 'B-', 'Penicilline', 'Patient cardiologie', 'active', 1767179304352, 1767179304352);
INSERT OR IGNORE INTO cardiology_patients (id, company_id, healthcare_patient_id, primary_diagnosis, secondary_diagnoses, risk_level, has_pacemaker, has_stent, smoking_status, family_history, notes, status, created_at, updated_at) VALUES ('cardio-patient-00041', 'company-0001', 'hc-patient-cardio-00041', 'Pericardite', 'Valvulopathie', 'critical', 0, 1, 'current', 'positive_first_degree', 'Patient cardiologie', 'active', 1767179304352, 1767179304352);
INSERT OR IGNORE INTO healthcare_patients (id, company_id, first_name, last_name, date_of_birth, gender, email, phone, address, city, medical_record_number, blood_type, allergies, notes, status, created_at, updated_at) VALUES ('hc-patient-cardio-00042', 'company-0001', 'Jamal', 'Lahrichi', -435399718608, 'female', 'jamal.lahrichi.cardio41@email.com', '+212699745947', 'Adresse 41', 'Casablanca', 'MRN-C000042', 'O-', 'Aspirine', 'Patient cardiologie', 'active', 1767179304352, 1767179304352);
INSERT OR IGNORE INTO cardiology_patients (id, company_id, healthcare_patient_id, primary_diagnosis, secondary_diagnoses, risk_level, has_pacemaker, has_stent, smoking_status, family_history, notes, status, created_at, updated_at) VALUES ('cardio-patient-00042', 'company-0001', 'hc-patient-cardio-00042', 'Pericardite', 'Cardiopathie ischemique', 'low', 0, 1, 'former', 'positive_second_degree', 'Patient cardiologie', 'active', 1767179304352, 1767179304352);
INSERT OR IGNORE INTO healthcare_patients (id, company_id, first_name, last_name, date_of_birth, gender, email, phone, address, city, medical_record_number, blood_type, allergies, notes, status, created_at, updated_at) VALUES ('hc-patient-cardio-00043', 'company-0001', 'Najat', 'Ouazzani', 230793496579, 'female', 'najat.ouazzani.cardio42@email.com', '+212671589962', 'Adresse 42', 'Casablanca', 'MRN-C000043', 'AB+', 'Penicilline', 'Patient cardiologie', 'active', 1767179304352, 1767179304352);
INSERT OR IGNORE INTO cardiology_patients (id, company_id, healthcare_patient_id, primary_diagnosis, secondary_diagnoses, risk_level, has_pacemaker, has_stent, smoking_status, family_history, notes, status, created_at, updated_at) VALUES ('cardio-patient-00043', 'company-0001', 'hc-patient-cardio-00043', 'Hypertension arterielle', 'Fibrillation auriculaire', 'low', 0, 0, 'current', 'positive_first_degree', 'Patient cardiologie', 'active', 1767179304352, 1767179304352);
INSERT OR IGNORE INTO healthcare_patients (id, company_id, first_name, last_name, date_of_birth, gender, email, phone, address, city, medical_record_number, blood_type, allergies, notes, status, created_at, updated_at) VALUES ('hc-patient-cardio-00044', 'company-0001', 'Imane', 'Cherkaoui', 936485191374, 'male', 'imane.cherkaoui.cardio43@email.com', '+212642852486', 'Adresse 43', 'Casablanca', 'MRN-C000044', 'B+', 'Iode', 'Patient cardiologie', 'active', 1767179304352, 1767179304352);
INSERT OR IGNORE INTO cardiology_patients (id, company_id, healthcare_patient_id, primary_diagnosis, secondary_diagnoses, risk_level, has_pacemaker, has_stent, smoking_status, family_history, notes, status, created_at, updated_at) VALUES ('cardio-patient-00044', 'company-0001', 'hc-patient-cardio-00044', 'Cardiomyopathie dilatee', 'Arythmie ventriculaire', 'high', 1, 0, 'never', 'none', 'Patient cardiologie', 'active', 1767179304352, 1767179304352);
INSERT OR IGNORE INTO healthcare_patients (id, company_id, first_name, last_name, date_of_birth, gender, email, phone, address, city, medical_record_number, blood_type, allergies, notes, status, created_at, updated_at) VALUES ('hc-patient-cardio-00045', 'company-0001', 'Samira', 'Mekouar', -732145291671, 'male', 'samira.mekouar.cardio44@email.com', '+212616855999', 'Adresse 44', 'Tanger', 'MRN-C000045', 'O+', 'Penicilline', 'Patient cardiologie', 'active', 1767179304352, 1767179304352);
INSERT OR IGNORE INTO cardiology_patients (id, company_id, healthcare_patient_id, primary_diagnosis, secondary_diagnoses, risk_level, has_pacemaker, has_stent, smoking_status, family_history, notes, status, created_at, updated_at) VALUES ('cardio-patient-00045', 'company-0001', 'hc-patient-cardio-00045', 'Valvulopathie', 'Cardiomyopathie dilatee', 'medium', 0, 0, 'current', 'none', 'Patient cardiologie', 'active', 1767179304352, 1767179304352);
INSERT OR IGNORE INTO healthcare_patients (id, company_id, first_name, last_name, date_of_birth, gender, email, phone, address, city, medical_record_number, blood_type, allergies, notes, status, created_at, updated_at) VALUES ('hc-patient-cardio-00046', 'company-0001', 'Najat', 'Tahiri', -797403237983, 'female', 'najat.tahiri.cardio45@email.com', '+212655629383', 'Adresse 45', 'Casablanca', 'MRN-C000046', 'AB+', 'Aspirine', 'Patient cardiologie', 'active', 1767179304352, 1767179304352);
INSERT OR IGNORE INTO cardiology_patients (id, company_id, healthcare_patient_id, primary_diagnosis, secondary_diagnoses, risk_level, has_pacemaker, has_stent, smoking_status, family_history, notes, status, created_at, updated_at) VALUES ('cardio-patient-00046', 'company-0001', 'hc-patient-cardio-00046', 'Pericardite', 'Pericardite', 'high', 0, 0, 'never', 'positive_second_degree', 'Patient cardiologie', 'active', 1767179304352, 1767179304352);
INSERT OR IGNORE INTO healthcare_patients (id, company_id, first_name, last_name, date_of_birth, gender, email, phone, address, city, medical_record_number, blood_type, allergies, notes, status, created_at, updated_at) VALUES ('hc-patient-cardio-00047', 'company-0001', 'Driss', 'Sqalli', 472681661926, 'male', 'driss.sqalli.cardio46@email.com', '+212609349107', 'Adresse 46', 'Agadir', 'MRN-C000047', 'AB-', 'Iode', 'Patient cardiologie', 'active', 1767179304352, 1767179304352);
INSERT OR IGNORE INTO cardiology_patients (id, company_id, healthcare_patient_id, primary_diagnosis, secondary_diagnoses, risk_level, has_pacemaker, has_stent, smoking_status, family_history, notes, status, created_at, updated_at) VALUES ('cardio-patient-00047', 'company-0001', 'hc-patient-cardio-00047', 'Fibrillation auriculaire', 'Arythmie ventriculaire', 'critical', 1, 0, 'never', 'positive_first_degree', 'Patient cardiologie', 'active', 1767179304352, 1767179304352);
INSERT OR IGNORE INTO healthcare_patients (id, company_id, first_name, last_name, date_of_birth, gender, email, phone, address, city, medical_record_number, blood_type, allergies, notes, status, created_at, updated_at) VALUES ('hc-patient-cardio-00048', 'company-0001', 'Zakaria', 'Sefrioui', -906647112280, 'male', 'zakaria.sefrioui.cardio47@email.com', '+212630550163', 'Adresse 47', 'Agadir', 'MRN-C000048', 'O+', 'Iode', 'Patient cardiologie', 'active', 1767179304352, 1767179304352);
INSERT OR IGNORE INTO cardiology_patients (id, company_id, healthcare_patient_id, primary_diagnosis, secondary_diagnoses, risk_level, has_pacemaker, has_stent, smoking_status, family_history, notes, status, created_at, updated_at) VALUES ('cardio-patient-00048', 'company-0001', 'hc-patient-cardio-00048', 'Fibrillation auriculaire', 'Pericardite', 'low', 0, 0, 'former', 'none', 'Patient cardiologie', 'active', 1767179304352, 1767179304352);
INSERT OR IGNORE INTO healthcare_patients (id, company_id, first_name, last_name, date_of_birth, gender, email, phone, address, city, medical_record_number, blood_type, allergies, notes, status, created_at, updated_at) VALUES ('hc-patient-cardio-00049', 'company-0001', 'Reda', 'Berrada', -54807225476, 'male', 'reda.berrada.cardio48@email.com', '+212674291390', 'Adresse 48', 'Rabat', 'MRN-C000049', 'B-', 'Aspirine', 'Patient cardiologie', 'active', 1767179304352, 1767179304352);
INSERT OR IGNORE INTO cardiology_patients (id, company_id, healthcare_patient_id, primary_diagnosis, secondary_diagnoses, risk_level, has_pacemaker, has_stent, smoking_status, family_history, notes, status, created_at, updated_at) VALUES ('cardio-patient-00049', 'company-0001', 'hc-patient-cardio-00049', 'Cardiopathie ischemique', 'Insuffisance cardiaque', 'low', 0, 0, 'former', 'none', 'Patient cardiologie', 'active', 1767179304352, 1767179304352);
INSERT OR IGNORE INTO healthcare_patients (id, company_id, first_name, last_name, date_of_birth, gender, email, phone, address, city, medical_record_number, blood_type, allergies, notes, status, created_at, updated_at) VALUES ('hc-patient-cardio-00050', 'company-0001', 'Tarik', 'Tazi', 662898118720, 'female', 'tarik.tazi.cardio49@email.com', '+212666579741', 'Adresse 49', 'Tanger', 'MRN-C000050', 'B+', 'Penicilline', 'Patient cardiologie', 'active', 1767179304352, 1767179304352);
INSERT OR IGNORE INTO cardiology_patients (id, company_id, healthcare_patient_id, primary_diagnosis, secondary_diagnoses, risk_level, has_pacemaker, has_stent, smoking_status, family_history, notes, status, created_at, updated_at) VALUES ('cardio-patient-00050', 'company-0001', 'hc-patient-cardio-00050', 'Insuffisance cardiaque', 'Valvulopathie', 'high', 0, 0, 'former', 'positive_first_degree', 'Patient cardiologie', 'active', 1767179304352, 1767179304352);
INSERT OR IGNORE INTO healthcare_patients (id, company_id, first_name, last_name, date_of_birth, gender, email, phone, address, city, medical_record_number, blood_type, allergies, notes, status, created_at, updated_at) VALUES ('hc-patient-cardio-00051', 'company-0001', 'Jamila', 'Benkirane', -11140410418, 'male', 'jamila.benkirane.cardio50@email.com', '+212669794472', 'Adresse 50', 'Fes', 'MRN-C000051', 'AB-', 'Iode', 'Patient cardiologie', 'active', 1767179304352, 1767179304352);
INSERT OR IGNORE INTO cardiology_patients (id, company_id, healthcare_patient_id, primary_diagnosis, secondary_diagnoses, risk_level, has_pacemaker, has_stent, smoking_status, family_history, notes, status, created_at, updated_at) VALUES ('cardio-patient-00051', 'company-0001', 'hc-patient-cardio-00051', 'Cardiopathie ischemique', 'Fibrillation auriculaire', 'critical', 0, 1, 'current', 'none', 'Patient cardiologie', 'active', 1767179304352, 1767179304352);
INSERT OR IGNORE INTO healthcare_patients (id, company_id, first_name, last_name, date_of_birth, gender, email, phone, address, city, medical_record_number, blood_type, allergies, notes, status, created_at, updated_at) VALUES ('hc-patient-cardio-00052', 'company-0001', 'Karim', 'Hajji', -500455693075, 'female', 'karim.hajji.cardio51@email.com', '+212643853665', 'Adresse 51', 'Casablanca', 'MRN-C000052', 'B+', 'Penicilline', 'Patient cardiologie', 'active', 1767179304352, 1767179304352);
INSERT OR IGNORE INTO cardiology_patients (id, company_id, healthcare_patient_id, primary_diagnosis, secondary_diagnoses, risk_level, has_pacemaker, has_stent, smoking_status, family_history, notes, status, created_at, updated_at) VALUES ('cardio-patient-00052', 'company-0001', 'hc-patient-cardio-00052', 'Cardiomyopathie dilatee', 'Endocardite', 'critical', 0, 0, 'former', 'none', 'Patient cardiologie', 'active', 1767179304352, 1767179304352);
INSERT OR IGNORE INTO healthcare_patients (id, company_id, first_name, last_name, date_of_birth, gender, email, phone, address, city, medical_record_number, blood_type, allergies, notes, status, created_at, updated_at) VALUES ('hc-patient-cardio-00053', 'company-0001', 'Ahmed', 'Doukkali', -645413532680, 'male', 'ahmed.doukkali.cardio52@email.com', '+212693807502', 'Adresse 52', 'Casablanca', 'MRN-C000053', 'B+', 'Aucune', 'Patient cardiologie', 'active', 1767179304352, 1767179304352);
INSERT OR IGNORE INTO cardiology_patients (id, company_id, healthcare_patient_id, primary_diagnosis, secondary_diagnoses, risk_level, has_pacemaker, has_stent, smoking_status, family_history, notes, status, created_at, updated_at) VALUES ('cardio-patient-00053', 'company-0001', 'hc-patient-cardio-00053', 'Valvulopathie', 'Valvulopathie', 'low', 0, 1, 'current', 'positive_second_degree', 'Patient cardiologie', 'active', 1767179304352, 1767179304352);
INSERT OR IGNORE INTO healthcare_patients (id, company_id, first_name, last_name, date_of_birth, gender, email, phone, address, city, medical_record_number, blood_type, allergies, notes, status, created_at, updated_at) VALUES ('hc-patient-cardio-00054', 'company-0001', 'Khadija', 'Filali', -853698171585, 'male', 'khadija.filali.cardio53@email.com', '+212636808328', 'Adresse 53', 'Tanger', 'MRN-C000054', 'B+', 'Latex', 'Patient cardiologie', 'active', 1767179304352, 1767179304352);
INSERT OR IGNORE INTO cardiology_patients (id, company_id, healthcare_patient_id, primary_diagnosis, secondary_diagnoses, risk_level, has_pacemaker, has_stent, smoking_status, family_history, notes, status, created_at, updated_at) VALUES ('cardio-patient-00054', 'company-0001', 'hc-patient-cardio-00054', 'Cardiomyopathie dilatee', 'Endocardite', 'high', 1, 0, 'former', 'positive_second_degree', 'Patient cardiologie', 'active', 1767179304352, 1767179304352);
INSERT OR IGNORE INTO healthcare_patients (id, company_id, first_name, last_name, date_of_birth, gender, email, phone, address, city, medical_record_number, blood_type, allergies, notes, status, created_at, updated_at) VALUES ('hc-patient-cardio-00055', 'company-0001', 'Ahmed', 'Sefrioui', -788805309266, 'male', 'ahmed.sefrioui.cardio54@email.com', '+212684282232', 'Adresse 54', 'Rabat', 'MRN-C000055', 'O-', 'Aucune', 'Patient cardiologie', 'active', 1767179304352, 1767179304352);
INSERT OR IGNORE INTO cardiology_patients (id, company_id, healthcare_patient_id, primary_diagnosis, secondary_diagnoses, risk_level, has_pacemaker, has_stent, smoking_status, family_history, notes, status, created_at, updated_at) VALUES ('cardio-patient-00055', 'company-0001', 'hc-patient-cardio-00055', 'Arythmie ventriculaire', 'Cardiopathie ischemique', 'low', 1, 0, 'never', 'positive_second_degree', 'Patient cardiologie', 'active', 1767179304352, 1767179304352);
INSERT OR IGNORE INTO healthcare_patients (id, company_id, first_name, last_name, date_of_birth, gender, email, phone, address, city, medical_record_number, blood_type, allergies, notes, status, created_at, updated_at) VALUES ('hc-patient-cardio-00056', 'company-0001', 'Ahmed', 'Benhima', 557141048344, 'male', 'ahmed.benhima.cardio55@email.com', '+212679706542', 'Adresse 55', 'Rabat', 'MRN-C000056', 'A-', 'Sulfamides', 'Patient cardiologie', 'active', 1767179304352, 1767179304352);
INSERT OR IGNORE INTO cardiology_patients (id, company_id, healthcare_patient_id, primary_diagnosis, secondary_diagnoses, risk_level, has_pacemaker, has_stent, smoking_status, family_history, notes, status, created_at, updated_at) VALUES ('cardio-patient-00056', 'company-0001', 'hc-patient-cardio-00056', 'Cardiomyopathie dilatee', 'Endocardite', 'critical', 0, 0, 'never', 'positive_first_degree', 'Patient cardiologie', 'active', 1767179304352, 1767179304352);
INSERT OR IGNORE INTO healthcare_patients (id, company_id, first_name, last_name, date_of_birth, gender, email, phone, address, city, medical_record_number, blood_type, allergies, notes, status, created_at, updated_at) VALUES ('hc-patient-cardio-00057', 'company-0001', 'Rachid', 'Lahlou', 389507532502, 'male', 'rachid.lahlou.cardio56@email.com', '+212626869452', 'Adresse 56', 'Tanger', 'MRN-C000057', 'A-', 'Latex', 'Patient cardiologie', 'active', 1767179304352, 1767179304352);
INSERT OR IGNORE INTO cardiology_patients (id, company_id, healthcare_patient_id, primary_diagnosis, secondary_diagnoses, risk_level, has_pacemaker, has_stent, smoking_status, family_history, notes, status, created_at, updated_at) VALUES ('cardio-patient-00057', 'company-0001', 'hc-patient-cardio-00057', 'Cardiomyopathie dilatee', 'Valvulopathie', 'medium', 0, 0, 'former', 'none', 'Patient cardiologie', 'active', 1767179304352, 1767179304352);
INSERT OR IGNORE INTO healthcare_patients (id, company_id, first_name, last_name, date_of_birth, gender, email, phone, address, city, medical_record_number, blood_type, allergies, notes, status, created_at, updated_at) VALUES ('hc-patient-cardio-00058', 'company-0001', 'Amine', 'Fassi Fihri', -927243307710, 'female', 'amine.fassi fihri.cardio57@email.com', '+212617219153', 'Adresse 57', 'Marrakech', 'MRN-C000058', 'O-', 'Sulfamides', 'Patient cardiologie', 'active', 1767179304352, 1767179304352);
INSERT OR IGNORE INTO cardiology_patients (id, company_id, healthcare_patient_id, primary_diagnosis, secondary_diagnoses, risk_level, has_pacemaker, has_stent, smoking_status, family_history, notes, status, created_at, updated_at) VALUES ('cardio-patient-00058', 'company-0001', 'hc-patient-cardio-00058', 'Cardiopathie ischemique', 'Insuffisance cardiaque', 'medium', 1, 0, 'former', 'positive_second_degree', 'Patient cardiologie', 'active', 1767179304352, 1767179304352);
INSERT OR IGNORE INTO healthcare_patients (id, company_id, first_name, last_name, date_of_birth, gender, email, phone, address, city, medical_record_number, blood_type, allergies, notes, status, created_at, updated_at) VALUES ('hc-patient-cardio-00059', 'company-0001', 'Sanaa', 'Guerraoui', 274974250489, 'male', 'sanaa.guerraoui.cardio58@email.com', '+212633955432', 'Adresse 58', 'Marrakech', 'MRN-C000059', 'O+', 'Latex', 'Patient cardiologie', 'active', 1767179304352, 1767179304352);
INSERT OR IGNORE INTO cardiology_patients (id, company_id, healthcare_patient_id, primary_diagnosis, secondary_diagnoses, risk_level, has_pacemaker, has_stent, smoking_status, family_history, notes, status, created_at, updated_at) VALUES ('cardio-patient-00059', 'company-0001', 'hc-patient-cardio-00059', 'Arythmie ventriculaire', 'Valvulopathie', 'critical', 0, 0, 'current', 'positive_first_degree', 'Patient cardiologie', 'active', 1767179304352, 1767179304352);
INSERT OR IGNORE INTO healthcare_patients (id, company_id, first_name, last_name, date_of_birth, gender, email, phone, address, city, medical_record_number, blood_type, allergies, notes, status, created_at, updated_at) VALUES ('hc-patient-cardio-00060', 'company-0001', 'Jamila', 'Jabri', -35498533019, 'female', 'jamila.jabri.cardio59@email.com', '+212653775251', 'Adresse 59', 'Marrakech', 'MRN-C000060', 'A+', 'Penicilline', 'Patient cardiologie', 'active', 1767179304352, 1767179304352);
INSERT OR IGNORE INTO cardiology_patients (id, company_id, healthcare_patient_id, primary_diagnosis, secondary_diagnoses, risk_level, has_pacemaker, has_stent, smoking_status, family_history, notes, status, created_at, updated_at) VALUES ('cardio-patient-00060', 'company-0001', 'hc-patient-cardio-00060', 'Fibrillation auriculaire', 'Arythmie ventriculaire', 'critical', 1, 0, 'current', 'positive_first_degree', 'Patient cardiologie', 'active', 1767179304352, 1767179304352);
INSERT OR IGNORE INTO healthcare_patients (id, company_id, first_name, last_name, date_of_birth, gender, email, phone, address, city, medical_record_number, blood_type, allergies, notes, status, created_at, updated_at) VALUES ('hc-patient-cardio-00061', 'company-0001', 'Youssef', 'Bennani', 138697094922, 'female', 'youssef.bennani.cardio60@email.com', '+212615629198', 'Adresse 60', 'Marrakech', 'MRN-C000061', 'O+', 'Aucune', 'Patient cardiologie', 'active', 1767179304352, 1767179304352);
INSERT OR IGNORE INTO cardiology_patients (id, company_id, healthcare_patient_id, primary_diagnosis, secondary_diagnoses, risk_level, has_pacemaker, has_stent, smoking_status, family_history, notes, status, created_at, updated_at) VALUES ('cardio-patient-00061', 'company-0001', 'hc-patient-cardio-00061', 'Cardiopathie ischemique', 'Pericardite', 'low', 0, 0, 'never', 'none', 'Patient cardiologie', 'active', 1767179304352, 1767179304352);
INSERT OR IGNORE INTO healthcare_patients (id, company_id, first_name, last_name, date_of_birth, gender, email, phone, address, city, medical_record_number, blood_type, allergies, notes, status, created_at, updated_at) VALUES ('hc-patient-cardio-00062', 'company-0001', 'Mohamed', 'Tahiri', -241820461344, 'female', 'mohamed.tahiri.cardio61@email.com', '+212692199313', 'Adresse 61', 'Tanger', 'MRN-C000062', 'AB-', 'Penicilline', 'Patient cardiologie', 'active', 1767179304352, 1767179304352);
INSERT OR IGNORE INTO cardiology_patients (id, company_id, healthcare_patient_id, primary_diagnosis, secondary_diagnoses, risk_level, has_pacemaker, has_stent, smoking_status, family_history, notes, status, created_at, updated_at) VALUES ('cardio-patient-00062', 'company-0001', 'hc-patient-cardio-00062', 'Pericardite', 'Insuffisance cardiaque', 'high', 0, 0, 'current', 'none', 'Patient cardiologie', 'active', 1767179304352, 1767179304352);
INSERT OR IGNORE INTO healthcare_patients (id, company_id, first_name, last_name, date_of_birth, gender, email, phone, address, city, medical_record_number, blood_type, allergies, notes, status, created_at, updated_at) VALUES ('hc-patient-cardio-00063', 'company-0001', 'Imane', 'Ouazzani', 319781314055, 'male', 'imane.ouazzani.cardio62@email.com', '+212632705250', 'Adresse 62', 'Casablanca', 'MRN-C000063', 'B+', 'Iode', 'Patient cardiologie', 'active', 1767179304352, 1767179304352);
INSERT OR IGNORE INTO cardiology_patients (id, company_id, healthcare_patient_id, primary_diagnosis, secondary_diagnoses, risk_level, has_pacemaker, has_stent, smoking_status, family_history, notes, status, created_at, updated_at) VALUES ('cardio-patient-00063', 'company-0001', 'hc-patient-cardio-00063', 'Hypertension arterielle', 'Pericardite', 'low', 0, 0, 'current', 'positive_first_degree', 'Patient cardiologie', 'active', 1767179304352, 1767179304352);
INSERT OR IGNORE INTO healthcare_patients (id, company_id, first_name, last_name, date_of_birth, gender, email, phone, address, city, medical_record_number, blood_type, allergies, notes, status, created_at, updated_at) VALUES ('hc-patient-cardio-00064', 'company-0001', 'Omar', 'Berrada', -292718820523, 'female', 'omar.berrada.cardio63@email.com', '+212660459459', 'Adresse 63', 'Fes', 'MRN-C000064', 'AB-', 'Penicilline', 'Patient cardiologie', 'active', 1767179304352, 1767179304352);
INSERT OR IGNORE INTO cardiology_patients (id, company_id, healthcare_patient_id, primary_diagnosis, secondary_diagnoses, risk_level, has_pacemaker, has_stent, smoking_status, family_history, notes, status, created_at, updated_at) VALUES ('cardio-patient-00064', 'company-0001', 'hc-patient-cardio-00064', 'Syndrome coronarien aigu', 'Hypertension arterielle', 'high', 0, 1, 'current', 'positive_second_degree', 'Patient cardiologie', 'active', 1767179304352, 1767179304352);
INSERT OR IGNORE INTO healthcare_patients (id, company_id, first_name, last_name, date_of_birth, gender, email, phone, address, city, medical_record_number, blood_type, allergies, notes, status, created_at, updated_at) VALUES ('hc-patient-cardio-00065', 'company-0001', 'Souad', 'Hajji', 916334740222, 'male', 'souad.hajji.cardio64@email.com', '+212677315680', 'Adresse 64', 'Marrakech', 'MRN-C000065', 'AB+', 'Iode', 'Patient cardiologie', 'active', 1767179304352, 1767179304352);
INSERT OR IGNORE INTO cardiology_patients (id, company_id, healthcare_patient_id, primary_diagnosis, secondary_diagnoses, risk_level, has_pacemaker, has_stent, smoking_status, family_history, notes, status, created_at, updated_at) VALUES ('cardio-patient-00065', 'company-0001', 'hc-patient-cardio-00065', 'Syndrome coronarien aigu', 'Endocardite', 'critical', 0, 1, 'former', 'positive_first_degree', 'Patient cardiologie', 'active', 1767179304352, 1767179304352);
INSERT OR IGNORE INTO healthcare_patients (id, company_id, first_name, last_name, date_of_birth, gender, email, phone, address, city, medical_record_number, blood_type, allergies, notes, status, created_at, updated_at) VALUES ('hc-patient-cardio-00066', 'company-0001', 'Tarik', 'Lahlou', 898844357040, 'female', 'tarik.lahlou.cardio65@email.com', '+212675167813', 'Adresse 65', 'Marrakech', 'MRN-C000066', 'AB+', 'Sulfamides', 'Patient cardiologie', 'active', 1767179304352, 1767179304352);
INSERT OR IGNORE INTO cardiology_patients (id, company_id, healthcare_patient_id, primary_diagnosis, secondary_diagnoses, risk_level, has_pacemaker, has_stent, smoking_status, family_history, notes, status, created_at, updated_at) VALUES ('cardio-patient-00066', 'company-0001', 'hc-patient-cardio-00066', 'Arythmie ventriculaire', 'Pericardite', 'critical', 0, 0, 'former', 'positive_first_degree', 'Patient cardiologie', 'active', 1767179304352, 1767179304352);
INSERT OR IGNORE INTO healthcare_patients (id, company_id, first_name, last_name, date_of_birth, gender, email, phone, address, city, medical_record_number, blood_type, allergies, notes, status, created_at, updated_at) VALUES ('hc-patient-cardio-00067', 'company-0001', 'Nabil', 'Jabri', 102858025298, 'female', 'nabil.jabri.cardio66@email.com', '+212693321968', 'Adresse 66', 'Tanger', 'MRN-C000067', 'B+', 'Penicilline', 'Patient cardiologie', 'active', 1767179304352, 1767179304352);
INSERT OR IGNORE INTO cardiology_patients (id, company_id, healthcare_patient_id, primary_diagnosis, secondary_diagnoses, risk_level, has_pacemaker, has_stent, smoking_status, family_history, notes, status, created_at, updated_at) VALUES ('cardio-patient-00067', 'company-0001', 'hc-patient-cardio-00067', 'Syndrome coronarien aigu', 'Cardiomyopathie dilatee', 'high', 1, 0, 'current', 'positive_second_degree', 'Patient cardiologie', 'active', 1767179304352, 1767179304352);
INSERT OR IGNORE INTO healthcare_patients (id, company_id, first_name, last_name, date_of_birth, gender, email, phone, address, city, medical_record_number, blood_type, allergies, notes, status, created_at, updated_at) VALUES ('hc-patient-cardio-00068', 'company-0001', 'Hassan', 'Alaoui', -801783099747, 'male', 'hassan.alaoui.cardio67@email.com', '+212619628609', 'Adresse 67', 'Casablanca', 'MRN-C000068', 'AB-', 'Penicilline', 'Patient cardiologie', 'active', 1767179304352, 1767179304352);
INSERT OR IGNORE INTO cardiology_patients (id, company_id, healthcare_patient_id, primary_diagnosis, secondary_diagnoses, risk_level, has_pacemaker, has_stent, smoking_status, family_history, notes, status, created_at, updated_at) VALUES ('cardio-patient-00068', 'company-0001', 'hc-patient-cardio-00068', 'Cardiomyopathie dilatee', 'Fibrillation auriculaire', 'critical', 0, 1, 'current', 'none', 'Patient cardiologie', 'active', 1767179304352, 1767179304352);
INSERT OR IGNORE INTO healthcare_patients (id, company_id, first_name, last_name, date_of_birth, gender, email, phone, address, city, medical_record_number, blood_type, allergies, notes, status, created_at, updated_at) VALUES ('hc-patient-cardio-00069', 'company-0001', 'Amine', 'Amrani', 638727637549, 'male', 'amine.amrani.cardio68@email.com', '+212601397492', 'Adresse 68', 'Agadir', 'MRN-C000069', 'A-', 'Sulfamides', 'Patient cardiologie', 'active', 1767179304352, 1767179304352);
INSERT OR IGNORE INTO cardiology_patients (id, company_id, healthcare_patient_id, primary_diagnosis, secondary_diagnoses, risk_level, has_pacemaker, has_stent, smoking_status, family_history, notes, status, created_at, updated_at) VALUES ('cardio-patient-00069', 'company-0001', 'hc-patient-cardio-00069', 'Fibrillation auriculaire', 'Hypertension arterielle', 'high', 0, 1, 'current', 'none', 'Patient cardiologie', 'active', 1767179304352, 1767179304352);
INSERT OR IGNORE INTO healthcare_patients (id, company_id, first_name, last_name, date_of_birth, gender, email, phone, address, city, medical_record_number, blood_type, allergies, notes, status, created_at, updated_at) VALUES ('hc-patient-cardio-00070', 'company-0001', 'Reda', 'Guerraoui', -660553569777, 'male', 'reda.guerraoui.cardio69@email.com', '+212625657146', 'Adresse 69', 'Rabat', 'MRN-C000070', 'O-', 'Penicilline', 'Patient cardiologie', 'active', 1767179304352, 1767179304352);
INSERT OR IGNORE INTO cardiology_patients (id, company_id, healthcare_patient_id, primary_diagnosis, secondary_diagnoses, risk_level, has_pacemaker, has_stent, smoking_status, family_history, notes, status, created_at, updated_at) VALUES ('cardio-patient-00070', 'company-0001', 'hc-patient-cardio-00070', 'Endocardite', 'Fibrillation auriculaire', 'high', 0, 0, 'former', 'positive_first_degree', 'Patient cardiologie', 'active', 1767179304352, 1767179304352);
INSERT OR IGNORE INTO healthcare_patients (id, company_id, first_name, last_name, date_of_birth, gender, email, phone, address, city, medical_record_number, blood_type, allergies, notes, status, created_at, updated_at) VALUES ('hc-patient-cardio-00071', 'company-0001', 'Farida', 'Filali', 238095307752, 'male', 'farida.filali.cardio70@email.com', '+212605648299', 'Adresse 70', 'Fes', 'MRN-C000071', 'AB-', 'Latex', 'Patient cardiologie', 'active', 1767179304353, 1767179304353);
INSERT OR IGNORE INTO cardiology_patients (id, company_id, healthcare_patient_id, primary_diagnosis, secondary_diagnoses, risk_level, has_pacemaker, has_stent, smoking_status, family_history, notes, status, created_at, updated_at) VALUES ('cardio-patient-00071', 'company-0001', 'hc-patient-cardio-00071', 'Cardiomyopathie dilatee', 'Valvulopathie', 'low', 0, 0, 'former', 'positive_first_degree', 'Patient cardiologie', 'active', 1767179304353, 1767179304353);
INSERT OR IGNORE INTO healthcare_patients (id, company_id, first_name, last_name, date_of_birth, gender, email, phone, address, city, medical_record_number, blood_type, allergies, notes, status, created_at, updated_at) VALUES ('hc-patient-cardio-00072', 'company-0001', 'Nadia', 'Mekouar', 951434622218, 'female', 'nadia.mekouar.cardio71@email.com', '+212648704475', 'Adresse 71', 'Casablanca', 'MRN-C000072', 'B-', 'Aucune', 'Patient cardiologie', 'active', 1767179304353, 1767179304353);
INSERT OR IGNORE INTO cardiology_patients (id, company_id, healthcare_patient_id, primary_diagnosis, secondary_diagnoses, risk_level, has_pacemaker, has_stent, smoking_status, family_history, notes, status, created_at, updated_at) VALUES ('cardio-patient-00072', 'company-0001', 'hc-patient-cardio-00072', 'Fibrillation auriculaire', 'Insuffisance cardiaque', 'medium', 0, 0, 'current', 'none', 'Patient cardiologie', 'active', 1767179304353, 1767179304353);
INSERT OR IGNORE INTO healthcare_patients (id, company_id, first_name, last_name, date_of_birth, gender, email, phone, address, city, medical_record_number, blood_type, allergies, notes, status, created_at, updated_at) VALUES ('hc-patient-cardio-00073', 'company-0001', 'Brahim', 'Lahrichi', 77787843989, 'female', 'brahim.lahrichi.cardio72@email.com', '+212691272445', 'Adresse 72', 'Casablanca', 'MRN-C000073', 'B+', 'Aucune', 'Patient cardiologie', 'active', 1767179304353, 1767179304353);
INSERT OR IGNORE INTO cardiology_patients (id, company_id, healthcare_patient_id, primary_diagnosis, secondary_diagnoses, risk_level, has_pacemaker, has_stent, smoking_status, family_history, notes, status, created_at, updated_at) VALUES ('cardio-patient-00073', 'company-0001', 'hc-patient-cardio-00073', 'Endocardite', 'Syndrome coronarien aigu', 'high', 0, 0, 'current', 'positive_second_degree', 'Patient cardiologie', 'active', 1767179304353, 1767179304353);
INSERT OR IGNORE INTO healthcare_patients (id, company_id, first_name, last_name, date_of_birth, gender, email, phone, address, city, medical_record_number, blood_type, allergies, notes, status, created_at, updated_at) VALUES ('hc-patient-cardio-00074', 'company-0001', 'Adil', 'Doukkali', 563221233054, 'male', 'adil.doukkali.cardio73@email.com', '+212632474142', 'Adresse 73', 'Tanger', 'MRN-C000074', 'O-', 'Aspirine', 'Patient cardiologie', 'active', 1767179304353, 1767179304353);
INSERT OR IGNORE INTO cardiology_patients (id, company_id, healthcare_patient_id, primary_diagnosis, secondary_diagnoses, risk_level, has_pacemaker, has_stent, smoking_status, family_history, notes, status, created_at, updated_at) VALUES ('cardio-patient-00074', 'company-0001', 'hc-patient-cardio-00074', 'Endocardite', 'Valvulopathie', 'medium', 1, 0, 'never', 'none', 'Patient cardiologie', 'active', 1767179304353, 1767179304353);
INSERT OR IGNORE INTO healthcare_patients (id, company_id, first_name, last_name, date_of_birth, gender, email, phone, address, city, medical_record_number, blood_type, allergies, notes, status, created_at, updated_at) VALUES ('hc-patient-cardio-00075', 'company-0001', 'Reda', 'Naciri', -506771349692, 'female', 'reda.naciri.cardio74@email.com', '+212628335720', 'Adresse 74', 'Rabat', 'MRN-C000075', 'AB-', 'Latex', 'Patient cardiologie', 'active', 1767179304353, 1767179304353);
INSERT OR IGNORE INTO cardiology_patients (id, company_id, healthcare_patient_id, primary_diagnosis, secondary_diagnoses, risk_level, has_pacemaker, has_stent, smoking_status, family_history, notes, status, created_at, updated_at) VALUES ('cardio-patient-00075', 'company-0001', 'hc-patient-cardio-00075', 'Fibrillation auriculaire', 'Valvulopathie', 'high', 0, 0, 'never', 'positive_second_degree', 'Patient cardiologie', 'active', 1767179304353, 1767179304353);
INSERT OR IGNORE INTO healthcare_patients (id, company_id, first_name, last_name, date_of_birth, gender, email, phone, address, city, medical_record_number, blood_type, allergies, notes, status, created_at, updated_at) VALUES ('hc-patient-cardio-00076', 'company-0001', 'Farida', 'Lahlou', -298616571396, 'female', 'farida.lahlou.cardio75@email.com', '+212631937201', 'Adresse 75', 'Agadir', 'MRN-C000076', 'B+', 'Aucune', 'Patient cardiologie', 'active', 1767179304353, 1767179304353);
INSERT OR IGNORE INTO cardiology_patients (id, company_id, healthcare_patient_id, primary_diagnosis, secondary_diagnoses, risk_level, has_pacemaker, has_stent, smoking_status, family_history, notes, status, created_at, updated_at) VALUES ('cardio-patient-00076', 'company-0001', 'hc-patient-cardio-00076', 'Valvulopathie', 'Cardiomyopathie dilatee', 'medium', 0, 0, 'former', 'positive_second_degree', 'Patient cardiologie', 'active', 1767179304353, 1767179304353);
INSERT OR IGNORE INTO healthcare_patients (id, company_id, first_name, last_name, date_of_birth, gender, email, phone, address, city, medical_record_number, blood_type, allergies, notes, status, created_at, updated_at) VALUES ('hc-patient-cardio-00077', 'company-0001', 'Ismail', 'Idrissi', 751505216935, 'male', 'ismail.idrissi.cardio76@email.com', '+212665084541', 'Adresse 76', 'Fes', 'MRN-C000077', 'O-', 'Aucune', 'Patient cardiologie', 'active', 1767179304353, 1767179304353);
INSERT OR IGNORE INTO cardiology_patients (id, company_id, healthcare_patient_id, primary_diagnosis, secondary_diagnoses, risk_level, has_pacemaker, has_stent, smoking_status, family_history, notes, status, created_at, updated_at) VALUES ('cardio-patient-00077', 'company-0001', 'hc-patient-cardio-00077', 'Endocardite', 'Cardiopathie ischemique', 'low', 1, 1, 'current', 'positive_first_degree', 'Patient cardiologie', 'active', 1767179304353, 1767179304353);
INSERT OR IGNORE INTO healthcare_patients (id, company_id, first_name, last_name, date_of_birth, gender, email, phone, address, city, medical_record_number, blood_type, allergies, notes, status, created_at, updated_at) VALUES ('hc-patient-cardio-00078', 'company-0001', 'Tarik', 'Cherkaoui', -366311008488, 'female', 'tarik.cherkaoui.cardio77@email.com', '+212605698307', 'Adresse 77', 'Agadir', 'MRN-C000078', 'AB+', 'Aspirine', 'Patient cardiologie', 'active', 1767179304353, 1767179304353);
INSERT OR IGNORE INTO cardiology_patients (id, company_id, healthcare_patient_id, primary_diagnosis, secondary_diagnoses, risk_level, has_pacemaker, has_stent, smoking_status, family_history, notes, status, created_at, updated_at) VALUES ('cardio-patient-00078', 'company-0001', 'hc-patient-cardio-00078', 'Hypertension arterielle', 'Cardiopathie ischemique', 'low', 0, 0, 'current', 'positive_second_degree', 'Patient cardiologie', 'active', 1767179304353, 1767179304353);
INSERT OR IGNORE INTO healthcare_patients (id, company_id, first_name, last_name, date_of_birth, gender, email, phone, address, city, medical_record_number, blood_type, allergies, notes, status, created_at, updated_at) VALUES ('hc-patient-cardio-00079', 'company-0001', 'Mohamed', 'Filali', -803241018370, 'female', 'mohamed.filali.cardio78@email.com', '+212686212157', 'Adresse 78', 'Rabat', 'MRN-C000079', 'B-', 'Penicilline', 'Patient cardiologie', 'active', 1767179304353, 1767179304353);
INSERT OR IGNORE INTO cardiology_patients (id, company_id, healthcare_patient_id, primary_diagnosis, secondary_diagnoses, risk_level, has_pacemaker, has_stent, smoking_status, family_history, notes, status, created_at, updated_at) VALUES ('cardio-patient-00079', 'company-0001', 'hc-patient-cardio-00079', 'Cardiomyopathie dilatee', 'Syndrome coronarien aigu', 'critical', 0, 0, 'current', 'positive_first_degree', 'Patient cardiologie', 'active', 1767179304353, 1767179304353);
INSERT OR IGNORE INTO healthcare_patients (id, company_id, first_name, last_name, date_of_birth, gender, email, phone, address, city, medical_record_number, blood_type, allergies, notes, status, created_at, updated_at) VALUES ('hc-patient-cardio-00080', 'company-0001', 'Mohamed', 'Kettani', -323826060278, 'female', 'mohamed.kettani.cardio79@email.com', '+212611899718', 'Adresse 79', 'Rabat', 'MRN-C000080', 'O+', 'Aucune', 'Patient cardiologie', 'active', 1767179304353, 1767179304353);
INSERT OR IGNORE INTO cardiology_patients (id, company_id, healthcare_patient_id, primary_diagnosis, secondary_diagnoses, risk_level, has_pacemaker, has_stent, smoking_status, family_history, notes, status, created_at, updated_at) VALUES ('cardio-patient-00080', 'company-0001', 'hc-patient-cardio-00080', 'Cardiopathie ischemique', 'Insuffisance cardiaque', 'critical', 0, 0, 'never', 'none', 'Patient cardiologie', 'active', 1767179304353, 1767179304353);
INSERT OR IGNORE INTO healthcare_patients (id, company_id, first_name, last_name, date_of_birth, gender, email, phone, address, city, medical_record_number, blood_type, allergies, notes, status, created_at, updated_at) VALUES ('hc-patient-cardio-00081', 'company-0001', 'Omar', 'Guerraoui', -836253855598, 'female', 'omar.guerraoui.cardio80@email.com', '+212639822655', 'Adresse 80', 'Tanger', 'MRN-C000081', 'O+', 'Penicilline', 'Patient cardiologie', 'active', 1767179304353, 1767179304353);
INSERT OR IGNORE INTO cardiology_patients (id, company_id, healthcare_patient_id, primary_diagnosis, secondary_diagnoses, risk_level, has_pacemaker, has_stent, smoking_status, family_history, notes, status, created_at, updated_at) VALUES ('cardio-patient-00081', 'company-0001', 'hc-patient-cardio-00081', 'Insuffisance cardiaque', 'Syndrome coronarien aigu', 'high', 0, 0, 'current', 'positive_first_degree', 'Patient cardiologie', 'active', 1767179304353, 1767179304353);
INSERT OR IGNORE INTO healthcare_patients (id, company_id, first_name, last_name, date_of_birth, gender, email, phone, address, city, medical_record_number, blood_type, allergies, notes, status, created_at, updated_at) VALUES ('hc-patient-cardio-00082', 'company-0001', 'Ahmed', 'Idrissi', -273022344871, 'female', 'ahmed.idrissi.cardio81@email.com', '+212657266733', 'Adresse 81', 'Agadir', 'MRN-C000082', 'B-', 'Aspirine', 'Patient cardiologie', 'active', 1767179304353, 1767179304353);
INSERT OR IGNORE INTO cardiology_patients (id, company_id, healthcare_patient_id, primary_diagnosis, secondary_diagnoses, risk_level, has_pacemaker, has_stent, smoking_status, family_history, notes, status, created_at, updated_at) VALUES ('cardio-patient-00082', 'company-0001', 'hc-patient-cardio-00082', 'Endocardite', 'Endocardite', 'critical', 1, 1, 'current', 'positive_first_degree', 'Patient cardiologie', 'active', 1767179304353, 1767179304353);
INSERT OR IGNORE INTO healthcare_patients (id, company_id, first_name, last_name, date_of_birth, gender, email, phone, address, city, medical_record_number, blood_type, allergies, notes, status, created_at, updated_at) VALUES ('hc-patient-cardio-00083', 'company-0001', 'Driss', 'Naciri', -126725571373, 'female', 'driss.naciri.cardio82@email.com', '+212640479259', 'Adresse 82', 'Casablanca', 'MRN-C000083', 'O-', 'Penicilline', 'Patient cardiologie', 'active', 1767179304353, 1767179304353);
INSERT OR IGNORE INTO cardiology_patients (id, company_id, healthcare_patient_id, primary_diagnosis, secondary_diagnoses, risk_level, has_pacemaker, has_stent, smoking_status, family_history, notes, status, created_at, updated_at) VALUES ('cardio-patient-00083', 'company-0001', 'hc-patient-cardio-00083', 'Syndrome coronarien aigu', 'Cardiomyopathie dilatee', 'medium', 1, 0, 'former', 'positive_second_degree', 'Patient cardiologie', 'active', 1767179304353, 1767179304353);
INSERT OR IGNORE INTO healthcare_patients (id, company_id, first_name, last_name, date_of_birth, gender, email, phone, address, city, medical_record_number, blood_type, allergies, notes, status, created_at, updated_at) VALUES ('hc-patient-cardio-00084', 'company-0001', 'Naima', 'Benjelloun', 439122520977, 'male', 'naima.benjelloun.cardio83@email.com', '+212603134840', 'Adresse 83', 'Rabat', 'MRN-C000084', 'O-', 'Aucune', 'Patient cardiologie', 'active', 1767179304353, 1767179304353);
INSERT OR IGNORE INTO cardiology_patients (id, company_id, healthcare_patient_id, primary_diagnosis, secondary_diagnoses, risk_level, has_pacemaker, has_stent, smoking_status, family_history, notes, status, created_at, updated_at) VALUES ('cardio-patient-00084', 'company-0001', 'hc-patient-cardio-00084', 'Syndrome coronarien aigu', 'Cardiomyopathie dilatee', 'critical', 0, 0, 'never', 'none', 'Patient cardiologie', 'active', 1767179304353, 1767179304353);
INSERT OR IGNORE INTO healthcare_patients (id, company_id, first_name, last_name, date_of_birth, gender, email, phone, address, city, medical_record_number, blood_type, allergies, notes, status, created_at, updated_at) VALUES ('hc-patient-cardio-00085', 'company-0001', 'Hamid', 'Mansouri', 240574718991, 'male', 'hamid.mansouri.cardio84@email.com', '+212656442280', 'Adresse 84', 'Rabat', 'MRN-C000085', 'A+', 'Iode', 'Patient cardiologie', 'active', 1767179304353, 1767179304353);
INSERT OR IGNORE INTO cardiology_patients (id, company_id, healthcare_patient_id, primary_diagnosis, secondary_diagnoses, risk_level, has_pacemaker, has_stent, smoking_status, family_history, notes, status, created_at, updated_at) VALUES ('cardio-patient-00085', 'company-0001', 'hc-patient-cardio-00085', 'Cardiomyopathie dilatee', 'Endocardite', 'medium', 0, 0, 'current', 'positive_second_degree', 'Patient cardiologie', 'active', 1767179304353, 1767179304353);
INSERT OR IGNORE INTO healthcare_patients (id, company_id, first_name, last_name, date_of_birth, gender, email, phone, address, city, medical_record_number, blood_type, allergies, notes, status, created_at, updated_at) VALUES ('hc-patient-cardio-00086', 'company-0001', 'Zineb', 'Mansouri', 819449716108, 'male', 'zineb.mansouri.cardio85@email.com', '+212635415928', 'Adresse 85', 'Fes', 'MRN-C000086', 'O+', 'Latex', 'Patient cardiologie', 'active', 1767179304353, 1767179304353);
INSERT OR IGNORE INTO cardiology_patients (id, company_id, healthcare_patient_id, primary_diagnosis, secondary_diagnoses, risk_level, has_pacemaker, has_stent, smoking_status, family_history, notes, status, created_at, updated_at) VALUES ('cardio-patient-00086', 'company-0001', 'hc-patient-cardio-00086', 'Insuffisance cardiaque', 'Syndrome coronarien aigu', 'medium', 0, 0, 'never', 'none', 'Patient cardiologie', 'active', 1767179304353, 1767179304353);
INSERT OR IGNORE INTO healthcare_patients (id, company_id, first_name, last_name, date_of_birth, gender, email, phone, address, city, medical_record_number, blood_type, allergies, notes, status, created_at, updated_at) VALUES ('hc-patient-cardio-00087', 'company-0001', 'Nadia', 'Lahrichi', 80325808976, 'female', 'nadia.lahrichi.cardio86@email.com', '+212661611894', 'Adresse 86', 'Rabat', 'MRN-C000087', 'O+', 'Iode', 'Patient cardiologie', 'active', 1767179304353, 1767179304353);
INSERT OR IGNORE INTO cardiology_patients (id, company_id, healthcare_patient_id, primary_diagnosis, secondary_diagnoses, risk_level, has_pacemaker, has_stent, smoking_status, family_history, notes, status, created_at, updated_at) VALUES ('cardio-patient-00087', 'company-0001', 'hc-patient-cardio-00087', 'Endocardite', 'Arythmie ventriculaire', 'low', 0, 0, 'never', 'positive_second_degree', 'Patient cardiologie', 'active', 1767179304353, 1767179304353);
INSERT OR IGNORE INTO healthcare_patients (id, company_id, first_name, last_name, date_of_birth, gender, email, phone, address, city, medical_record_number, blood_type, allergies, notes, status, created_at, updated_at) VALUES ('hc-patient-cardio-00088', 'company-0001', 'Houda', 'Alaoui', 304641915030, 'female', 'houda.alaoui.cardio87@email.com', '+212647199405', 'Adresse 87', 'Marrakech', 'MRN-C000088', 'AB-', 'Iode', 'Patient cardiologie', 'active', 1767179304353, 1767179304353);
INSERT OR IGNORE INTO cardiology_patients (id, company_id, healthcare_patient_id, primary_diagnosis, secondary_diagnoses, risk_level, has_pacemaker, has_stent, smoking_status, family_history, notes, status, created_at, updated_at) VALUES ('cardio-patient-00088', 'company-0001', 'hc-patient-cardio-00088', 'Cardiopathie ischemique', 'Hypertension arterielle', 'medium', 0, 0, 'current', 'positive_first_degree', 'Patient cardiologie', 'active', 1767179304353, 1767179304353);
INSERT OR IGNORE INTO healthcare_patients (id, company_id, first_name, last_name, date_of_birth, gender, email, phone, address, city, medical_record_number, blood_type, allergies, notes, status, created_at, updated_at) VALUES ('hc-patient-cardio-00089', 'company-0001', 'Driss', 'Sqalli', 643035499622, 'male', 'driss.sqalli.cardio88@email.com', '+212696269096', 'Adresse 88', 'Marrakech', 'MRN-C000089', 'B+', 'Penicilline', 'Patient cardiologie', 'active', 1767179304353, 1767179304353);
INSERT OR IGNORE INTO cardiology_patients (id, company_id, healthcare_patient_id, primary_diagnosis, secondary_diagnoses, risk_level, has_pacemaker, has_stent, smoking_status, family_history, notes, status, created_at, updated_at) VALUES ('cardio-patient-00089', 'company-0001', 'hc-patient-cardio-00089', 'Pericardite', 'Cardiomyopathie dilatee', 'medium', 0, 0, 'former', 'positive_second_degree', 'Patient cardiologie', 'active', 1767179304353, 1767179304353);
INSERT OR IGNORE INTO healthcare_patients (id, company_id, first_name, last_name, date_of_birth, gender, email, phone, address, city, medical_record_number, blood_type, allergies, notes, status, created_at, updated_at) VALUES ('hc-patient-cardio-00090', 'company-0001', 'Latifa', 'Idrissi', 305265807945, 'female', 'latifa.idrissi.cardio89@email.com', '+212625945302', 'Adresse 89', 'Agadir', 'MRN-C000090', 'O-', 'Aspirine', 'Patient cardiologie', 'active', 1767179304353, 1767179304353);
INSERT OR IGNORE INTO cardiology_patients (id, company_id, healthcare_patient_id, primary_diagnosis, secondary_diagnoses, risk_level, has_pacemaker, has_stent, smoking_status, family_history, notes, status, created_at, updated_at) VALUES ('cardio-patient-00090', 'company-0001', 'hc-patient-cardio-00090', 'Insuffisance cardiaque', 'Cardiomyopathie dilatee', 'high', 0, 0, 'current', 'positive_second_degree', 'Patient cardiologie', 'active', 1767179304353, 1767179304353);
INSERT OR IGNORE INTO healthcare_patients (id, company_id, first_name, last_name, date_of_birth, gender, email, phone, address, city, medical_record_number, blood_type, allergies, notes, status, created_at, updated_at) VALUES ('hc-patient-cardio-00091', 'company-0001', 'Amina', 'Kadiri', -9430757152, 'male', 'amina.kadiri.cardio90@email.com', '+212646961959', 'Adresse 90', 'Rabat', 'MRN-C000091', 'AB-', 'Iode', 'Patient cardiologie', 'active', 1767179304353, 1767179304353);
INSERT OR IGNORE INTO cardiology_patients (id, company_id, healthcare_patient_id, primary_diagnosis, secondary_diagnoses, risk_level, has_pacemaker, has_stent, smoking_status, family_history, notes, status, created_at, updated_at) VALUES ('cardio-patient-00091', 'company-0001', 'hc-patient-cardio-00091', 'Endocardite', 'Fibrillation auriculaire', 'critical', 0, 0, 'former', 'positive_first_degree', 'Patient cardiologie', 'active', 1767179304353, 1767179304353);
INSERT OR IGNORE INTO healthcare_patients (id, company_id, first_name, last_name, date_of_birth, gender, email, phone, address, city, medical_record_number, blood_type, allergies, notes, status, created_at, updated_at) VALUES ('hc-patient-cardio-00092', 'company-0001', 'Naima', 'Guerraoui', 663383394442, 'male', 'naima.guerraoui.cardio91@email.com', '+212627497895', 'Adresse 91', 'Rabat', 'MRN-C000092', 'B-', 'Aspirine', 'Patient cardiologie', 'active', 1767179304353, 1767179304353);
INSERT OR IGNORE INTO cardiology_patients (id, company_id, healthcare_patient_id, primary_diagnosis, secondary_diagnoses, risk_level, has_pacemaker, has_stent, smoking_status, family_history, notes, status, created_at, updated_at) VALUES ('cardio-patient-00092', 'company-0001', 'hc-patient-cardio-00092', 'Fibrillation auriculaire', 'Hypertension arterielle', 'critical', 1, 0, 'never', 'positive_first_degree', 'Patient cardiologie', 'active', 1767179304353, 1767179304353);
INSERT OR IGNORE INTO healthcare_patients (id, company_id, first_name, last_name, date_of_birth, gender, email, phone, address, city, medical_record_number, blood_type, allergies, notes, status, created_at, updated_at) VALUES ('hc-patient-cardio-00093', 'company-0001', 'Hafsa', 'Guerraoui', 892614224043, 'female', 'hafsa.guerraoui.cardio92@email.com', '+212683604497', 'Adresse 92', 'Fes', 'MRN-C000093', 'A+', 'Penicilline', 'Patient cardiologie', 'active', 1767179304353, 1767179304353);
INSERT OR IGNORE INTO cardiology_patients (id, company_id, healthcare_patient_id, primary_diagnosis, secondary_diagnoses, risk_level, has_pacemaker, has_stent, smoking_status, family_history, notes, status, created_at, updated_at) VALUES ('cardio-patient-00093', 'company-0001', 'hc-patient-cardio-00093', 'Cardiopathie ischemique', 'Valvulopathie', 'medium', 0, 0, 'former', 'none', 'Patient cardiologie', 'active', 1767179304353, 1767179304353);
INSERT OR IGNORE INTO healthcare_patients (id, company_id, first_name, last_name, date_of_birth, gender, email, phone, address, city, medical_record_number, blood_type, allergies, notes, status, created_at, updated_at) VALUES ('hc-patient-cardio-00094', 'company-0001', 'Karima', 'Chraibi', -46963483216, 'female', 'karima.chraibi.cardio93@email.com', '+212668505822', 'Adresse 93', 'Casablanca', 'MRN-C000094', 'A+', 'Aspirine', 'Patient cardiologie', 'active', 1767179304353, 1767179304353);
INSERT OR IGNORE INTO cardiology_patients (id, company_id, healthcare_patient_id, primary_diagnosis, secondary_diagnoses, risk_level, has_pacemaker, has_stent, smoking_status, family_history, notes, status, created_at, updated_at) VALUES ('cardio-patient-00094', 'company-0001', 'hc-patient-cardio-00094', 'Hypertension arterielle', 'Syndrome coronarien aigu', 'medium', 0, 1, 'never', 'positive_second_degree', 'Patient cardiologie', 'active', 1767179304353, 1767179304353);
INSERT OR IGNORE INTO healthcare_patients (id, company_id, first_name, last_name, date_of_birth, gender, email, phone, address, city, medical_record_number, blood_type, allergies, notes, status, created_at, updated_at) VALUES ('hc-patient-cardio-00095', 'company-0001', 'Hassan', 'Kettani', -904818096103, 'male', 'hassan.kettani.cardio94@email.com', '+212637444481', 'Adresse 94', 'Casablanca', 'MRN-C000095', 'O+', 'Aucune', 'Patient cardiologie', 'active', 1767179304353, 1767179304353);
INSERT OR IGNORE INTO cardiology_patients (id, company_id, healthcare_patient_id, primary_diagnosis, secondary_diagnoses, risk_level, has_pacemaker, has_stent, smoking_status, family_history, notes, status, created_at, updated_at) VALUES ('cardio-patient-00095', 'company-0001', 'hc-patient-cardio-00095', 'Cardiomyopathie dilatee', 'Syndrome coronarien aigu', 'medium', 0, 0, 'former', 'positive_second_degree', 'Patient cardiologie', 'active', 1767179304353, 1767179304353);
INSERT OR IGNORE INTO healthcare_patients (id, company_id, first_name, last_name, date_of_birth, gender, email, phone, address, city, medical_record_number, blood_type, allergies, notes, status, created_at, updated_at) VALUES ('hc-patient-cardio-00096', 'company-0001', 'Amina', 'El Fassi', -668563150062, 'male', 'amina.el fassi.cardio95@email.com', '+212665438271', 'Adresse 95', 'Marrakech', 'MRN-C000096', 'O+', 'Iode', 'Patient cardiologie', 'active', 1767179304353, 1767179304353);
INSERT OR IGNORE INTO cardiology_patients (id, company_id, healthcare_patient_id, primary_diagnosis, secondary_diagnoses, risk_level, has_pacemaker, has_stent, smoking_status, family_history, notes, status, created_at, updated_at) VALUES ('cardio-patient-00096', 'company-0001', 'hc-patient-cardio-00096', 'Valvulopathie', 'Valvulopathie', 'low', 0, 0, 'current', 'positive_first_degree', 'Patient cardiologie', 'active', 1767179304353, 1767179304353);
INSERT OR IGNORE INTO healthcare_patients (id, company_id, first_name, last_name, date_of_birth, gender, email, phone, address, city, medical_record_number, blood_type, allergies, notes, status, created_at, updated_at) VALUES ('hc-patient-cardio-00097', 'company-0001', 'Hanane', 'Lahlou', 932958424385, 'female', 'hanane.lahlou.cardio96@email.com', '+212632395147', 'Adresse 96', 'Agadir', 'MRN-C000097', 'AB+', 'Sulfamides', 'Patient cardiologie', 'active', 1767179304353, 1767179304353);
INSERT OR IGNORE INTO cardiology_patients (id, company_id, healthcare_patient_id, primary_diagnosis, secondary_diagnoses, risk_level, has_pacemaker, has_stent, smoking_status, family_history, notes, status, created_at, updated_at) VALUES ('cardio-patient-00097', 'company-0001', 'hc-patient-cardio-00097', 'Arythmie ventriculaire', 'Insuffisance cardiaque', 'medium', 0, 0, 'current', 'positive_second_degree', 'Patient cardiologie', 'active', 1767179304353, 1767179304353);
INSERT OR IGNORE INTO healthcare_patients (id, company_id, first_name, last_name, date_of_birth, gender, email, phone, address, city, medical_record_number, blood_type, allergies, notes, status, created_at, updated_at) VALUES ('hc-patient-cardio-00098', 'company-0001', 'Driss', 'Mansouri', -906475910280, 'male', 'driss.mansouri.cardio97@email.com', '+212696757362', 'Adresse 97', 'Casablanca', 'MRN-C000098', 'O+', 'Aspirine', 'Patient cardiologie', 'active', 1767179304353, 1767179304353);
INSERT OR IGNORE INTO cardiology_patients (id, company_id, healthcare_patient_id, primary_diagnosis, secondary_diagnoses, risk_level, has_pacemaker, has_stent, smoking_status, family_history, notes, status, created_at, updated_at) VALUES ('cardio-patient-00098', 'company-0001', 'hc-patient-cardio-00098', 'Arythmie ventriculaire', 'Pericardite', 'high', 0, 0, 'former', 'positive_second_degree', 'Patient cardiologie', 'active', 1767179304353, 1767179304353);
INSERT OR IGNORE INTO healthcare_patients (id, company_id, first_name, last_name, date_of_birth, gender, email, phone, address, city, medical_record_number, blood_type, allergies, notes, status, created_at, updated_at) VALUES ('hc-patient-cardio-00099', 'company-0001', 'Najat', 'Kadiri', 6989042324, 'female', 'najat.kadiri.cardio98@email.com', '+212650319163', 'Adresse 98', 'Fes', 'MRN-C000099', 'A-', 'Aspirine', 'Patient cardiologie', 'active', 1767179304353, 1767179304353);
INSERT OR IGNORE INTO cardiology_patients (id, company_id, healthcare_patient_id, primary_diagnosis, secondary_diagnoses, risk_level, has_pacemaker, has_stent, smoking_status, family_history, notes, status, created_at, updated_at) VALUES ('cardio-patient-00099', 'company-0001', 'hc-patient-cardio-00099', 'Cardiomyopathie dilatee', 'Hypertension arterielle', 'critical', 0, 0, 'former', 'positive_second_degree', 'Patient cardiologie', 'active', 1767179304353, 1767179304353);
INSERT OR IGNORE INTO healthcare_patients (id, company_id, first_name, last_name, date_of_birth, gender, email, phone, address, city, medical_record_number, blood_type, allergies, notes, status, created_at, updated_at) VALUES ('hc-patient-cardio-00100', 'company-0001', 'Wafa', 'Benkirane', 436889864489, 'female', 'wafa.benkirane.cardio99@email.com', '+212675357817', 'Adresse 99', 'Fes', 'MRN-C000100', 'AB+', 'Sulfamides', 'Patient cardiologie', 'active', 1767179304353, 1767179304353);
INSERT OR IGNORE INTO cardiology_patients (id, company_id, healthcare_patient_id, primary_diagnosis, secondary_diagnoses, risk_level, has_pacemaker, has_stent, smoking_status, family_history, notes, status, created_at, updated_at) VALUES ('cardio-patient-00100', 'company-0001', 'hc-patient-cardio-00100', 'Endocardite', 'Endocardite', 'critical', 1, 1, 'never', 'none', 'Patient cardiologie', 'active', 1767179304353, 1767179304353);
INSERT OR IGNORE INTO healthcare_patients (id, company_id, first_name, last_name, date_of_birth, gender, email, phone, address, city, medical_record_number, blood_type, allergies, notes, status, created_at, updated_at) VALUES ('hc-patient-cardio-00101', 'company-0001', 'Karim', 'Ouazzani', 953061831184, 'female', 'karim.ouazzani.cardio100@email.com', '+212683711678', 'Adresse 100', 'Casablanca', 'MRN-C000101', 'AB+', 'Penicilline', 'Patient cardiologie', 'active', 1767179304353, 1767179304353);
INSERT OR IGNORE INTO cardiology_patients (id, company_id, healthcare_patient_id, primary_diagnosis, secondary_diagnoses, risk_level, has_pacemaker, has_stent, smoking_status, family_history, notes, status, created_at, updated_at) VALUES ('cardio-patient-00101', 'company-0001', 'hc-patient-cardio-00101', 'Cardiomyopathie dilatee', 'Hypertension arterielle', 'critical', 1, 1, 'former', 'none', 'Patient cardiologie', 'active', 1767179304353, 1767179304353);
INSERT OR IGNORE INTO healthcare_patients (id, company_id, first_name, last_name, date_of_birth, gender, email, phone, address, city, medical_record_number, blood_type, allergies, notes, status, created_at, updated_at) VALUES ('hc-patient-cardio-00102', 'company-0001', 'Hafsa', 'Kettani', 359267283781, 'female', 'hafsa.kettani.cardio101@email.com', '+212628403729', 'Adresse 101', 'Marrakech', 'MRN-C000102', 'B-', 'Iode', 'Patient cardiologie', 'active', 1767179304353, 1767179304353);
INSERT OR IGNORE INTO cardiology_patients (id, company_id, healthcare_patient_id, primary_diagnosis, secondary_diagnoses, risk_level, has_pacemaker, has_stent, smoking_status, family_history, notes, status, created_at, updated_at) VALUES ('cardio-patient-00102', 'company-0001', 'hc-patient-cardio-00102', 'Fibrillation auriculaire', 'Syndrome coronarien aigu', 'medium', 0, 0, 'never', 'none', 'Patient cardiologie', 'active', 1767179304353, 1767179304353);
INSERT OR IGNORE INTO healthcare_patients (id, company_id, first_name, last_name, date_of_birth, gender, email, phone, address, city, medical_record_number, blood_type, allergies, notes, status, created_at, updated_at) VALUES ('hc-patient-cardio-00103', 'company-0001', 'Nabil', 'Kettani', 957878360301, 'male', 'nabil.kettani.cardio102@email.com', '+212684063766', 'Adresse 102', 'Rabat', 'MRN-C000103', 'AB+', 'Penicilline', 'Patient cardiologie', 'active', 1767179304353, 1767179304353);
INSERT OR IGNORE INTO cardiology_patients (id, company_id, healthcare_patient_id, primary_diagnosis, secondary_diagnoses, risk_level, has_pacemaker, has_stent, smoking_status, family_history, notes, status, created_at, updated_at) VALUES ('cardio-patient-00103', 'company-0001', 'hc-patient-cardio-00103', 'Fibrillation auriculaire', 'Fibrillation auriculaire', 'low', 0, 1, 'former', 'none', 'Patient cardiologie', 'active', 1767179304353, 1767179304353);
INSERT OR IGNORE INTO healthcare_patients (id, company_id, first_name, last_name, date_of_birth, gender, email, phone, address, city, medical_record_number, blood_type, allergies, notes, status, created_at, updated_at) VALUES ('hc-patient-cardio-00104', 'company-0001', 'Fatima', 'Bennani', -744799428729, 'male', 'fatima.bennani.cardio103@email.com', '+212637827938', 'Adresse 103', 'Rabat', 'MRN-C000104', 'B+', 'Sulfamides', 'Patient cardiologie', 'active', 1767179304353, 1767179304353);
INSERT OR IGNORE INTO cardiology_patients (id, company_id, healthcare_patient_id, primary_diagnosis, secondary_diagnoses, risk_level, has_pacemaker, has_stent, smoking_status, family_history, notes, status, created_at, updated_at) VALUES ('cardio-patient-00104', 'company-0001', 'hc-patient-cardio-00104', 'Hypertension arterielle', 'Arythmie ventriculaire', 'medium', 0, 0, 'never', 'none', 'Patient cardiologie', 'active', 1767179304353, 1767179304353);
INSERT OR IGNORE INTO healthcare_patients (id, company_id, first_name, last_name, date_of_birth, gender, email, phone, address, city, medical_record_number, blood_type, allergies, notes, status, created_at, updated_at) VALUES ('hc-patient-cardio-00105', 'company-0001', 'Youssef', 'Doukkali', 29268545275, 'female', 'youssef.doukkali.cardio104@email.com', '+212664918727', 'Adresse 104', 'Rabat', 'MRN-C000105', 'AB-', 'Aspirine', 'Patient cardiologie', 'active', 1767179304353, 1767179304353);
INSERT OR IGNORE INTO cardiology_patients (id, company_id, healthcare_patient_id, primary_diagnosis, secondary_diagnoses, risk_level, has_pacemaker, has_stent, smoking_status, family_history, notes, status, created_at, updated_at) VALUES ('cardio-patient-00105', 'company-0001', 'hc-patient-cardio-00105', 'Syndrome coronarien aigu', 'Fibrillation auriculaire', 'medium', 0, 0, 'current', 'none', 'Patient cardiologie', 'active', 1767179304353, 1767179304353);
INSERT OR IGNORE INTO healthcare_patients (id, company_id, first_name, last_name, date_of_birth, gender, email, phone, address, city, medical_record_number, blood_type, allergies, notes, status, created_at, updated_at) VALUES ('hc-patient-cardio-00106', 'company-0001', 'Ghita', 'Kettani', 743606532730, 'male', 'ghita.kettani.cardio105@email.com', '+212681843370', 'Adresse 105', 'Marrakech', 'MRN-C000106', 'B+', 'Sulfamides', 'Patient cardiologie', 'active', 1767179304353, 1767179304353);
INSERT OR IGNORE INTO cardiology_patients (id, company_id, healthcare_patient_id, primary_diagnosis, secondary_diagnoses, risk_level, has_pacemaker, has_stent, smoking_status, family_history, notes, status, created_at, updated_at) VALUES ('cardio-patient-00106', 'company-0001', 'hc-patient-cardio-00106', 'Hypertension arterielle', 'Syndrome coronarien aigu', 'critical', 0, 0, 'never', 'none', 'Patient cardiologie', 'active', 1767179304353, 1767179304353);
INSERT OR IGNORE INTO healthcare_patients (id, company_id, first_name, last_name, date_of_birth, gender, email, phone, address, city, medical_record_number, blood_type, allergies, notes, status, created_at, updated_at) VALUES ('hc-patient-cardio-00107', 'company-0001', 'Salma', 'Kettani', -927510015096, 'male', 'salma.kettani.cardio106@email.com', '+212688768082', 'Adresse 106', 'Agadir', 'MRN-C000107', 'A+', 'Aucune', 'Patient cardiologie', 'active', 1767179304353, 1767179304353);
INSERT OR IGNORE INTO cardiology_patients (id, company_id, healthcare_patient_id, primary_diagnosis, secondary_diagnoses, risk_level, has_pacemaker, has_stent, smoking_status, family_history, notes, status, created_at, updated_at) VALUES ('cardio-patient-00107', 'company-0001', 'hc-patient-cardio-00107', 'Endocardite', 'Fibrillation auriculaire', 'critical', 0, 1, 'current', 'positive_second_degree', 'Patient cardiologie', 'active', 1767179304353, 1767179304353);
INSERT OR IGNORE INTO healthcare_patients (id, company_id, first_name, last_name, date_of_birth, gender, email, phone, address, city, medical_record_number, blood_type, allergies, notes, status, created_at, updated_at) VALUES ('hc-patient-cardio-00108', 'company-0001', 'Samir', 'Jabri', -860992807272, 'female', 'samir.jabri.cardio107@email.com', '+212605227041', 'Adresse 107', 'Fes', 'MRN-C000108', 'B-', 'Sulfamides', 'Patient cardiologie', 'active', 1767179304353, 1767179304353);
INSERT OR IGNORE INTO cardiology_patients (id, company_id, healthcare_patient_id, primary_diagnosis, secondary_diagnoses, risk_level, has_pacemaker, has_stent, smoking_status, family_history, notes, status, created_at, updated_at) VALUES ('cardio-patient-00108', 'company-0001', 'hc-patient-cardio-00108', 'Hypertension arterielle', 'Valvulopathie', 'critical', 0, 0, 'former', 'positive_second_degree', 'Patient cardiologie', 'active', 1767179304353, 1767179304353);
INSERT OR IGNORE INTO healthcare_patients (id, company_id, first_name, last_name, date_of_birth, gender, email, phone, address, city, medical_record_number, blood_type, allergies, notes, status, created_at, updated_at) VALUES ('hc-patient-cardio-00109', 'company-0001', 'Ismail', 'Idrissi', -457303985865, 'female', 'ismail.idrissi.cardio108@email.com', '+212612700326', 'Adresse 108', 'Tanger', 'MRN-C000109', 'AB+', 'Penicilline', 'Patient cardiologie', 'active', 1767179304353, 1767179304353);
INSERT OR IGNORE INTO cardiology_patients (id, company_id, healthcare_patient_id, primary_diagnosis, secondary_diagnoses, risk_level, has_pacemaker, has_stent, smoking_status, family_history, notes, status, created_at, updated_at) VALUES ('cardio-patient-00109', 'company-0001', 'hc-patient-cardio-00109', 'Insuffisance cardiaque', 'Syndrome coronarien aigu', 'low', 1, 0, 'never', 'positive_second_degree', 'Patient cardiologie', 'active', 1767179304353, 1767179304353);
INSERT OR IGNORE INTO healthcare_patients (id, company_id, first_name, last_name, date_of_birth, gender, email, phone, address, city, medical_record_number, blood_type, allergies, notes, status, created_at, updated_at) VALUES ('hc-patient-cardio-00110', 'company-0001', 'Souad', 'Sqalli', -608163777994, 'male', 'souad.sqalli.cardio109@email.com', '+212624678399', 'Adresse 109', 'Marrakech', 'MRN-C000110', 'B-', 'Aucune', 'Patient cardiologie', 'active', 1767179304353, 1767179304353);
INSERT OR IGNORE INTO cardiology_patients (id, company_id, healthcare_patient_id, primary_diagnosis, secondary_diagnoses, risk_level, has_pacemaker, has_stent, smoking_status, family_history, notes, status, created_at, updated_at) VALUES ('cardio-patient-00110', 'company-0001', 'hc-patient-cardio-00110', 'Cardiopathie ischemique', 'Arythmie ventriculaire', 'critical', 0, 0, 'former', 'positive_second_degree', 'Patient cardiologie', 'active', 1767179304353, 1767179304353);
INSERT OR IGNORE INTO healthcare_patients (id, company_id, first_name, last_name, date_of_birth, gender, email, phone, address, city, medical_record_number, blood_type, allergies, notes, status, created_at, updated_at) VALUES ('hc-patient-cardio-00111', 'company-0001', 'Omar', 'Benjelloun', 385902550688, 'male', 'omar.benjelloun.cardio110@email.com', '+212694411269', 'Adresse 110', 'Tanger', 'MRN-C000111', 'B+', 'Aspirine', 'Patient cardiologie', 'active', 1767179304353, 1767179304353);
INSERT OR IGNORE INTO cardiology_patients (id, company_id, healthcare_patient_id, primary_diagnosis, secondary_diagnoses, risk_level, has_pacemaker, has_stent, smoking_status, family_history, notes, status, created_at, updated_at) VALUES ('cardio-patient-00111', 'company-0001', 'hc-patient-cardio-00111', 'Pericardite', 'Endocardite', 'high', 0, 1, 'never', 'positive_first_degree', 'Patient cardiologie', 'active', 1767179304353, 1767179304353);
INSERT OR IGNORE INTO healthcare_patients (id, company_id, first_name, last_name, date_of_birth, gender, email, phone, address, city, medical_record_number, blood_type, allergies, notes, status, created_at, updated_at) VALUES ('hc-patient-cardio-00112', 'company-0001', 'Aicha', 'Sqalli', -234006067063, 'male', 'aicha.sqalli.cardio111@email.com', '+212672264125', 'Adresse 111', 'Casablanca', 'MRN-C000112', 'A+', 'Sulfamides', 'Patient cardiologie', 'active', 1767179304353, 1767179304353);
INSERT OR IGNORE INTO cardiology_patients (id, company_id, healthcare_patient_id, primary_diagnosis, secondary_diagnoses, risk_level, has_pacemaker, has_stent, smoking_status, family_history, notes, status, created_at, updated_at) VALUES ('cardio-patient-00112', 'company-0001', 'hc-patient-cardio-00112', 'Cardiomyopathie dilatee', 'Cardiopathie ischemique', 'high', 0, 0, 'never', 'positive_first_degree', 'Patient cardiologie', 'active', 1767179304353, 1767179304353);
INSERT OR IGNORE INTO healthcare_patients (id, company_id, first_name, last_name, date_of_birth, gender, email, phone, address, city, medical_record_number, blood_type, allergies, notes, status, created_at, updated_at) VALUES ('hc-patient-cardio-00113', 'company-0001', 'Aziz', 'Amrani', -229950631323, 'male', 'aziz.amrani.cardio112@email.com', '+212662693760', 'Adresse 112', 'Tanger', 'MRN-C000113', 'A+', 'Penicilline', 'Patient cardiologie', 'active', 1767179304353, 1767179304353);
INSERT OR IGNORE INTO cardiology_patients (id, company_id, healthcare_patient_id, primary_diagnosis, secondary_diagnoses, risk_level, has_pacemaker, has_stent, smoking_status, family_history, notes, status, created_at, updated_at) VALUES ('cardio-patient-00113', 'company-0001', 'hc-patient-cardio-00113', 'Fibrillation auriculaire', 'Insuffisance cardiaque', 'low', 0, 0, 'never', 'positive_second_degree', 'Patient cardiologie', 'active', 1767179304353, 1767179304353);
INSERT OR IGNORE INTO healthcare_patients (id, company_id, first_name, last_name, date_of_birth, gender, email, phone, address, city, medical_record_number, blood_type, allergies, notes, status, created_at, updated_at) VALUES ('hc-patient-cardio-00114', 'company-0001', 'Hamid', 'Kettani', -570656375530, 'male', 'hamid.kettani.cardio113@email.com', '+212699177933', 'Adresse 113', 'Tanger', 'MRN-C000114', 'B+', 'Penicilline', 'Patient cardiologie', 'active', 1767179304353, 1767179304353);
INSERT OR IGNORE INTO cardiology_patients (id, company_id, healthcare_patient_id, primary_diagnosis, secondary_diagnoses, risk_level, has_pacemaker, has_stent, smoking_status, family_history, notes, status, created_at, updated_at) VALUES ('cardio-patient-00114', 'company-0001', 'hc-patient-cardio-00114', 'Valvulopathie', 'Cardiomyopathie dilatee', 'low', 0, 0, 'never', 'positive_second_degree', 'Patient cardiologie', 'active', 1767179304353, 1767179304353);
INSERT OR IGNORE INTO healthcare_patients (id, company_id, first_name, last_name, date_of_birth, gender, email, phone, address, city, medical_record_number, blood_type, allergies, notes, status, created_at, updated_at) VALUES ('hc-patient-cardio-00115', 'company-0001', 'Mohamed', 'Mansouri', -883558957666, 'male', 'mohamed.mansouri.cardio114@email.com', '+212674452732', 'Adresse 114', 'Casablanca', 'MRN-C000115', 'O-', 'Sulfamides', 'Patient cardiologie', 'active', 1767179304353, 1767179304353);
INSERT OR IGNORE INTO cardiology_patients (id, company_id, healthcare_patient_id, primary_diagnosis, secondary_diagnoses, risk_level, has_pacemaker, has_stent, smoking_status, family_history, notes, status, created_at, updated_at) VALUES ('cardio-patient-00115', 'company-0001', 'hc-patient-cardio-00115', 'Fibrillation auriculaire', 'Insuffisance cardiaque', 'critical', 0, 0, 'former', 'positive_first_degree', 'Patient cardiologie', 'active', 1767179304353, 1767179304353);
INSERT OR IGNORE INTO healthcare_patients (id, company_id, first_name, last_name, date_of_birth, gender, email, phone, address, city, medical_record_number, blood_type, allergies, notes, status, created_at, updated_at) VALUES ('hc-patient-cardio-00116', 'company-0001', 'Samira', 'Guerraoui', -592197940903, 'male', 'samira.guerraoui.cardio115@email.com', '+212666333828', 'Adresse 115', 'Rabat', 'MRN-C000116', 'AB+', 'Sulfamides', 'Patient cardiologie', 'active', 1767179304353, 1767179304353);
INSERT OR IGNORE INTO cardiology_patients (id, company_id, healthcare_patient_id, primary_diagnosis, secondary_diagnoses, risk_level, has_pacemaker, has_stent, smoking_status, family_history, notes, status, created_at, updated_at) VALUES ('cardio-patient-00116', 'company-0001', 'hc-patient-cardio-00116', 'Insuffisance cardiaque', 'Pericardite', 'low', 0, 0, 'current', 'positive_second_degree', 'Patient cardiologie', 'active', 1767179304353, 1767179304353);
INSERT OR IGNORE INTO healthcare_patients (id, company_id, first_name, last_name, date_of_birth, gender, email, phone, address, city, medical_record_number, blood_type, allergies, notes, status, created_at, updated_at) VALUES ('hc-patient-cardio-00117', 'company-0001', 'Khadija', 'Chraibi', -499555962489, 'male', 'khadija.chraibi.cardio116@email.com', '+212646117695', 'Adresse 116', 'Rabat', 'MRN-C000117', 'AB+', 'Sulfamides', 'Patient cardiologie', 'active', 1767179304353, 1767179304353);
INSERT OR IGNORE INTO cardiology_patients (id, company_id, healthcare_patient_id, primary_diagnosis, secondary_diagnoses, risk_level, has_pacemaker, has_stent, smoking_status, family_history, notes, status, created_at, updated_at) VALUES ('cardio-patient-00117', 'company-0001', 'hc-patient-cardio-00117', 'Arythmie ventriculaire', 'Fibrillation auriculaire', 'medium', 0, 0, 'former', 'positive_first_degree', 'Patient cardiologie', 'active', 1767179304353, 1767179304353);
INSERT OR IGNORE INTO healthcare_patients (id, company_id, first_name, last_name, date_of_birth, gender, email, phone, address, city, medical_record_number, blood_type, allergies, notes, status, created_at, updated_at) VALUES ('hc-patient-cardio-00118', 'company-0001', 'Omar', 'Sefrioui', 196343314654, 'female', 'omar.sefrioui.cardio117@email.com', '+212639952558', 'Adresse 117', 'Casablanca', 'MRN-C000118', 'A+', 'Iode', 'Patient cardiologie', 'active', 1767179304353, 1767179304353);
INSERT OR IGNORE INTO cardiology_patients (id, company_id, healthcare_patient_id, primary_diagnosis, secondary_diagnoses, risk_level, has_pacemaker, has_stent, smoking_status, family_history, notes, status, created_at, updated_at) VALUES ('cardio-patient-00118', 'company-0001', 'hc-patient-cardio-00118', 'Insuffisance cardiaque', 'Syndrome coronarien aigu', 'critical', 1, 0, 'former', 'none', 'Patient cardiologie', 'active', 1767179304353, 1767179304353);
INSERT OR IGNORE INTO healthcare_patients (id, company_id, first_name, last_name, date_of_birth, gender, email, phone, address, city, medical_record_number, blood_type, allergies, notes, status, created_at, updated_at) VALUES ('hc-patient-cardio-00119', 'company-0001', 'Karim', 'Fassi Fihri', 661313911557, 'male', 'karim.fassi fihri.cardio118@email.com', '+212620891138', 'Adresse 118', 'Marrakech', 'MRN-C000119', 'A+', 'Aucune', 'Patient cardiologie', 'active', 1767179304353, 1767179304353);
INSERT OR IGNORE INTO cardiology_patients (id, company_id, healthcare_patient_id, primary_diagnosis, secondary_diagnoses, risk_level, has_pacemaker, has_stent, smoking_status, family_history, notes, status, created_at, updated_at) VALUES ('cardio-patient-00119', 'company-0001', 'hc-patient-cardio-00119', 'Syndrome coronarien aigu', 'Valvulopathie', 'medium', 0, 1, 'former', 'positive_second_degree', 'Patient cardiologie', 'active', 1767179304353, 1767179304353);
INSERT OR IGNORE INTO healthcare_patients (id, company_id, first_name, last_name, date_of_birth, gender, email, phone, address, city, medical_record_number, blood_type, allergies, notes, status, created_at, updated_at) VALUES ('hc-patient-cardio-00120', 'company-0001', 'Samira', 'Benjelloun', 347555936701, 'female', 'samira.benjelloun.cardio119@email.com', '+212612563381', 'Adresse 119', 'Marrakech', 'MRN-C000120', 'A-', 'Iode', 'Patient cardiologie', 'active', 1767179304353, 1767179304353);
INSERT OR IGNORE INTO cardiology_patients (id, company_id, healthcare_patient_id, primary_diagnosis, secondary_diagnoses, risk_level, has_pacemaker, has_stent, smoking_status, family_history, notes, status, created_at, updated_at) VALUES ('cardio-patient-00120', 'company-0001', 'hc-patient-cardio-00120', 'Syndrome coronarien aigu', 'Valvulopathie', 'high', 1, 0, 'current', 'none', 'Patient cardiologie', 'active', 1767179304353, 1767179304353);
INSERT OR IGNORE INTO healthcare_patients (id, company_id, first_name, last_name, date_of_birth, gender, email, phone, address, city, medical_record_number, blood_type, allergies, notes, status, created_at, updated_at) VALUES ('hc-patient-cardio-00121', 'company-0001', 'Brahim', 'Mekouar', -286572130101, 'male', 'brahim.mekouar.cardio120@email.com', '+212645638682', 'Adresse 120', 'Agadir', 'MRN-C000121', 'AB+', 'Aspirine', 'Patient cardiologie', 'active', 1767179304353, 1767179304353);
INSERT OR IGNORE INTO cardiology_patients (id, company_id, healthcare_patient_id, primary_diagnosis, secondary_diagnoses, risk_level, has_pacemaker, has_stent, smoking_status, family_history, notes, status, created_at, updated_at) VALUES ('cardio-patient-00121', 'company-0001', 'hc-patient-cardio-00121', 'Insuffisance cardiaque', 'Hypertension arterielle', 'high', 0, 0, 'current', 'positive_first_degree', 'Patient cardiologie', 'active', 1767179304353, 1767179304353);
INSERT OR IGNORE INTO healthcare_patients (id, company_id, first_name, last_name, date_of_birth, gender, email, phone, address, city, medical_record_number, blood_type, allergies, notes, status, created_at, updated_at) VALUES ('hc-patient-cardio-00122', 'company-0001', 'Amina', 'Tahiri', 54448414217, 'male', 'amina.tahiri.cardio121@email.com', '+212610227495', 'Adresse 121', 'Marrakech', 'MRN-C000122', 'A+', 'Aucune', 'Patient cardiologie', 'active', 1767179304353, 1767179304353);
INSERT OR IGNORE INTO cardiology_patients (id, company_id, healthcare_patient_id, primary_diagnosis, secondary_diagnoses, risk_level, has_pacemaker, has_stent, smoking_status, family_history, notes, status, created_at, updated_at) VALUES ('cardio-patient-00122', 'company-0001', 'hc-patient-cardio-00122', 'Endocardite', 'Endocardite', 'critical', 0, 0, 'former', 'positive_second_degree', 'Patient cardiologie', 'active', 1767179304353, 1767179304353);
INSERT OR IGNORE INTO healthcare_patients (id, company_id, first_name, last_name, date_of_birth, gender, email, phone, address, city, medical_record_number, blood_type, allergies, notes, status, created_at, updated_at) VALUES ('hc-patient-cardio-00123', 'company-0001', 'Nabil', 'Mansouri', 654698983584, 'male', 'nabil.mansouri.cardio122@email.com', '+212653735080', 'Adresse 122', 'Agadir', 'MRN-C000123', 'B+', 'Iode', 'Patient cardiologie', 'active', 1767179304353, 1767179304353);
INSERT OR IGNORE INTO cardiology_patients (id, company_id, healthcare_patient_id, primary_diagnosis, secondary_diagnoses, risk_level, has_pacemaker, has_stent, smoking_status, family_history, notes, status, created_at, updated_at) VALUES ('cardio-patient-00123', 'company-0001', 'hc-patient-cardio-00123', 'Hypertension arterielle', 'Fibrillation auriculaire', 'high', 0, 1, 'current', 'positive_first_degree', 'Patient cardiologie', 'active', 1767179304353, 1767179304353);
INSERT OR IGNORE INTO healthcare_patients (id, company_id, first_name, last_name, date_of_birth, gender, email, phone, address, city, medical_record_number, blood_type, allergies, notes, status, created_at, updated_at) VALUES ('hc-patient-cardio-00124', 'company-0001', 'Jamal', 'Amrani', 441214769135, 'female', 'jamal.amrani.cardio123@email.com', '+212675250979', 'Adresse 123', 'Agadir', 'MRN-C000124', 'B+', 'Aucune', 'Patient cardiologie', 'active', 1767179304353, 1767179304353);
INSERT OR IGNORE INTO cardiology_patients (id, company_id, healthcare_patient_id, primary_diagnosis, secondary_diagnoses, risk_level, has_pacemaker, has_stent, smoking_status, family_history, notes, status, created_at, updated_at) VALUES ('cardio-patient-00124', 'company-0001', 'hc-patient-cardio-00124', 'Cardiopathie ischemique', 'Endocardite', 'critical', 0, 0, 'former', 'positive_first_degree', 'Patient cardiologie', 'active', 1767179304353, 1767179304353);
INSERT OR IGNORE INTO healthcare_patients (id, company_id, first_name, last_name, date_of_birth, gender, email, phone, address, city, medical_record_number, blood_type, allergies, notes, status, created_at, updated_at) VALUES ('hc-patient-cardio-00125', 'company-0001', 'Latifa', 'Idrissi', -235596881547, 'male', 'latifa.idrissi.cardio124@email.com', '+212601932298', 'Adresse 124', 'Rabat', 'MRN-C000125', 'A+', 'Aucune', 'Patient cardiologie', 'active', 1767179304353, 1767179304353);
INSERT OR IGNORE INTO cardiology_patients (id, company_id, healthcare_patient_id, primary_diagnosis, secondary_diagnoses, risk_level, has_pacemaker, has_stent, smoking_status, family_history, notes, status, created_at, updated_at) VALUES ('cardio-patient-00125', 'company-0001', 'hc-patient-cardio-00125', 'Cardiopathie ischemique', 'Pericardite', 'high', 1, 0, 'former', 'positive_second_degree', 'Patient cardiologie', 'active', 1767179304353, 1767179304353);
INSERT OR IGNORE INTO healthcare_patients (id, company_id, first_name, last_name, date_of_birth, gender, email, phone, address, city, medical_record_number, blood_type, allergies, notes, status, created_at, updated_at) VALUES ('hc-patient-cardio-00126', 'company-0001', 'Jamila', 'Ouazzani', 845373185509, 'male', 'jamila.ouazzani.cardio125@email.com', '+212615477008', 'Adresse 125', 'Rabat', 'MRN-C000126', 'A+', 'Iode', 'Patient cardiologie', 'active', 1767179304353, 1767179304353);
INSERT OR IGNORE INTO cardiology_patients (id, company_id, healthcare_patient_id, primary_diagnosis, secondary_diagnoses, risk_level, has_pacemaker, has_stent, smoking_status, family_history, notes, status, created_at, updated_at) VALUES ('cardio-patient-00126', 'company-0001', 'hc-patient-cardio-00126', 'Endocardite', 'Cardiomyopathie dilatee', 'critical', 0, 0, 'current', 'positive_second_degree', 'Patient cardiologie', 'active', 1767179304353, 1767179304353);
INSERT OR IGNORE INTO healthcare_patients (id, company_id, first_name, last_name, date_of_birth, gender, email, phone, address, city, medical_record_number, blood_type, allergies, notes, status, created_at, updated_at) VALUES ('hc-patient-cardio-00127', 'company-0001', 'Siham', 'Tahiri', -291362592430, 'female', 'siham.tahiri.cardio126@email.com', '+212682512305', 'Adresse 126', 'Casablanca', 'MRN-C000127', 'AB+', 'Penicilline', 'Patient cardiologie', 'active', 1767179304353, 1767179304353);
INSERT OR IGNORE INTO cardiology_patients (id, company_id, healthcare_patient_id, primary_diagnosis, secondary_diagnoses, risk_level, has_pacemaker, has_stent, smoking_status, family_history, notes, status, created_at, updated_at) VALUES ('cardio-patient-00127', 'company-0001', 'hc-patient-cardio-00127', 'Arythmie ventriculaire', 'Endocardite', 'high', 0, 0, 'current', 'positive_second_degree', 'Patient cardiologie', 'active', 1767179304353, 1767179304353);
INSERT OR IGNORE INTO healthcare_patients (id, company_id, first_name, last_name, date_of_birth, gender, email, phone, address, city, medical_record_number, blood_type, allergies, notes, status, created_at, updated_at) VALUES ('hc-patient-cardio-00128', 'company-0001', 'Imane', 'Lahrichi', 305392551879, 'female', 'imane.lahrichi.cardio127@email.com', '+212670673015', 'Adresse 127', 'Marrakech', 'MRN-C000128', 'O-', 'Latex', 'Patient cardiologie', 'active', 1767179304353, 1767179304353);
INSERT OR IGNORE INTO cardiology_patients (id, company_id, healthcare_patient_id, primary_diagnosis, secondary_diagnoses, risk_level, has_pacemaker, has_stent, smoking_status, family_history, notes, status, created_at, updated_at) VALUES ('cardio-patient-00128', 'company-0001', 'hc-patient-cardio-00128', 'Pericardite', 'Pericardite', 'low', 0, 1, 'current', 'none', 'Patient cardiologie', 'active', 1767179304353, 1767179304353);
INSERT OR IGNORE INTO healthcare_patients (id, company_id, first_name, last_name, date_of_birth, gender, email, phone, address, city, medical_record_number, blood_type, allergies, notes, status, created_at, updated_at) VALUES ('hc-patient-cardio-00129', 'company-0001', 'Mustapha', 'Benkirane', -41011693569, 'female', 'mustapha.benkirane.cardio128@email.com', '+212602893265', 'Adresse 128', 'Fes', 'MRN-C000129', 'AB-', 'Latex', 'Patient cardiologie', 'active', 1767179304353, 1767179304353);
INSERT OR IGNORE INTO cardiology_patients (id, company_id, healthcare_patient_id, primary_diagnosis, secondary_diagnoses, risk_level, has_pacemaker, has_stent, smoking_status, family_history, notes, status, created_at, updated_at) VALUES ('cardio-patient-00129', 'company-0001', 'hc-patient-cardio-00129', 'Pericardite', 'Valvulopathie', 'low', 0, 1, 'never', 'positive_second_degree', 'Patient cardiologie', 'active', 1767179304353, 1767179304353);
INSERT OR IGNORE INTO healthcare_patients (id, company_id, first_name, last_name, date_of_birth, gender, email, phone, address, city, medical_record_number, blood_type, allergies, notes, status, created_at, updated_at) VALUES ('hc-patient-cardio-00130', 'company-0001', 'Hamid', 'Mansouri', -560763256785, 'female', 'hamid.mansouri.cardio129@email.com', '+212629419820', 'Adresse 129', 'Tanger', 'MRN-C000130', 'A-', 'Latex', 'Patient cardiologie', 'active', 1767179304353, 1767179304353);
INSERT OR IGNORE INTO cardiology_patients (id, company_id, healthcare_patient_id, primary_diagnosis, secondary_diagnoses, risk_level, has_pacemaker, has_stent, smoking_status, family_history, notes, status, created_at, updated_at) VALUES ('cardio-patient-00130', 'company-0001', 'hc-patient-cardio-00130', 'Valvulopathie', 'Endocardite', 'medium', 0, 0, 'former', 'positive_first_degree', 'Patient cardiologie', 'active', 1767179304353, 1767179304353);
INSERT OR IGNORE INTO healthcare_patients (id, company_id, first_name, last_name, date_of_birth, gender, email, phone, address, city, medical_record_number, blood_type, allergies, notes, status, created_at, updated_at) VALUES ('hc-patient-cardio-00131', 'company-0001', 'Samira', 'Naciri', -919961717829, 'male', 'samira.naciri.cardio130@email.com', '+212656871231', 'Adresse 130', 'Rabat', 'MRN-C000131', 'O-', 'Penicilline', 'Patient cardiologie', 'active', 1767179304353, 1767179304353);
INSERT OR IGNORE INTO cardiology_patients (id, company_id, healthcare_patient_id, primary_diagnosis, secondary_diagnoses, risk_level, has_pacemaker, has_stent, smoking_status, family_history, notes, status, created_at, updated_at) VALUES ('cardio-patient-00131', 'company-0001', 'hc-patient-cardio-00131', 'Arythmie ventriculaire', 'Cardiomyopathie dilatee', 'high', 1, 0, 'never', 'positive_first_degree', 'Patient cardiologie', 'active', 1767179304353, 1767179304353);
INSERT OR IGNORE INTO healthcare_patients (id, company_id, first_name, last_name, date_of_birth, gender, email, phone, address, city, medical_record_number, blood_type, allergies, notes, status, created_at, updated_at) VALUES ('hc-patient-cardio-00132', 'company-0001', 'Souad', 'Alaoui', 965833996540, 'male', 'souad.alaoui.cardio131@email.com', '+212683169406', 'Adresse 131', 'Tanger', 'MRN-C000132', 'O+', 'Aspirine', 'Patient cardiologie', 'active', 1767179304353, 1767179304353);
INSERT OR IGNORE INTO cardiology_patients (id, company_id, healthcare_patient_id, primary_diagnosis, secondary_diagnoses, risk_level, has_pacemaker, has_stent, smoking_status, family_history, notes, status, created_at, updated_at) VALUES ('cardio-patient-00132', 'company-0001', 'hc-patient-cardio-00132', 'Endocardite', 'Endocardite', 'low', 1, 0, 'never', 'positive_first_degree', 'Patient cardiologie', 'active', 1767179304353, 1767179304353);
INSERT OR IGNORE INTO healthcare_patients (id, company_id, first_name, last_name, date_of_birth, gender, email, phone, address, city, medical_record_number, blood_type, allergies, notes, status, created_at, updated_at) VALUES ('hc-patient-cardio-00133', 'company-0001', 'Sanaa', 'Doukkali', -855525502870, 'male', 'sanaa.doukkali.cardio132@email.com', '+212634865474', 'Adresse 132', 'Tanger', 'MRN-C000133', 'AB-', 'Iode', 'Patient cardiologie', 'active', 1767179304353, 1767179304353);
INSERT OR IGNORE INTO cardiology_patients (id, company_id, healthcare_patient_id, primary_diagnosis, secondary_diagnoses, risk_level, has_pacemaker, has_stent, smoking_status, family_history, notes, status, created_at, updated_at) VALUES ('cardio-patient-00133', 'company-0001', 'hc-patient-cardio-00133', 'Pericardite', 'Pericardite', 'high', 0, 0, 'current', 'positive_second_degree', 'Patient cardiologie', 'active', 1767179304353, 1767179304353);
INSERT OR IGNORE INTO healthcare_patients (id, company_id, first_name, last_name, date_of_birth, gender, email, phone, address, city, medical_record_number, blood_type, allergies, notes, status, created_at, updated_at) VALUES ('hc-patient-cardio-00134', 'company-0001', 'Laila', 'Kettani', -254540192129, 'male', 'laila.kettani.cardio133@email.com', '+212664162266', 'Adresse 133', 'Fes', 'MRN-C000134', 'B-', 'Sulfamides', 'Patient cardiologie', 'active', 1767179304353, 1767179304353);
INSERT OR IGNORE INTO cardiology_patients (id, company_id, healthcare_patient_id, primary_diagnosis, secondary_diagnoses, risk_level, has_pacemaker, has_stent, smoking_status, family_history, notes, status, created_at, updated_at) VALUES ('cardio-patient-00134', 'company-0001', 'hc-patient-cardio-00134', 'Fibrillation auriculaire', 'Arythmie ventriculaire', 'medium', 0, 1, 'former', 'positive_first_degree', 'Patient cardiologie', 'active', 1767179304353, 1767179304353);
INSERT OR IGNORE INTO healthcare_patients (id, company_id, first_name, last_name, date_of_birth, gender, email, phone, address, city, medical_record_number, blood_type, allergies, notes, status, created_at, updated_at) VALUES ('hc-patient-cardio-00135', 'company-0001', 'Jamal', 'Tahiri', 856196162087, 'male', 'jamal.tahiri.cardio134@email.com', '+212645703053', 'Adresse 134', 'Tanger', 'MRN-C000135', 'A-', 'Aucune', 'Patient cardiologie', 'active', 1767179304353, 1767179304353);
INSERT OR IGNORE INTO cardiology_patients (id, company_id, healthcare_patient_id, primary_diagnosis, secondary_diagnoses, risk_level, has_pacemaker, has_stent, smoking_status, family_history, notes, status, created_at, updated_at) VALUES ('cardio-patient-00135', 'company-0001', 'hc-patient-cardio-00135', 'Insuffisance cardiaque', 'Fibrillation auriculaire', 'high', 0, 0, 'current', 'none', 'Patient cardiologie', 'active', 1767179304353, 1767179304353);
INSERT OR IGNORE INTO healthcare_patients (id, company_id, first_name, last_name, date_of_birth, gender, email, phone, address, city, medical_record_number, blood_type, allergies, notes, status, created_at, updated_at) VALUES ('hc-patient-cardio-00136', 'company-0001', 'Amine', 'Tazi', -781423112189, 'female', 'amine.tazi.cardio135@email.com', '+212637180556', 'Adresse 135', 'Rabat', 'MRN-C000136', 'AB+', 'Penicilline', 'Patient cardiologie', 'active', 1767179304353, 1767179304353);
INSERT OR IGNORE INTO cardiology_patients (id, company_id, healthcare_patient_id, primary_diagnosis, secondary_diagnoses, risk_level, has_pacemaker, has_stent, smoking_status, family_history, notes, status, created_at, updated_at) VALUES ('cardio-patient-00136', 'company-0001', 'hc-patient-cardio-00136', 'Cardiomyopathie dilatee', 'Cardiopathie ischemique', 'high', 0, 0, 'former', 'none', 'Patient cardiologie', 'active', 1767179304353, 1767179304353);
INSERT OR IGNORE INTO healthcare_patients (id, company_id, first_name, last_name, date_of_birth, gender, email, phone, address, city, medical_record_number, blood_type, allergies, notes, status, created_at, updated_at) VALUES ('hc-patient-cardio-00137', 'company-0001', 'Malika', 'Kadiri', -918817285534, 'male', 'malika.kadiri.cardio136@email.com', '+212635175724', 'Adresse 136', 'Tanger', 'MRN-C000137', 'O-', 'Latex', 'Patient cardiologie', 'active', 1767179304353, 1767179304353);
INSERT OR IGNORE INTO cardiology_patients (id, company_id, healthcare_patient_id, primary_diagnosis, secondary_diagnoses, risk_level, has_pacemaker, has_stent, smoking_status, family_history, notes, status, created_at, updated_at) VALUES ('cardio-patient-00137', 'company-0001', 'hc-patient-cardio-00137', 'Endocardite', 'Cardiomyopathie dilatee', 'medium', 0, 0, 'current', 'none', 'Patient cardiologie', 'active', 1767179304353, 1767179304353);
INSERT OR IGNORE INTO healthcare_patients (id, company_id, first_name, last_name, date_of_birth, gender, email, phone, address, city, medical_record_number, blood_type, allergies, notes, status, created_at, updated_at) VALUES ('hc-patient-cardio-00138', 'company-0001', 'Jamal', 'Filali', 281304169486, 'male', 'jamal.filali.cardio137@email.com', '+212649730633', 'Adresse 137', 'Rabat', 'MRN-C000138', 'A-', 'Latex', 'Patient cardiologie', 'active', 1767179304353, 1767179304353);
INSERT OR IGNORE INTO cardiology_patients (id, company_id, healthcare_patient_id, primary_diagnosis, secondary_diagnoses, risk_level, has_pacemaker, has_stent, smoking_status, family_history, notes, status, created_at, updated_at) VALUES ('cardio-patient-00138', 'company-0001', 'hc-patient-cardio-00138', 'Pericardite', 'Cardiopathie ischemique', 'low', 0, 0, 'never', 'none', 'Patient cardiologie', 'active', 1767179304353, 1767179304353);
INSERT OR IGNORE INTO healthcare_patients (id, company_id, first_name, last_name, date_of_birth, gender, email, phone, address, city, medical_record_number, blood_type, allergies, notes, status, created_at, updated_at) VALUES ('hc-patient-cardio-00139', 'company-0001', 'Najat', 'Naciri', -716498135661, 'female', 'najat.naciri.cardio138@email.com', '+212633969934', 'Adresse 138', 'Fes', 'MRN-C000139', 'O+', 'Penicilline', 'Patient cardiologie', 'active', 1767179304353, 1767179304353);
INSERT OR IGNORE INTO cardiology_patients (id, company_id, healthcare_patient_id, primary_diagnosis, secondary_diagnoses, risk_level, has_pacemaker, has_stent, smoking_status, family_history, notes, status, created_at, updated_at) VALUES ('cardio-patient-00139', 'company-0001', 'hc-patient-cardio-00139', 'Arythmie ventriculaire', 'Valvulopathie', 'critical', 0, 0, 'current', 'none', 'Patient cardiologie', 'active', 1767179304353, 1767179304353);
INSERT OR IGNORE INTO healthcare_patients (id, company_id, first_name, last_name, date_of_birth, gender, email, phone, address, city, medical_record_number, blood_type, allergies, notes, status, created_at, updated_at) VALUES ('hc-patient-cardio-00140', 'company-0001', 'Hanane', 'Zniber', -621123946436, 'male', 'hanane.zniber.cardio139@email.com', '+212630309491', 'Adresse 139', 'Tanger', 'MRN-C000140', 'O+', 'Penicilline', 'Patient cardiologie', 'active', 1767179304353, 1767179304353);
INSERT OR IGNORE INTO cardiology_patients (id, company_id, healthcare_patient_id, primary_diagnosis, secondary_diagnoses, risk_level, has_pacemaker, has_stent, smoking_status, family_history, notes, status, created_at, updated_at) VALUES ('cardio-patient-00140', 'company-0001', 'hc-patient-cardio-00140', 'Insuffisance cardiaque', 'Valvulopathie', 'medium', 0, 0, 'current', 'none', 'Patient cardiologie', 'active', 1767179304353, 1767179304353);
INSERT OR IGNORE INTO healthcare_patients (id, company_id, first_name, last_name, date_of_birth, gender, email, phone, address, city, medical_record_number, blood_type, allergies, notes, status, created_at, updated_at) VALUES ('hc-patient-cardio-00141', 'company-0001', 'Farida', 'Lahlou', 526436986123, 'male', 'farida.lahlou.cardio140@email.com', '+212654827564', 'Adresse 140', 'Tanger', 'MRN-C000141', 'AB-', 'Penicilline', 'Patient cardiologie', 'active', 1767179304353, 1767179304353);
INSERT OR IGNORE INTO cardiology_patients (id, company_id, healthcare_patient_id, primary_diagnosis, secondary_diagnoses, risk_level, has_pacemaker, has_stent, smoking_status, family_history, notes, status, created_at, updated_at) VALUES ('cardio-patient-00141', 'company-0001', 'hc-patient-cardio-00141', 'Cardiomyopathie dilatee', 'Endocardite', 'critical', 0, 0, 'former', 'none', 'Patient cardiologie', 'active', 1767179304353, 1767179304353);
INSERT OR IGNORE INTO healthcare_patients (id, company_id, first_name, last_name, date_of_birth, gender, email, phone, address, city, medical_record_number, blood_type, allergies, notes, status, created_at, updated_at) VALUES ('hc-patient-cardio-00142', 'company-0001', 'Khalid', 'Hajji', 668602025186, 'male', 'khalid.hajji.cardio141@email.com', '+212695803221', 'Adresse 141', 'Casablanca', 'MRN-C000142', 'AB+', 'Aspirine', 'Patient cardiologie', 'active', 1767179304353, 1767179304353);
INSERT OR IGNORE INTO cardiology_patients (id, company_id, healthcare_patient_id, primary_diagnosis, secondary_diagnoses, risk_level, has_pacemaker, has_stent, smoking_status, family_history, notes, status, created_at, updated_at) VALUES ('cardio-patient-00142', 'company-0001', 'hc-patient-cardio-00142', 'Fibrillation auriculaire', 'Arythmie ventriculaire', 'critical', 0, 0, 'never', 'positive_first_degree', 'Patient cardiologie', 'active', 1767179304353, 1767179304353);
INSERT OR IGNORE INTO healthcare_patients (id, company_id, first_name, last_name, date_of_birth, gender, email, phone, address, city, medical_record_number, blood_type, allergies, notes, status, created_at, updated_at) VALUES ('hc-patient-cardio-00143', 'company-0001', 'Younes', 'Doukkali', 200710376666, 'female', 'younes.doukkali.cardio142@email.com', '+212625356957', 'Adresse 142', 'Agadir', 'MRN-C000143', 'B+', 'Penicilline', 'Patient cardiologie', 'active', 1767179304353, 1767179304353);
INSERT OR IGNORE INTO cardiology_patients (id, company_id, healthcare_patient_id, primary_diagnosis, secondary_diagnoses, risk_level, has_pacemaker, has_stent, smoking_status, family_history, notes, status, created_at, updated_at) VALUES ('cardio-patient-00143', 'company-0001', 'hc-patient-cardio-00143', 'Pericardite', 'Cardiopathie ischemique', 'high', 0, 0, 'current', 'positive_second_degree', 'Patient cardiologie', 'active', 1767179304353, 1767179304353);
INSERT OR IGNORE INTO healthcare_patients (id, company_id, first_name, last_name, date_of_birth, gender, email, phone, address, city, medical_record_number, blood_type, allergies, notes, status, created_at, updated_at) VALUES ('hc-patient-cardio-00144', 'company-0001', 'Karima', 'Naciri', -584225314124, 'female', 'karima.naciri.cardio143@email.com', '+212618608696', 'Adresse 143', 'Casablanca', 'MRN-C000144', 'A+', 'Latex', 'Patient cardiologie', 'active', 1767179304353, 1767179304353);
INSERT OR IGNORE INTO cardiology_patients (id, company_id, healthcare_patient_id, primary_diagnosis, secondary_diagnoses, risk_level, has_pacemaker, has_stent, smoking_status, family_history, notes, status, created_at, updated_at) VALUES ('cardio-patient-00144', 'company-0001', 'hc-patient-cardio-00144', 'Insuffisance cardiaque', 'Hypertension arterielle', 'critical', 0, 0, 'former', 'positive_first_degree', 'Patient cardiologie', 'active', 1767179304353, 1767179304353);
INSERT OR IGNORE INTO healthcare_patients (id, company_id, first_name, last_name, date_of_birth, gender, email, phone, address, city, medical_record_number, blood_type, allergies, notes, status, created_at, updated_at) VALUES ('hc-patient-cardio-00145', 'company-0001', 'Omar', 'Tazi', 951659112434, 'female', 'omar.tazi.cardio144@email.com', '+212682351189', 'Adresse 144', 'Fes', 'MRN-C000145', 'AB+', 'Penicilline', 'Patient cardiologie', 'active', 1767179304353, 1767179304353);
INSERT OR IGNORE INTO cardiology_patients (id, company_id, healthcare_patient_id, primary_diagnosis, secondary_diagnoses, risk_level, has_pacemaker, has_stent, smoking_status, family_history, notes, status, created_at, updated_at) VALUES ('cardio-patient-00145', 'company-0001', 'hc-patient-cardio-00145', 'Pericardite', 'Valvulopathie', 'medium', 0, 0, 'former', 'none', 'Patient cardiologie', 'active', 1767179304353, 1767179304353);
INSERT OR IGNORE INTO healthcare_patients (id, company_id, first_name, last_name, date_of_birth, gender, email, phone, address, city, medical_record_number, blood_type, allergies, notes, status, created_at, updated_at) VALUES ('hc-patient-cardio-00146', 'company-0001', 'Nadia', 'Naciri', 976294334389, 'female', 'nadia.naciri.cardio145@email.com', '+212617015998', 'Adresse 145', 'Casablanca', 'MRN-C000146', 'A+', 'Latex', 'Patient cardiologie', 'active', 1767179304353, 1767179304353);
INSERT OR IGNORE INTO cardiology_patients (id, company_id, healthcare_patient_id, primary_diagnosis, secondary_diagnoses, risk_level, has_pacemaker, has_stent, smoking_status, family_history, notes, status, created_at, updated_at) VALUES ('cardio-patient-00146', 'company-0001', 'hc-patient-cardio-00146', 'Endocardite', 'Syndrome coronarien aigu', 'medium', 0, 0, 'current', 'positive_first_degree', 'Patient cardiologie', 'active', 1767179304353, 1767179304353);
INSERT OR IGNORE INTO healthcare_patients (id, company_id, first_name, last_name, date_of_birth, gender, email, phone, address, city, medical_record_number, blood_type, allergies, notes, status, created_at, updated_at) VALUES ('hc-patient-cardio-00147', 'company-0001', 'Latifa', 'Fassi Fihri', 209665467141, 'female', 'latifa.fassi fihri.cardio146@email.com', '+212690215622', 'Adresse 146', 'Marrakech', 'MRN-C000147', 'AB-', 'Penicilline', 'Patient cardiologie', 'active', 1767179304353, 1767179304353);
INSERT OR IGNORE INTO cardiology_patients (id, company_id, healthcare_patient_id, primary_diagnosis, secondary_diagnoses, risk_level, has_pacemaker, has_stent, smoking_status, family_history, notes, status, created_at, updated_at) VALUES ('cardio-patient-00147', 'company-0001', 'hc-patient-cardio-00147', 'Fibrillation auriculaire', 'Pericardite', 'medium', 0, 0, 'former', 'none', 'Patient cardiologie', 'active', 1767179304353, 1767179304353);
INSERT OR IGNORE INTO healthcare_patients (id, company_id, first_name, last_name, date_of_birth, gender, email, phone, address, city, medical_record_number, blood_type, allergies, notes, status, created_at, updated_at) VALUES ('hc-patient-cardio-00148', 'company-0001', 'Souad', 'Tahiri', 626006881935, 'male', 'souad.tahiri.cardio147@email.com', '+212642527343', 'Adresse 147', 'Rabat', 'MRN-C000148', 'A-', 'Iode', 'Patient cardiologie', 'active', 1767179304353, 1767179304353);
INSERT OR IGNORE INTO cardiology_patients (id, company_id, healthcare_patient_id, primary_diagnosis, secondary_diagnoses, risk_level, has_pacemaker, has_stent, smoking_status, family_history, notes, status, created_at, updated_at) VALUES ('cardio-patient-00148', 'company-0001', 'hc-patient-cardio-00148', 'Valvulopathie', 'Valvulopathie', 'medium', 0, 0, 'current', 'none', 'Patient cardiologie', 'active', 1767179304353, 1767179304353);
INSERT OR IGNORE INTO healthcare_patients (id, company_id, first_name, last_name, date_of_birth, gender, email, phone, address, city, medical_record_number, blood_type, allergies, notes, status, created_at, updated_at) VALUES ('hc-patient-cardio-00149', 'company-0001', 'Hicham', 'Naciri', 523870023253, 'female', 'hicham.naciri.cardio148@email.com', '+212629550563', 'Adresse 148', 'Fes', 'MRN-C000149', 'O+', 'Aspirine', 'Patient cardiologie', 'active', 1767179304353, 1767179304353);
INSERT OR IGNORE INTO cardiology_patients (id, company_id, healthcare_patient_id, primary_diagnosis, secondary_diagnoses, risk_level, has_pacemaker, has_stent, smoking_status, family_history, notes, status, created_at, updated_at) VALUES ('cardio-patient-00149', 'company-0001', 'hc-patient-cardio-00149', 'Arythmie ventriculaire', 'Valvulopathie', 'high', 0, 0, 'current', 'positive_second_degree', 'Patient cardiologie', 'active', 1767179304353, 1767179304353);
INSERT OR IGNORE INTO healthcare_patients (id, company_id, first_name, last_name, date_of_birth, gender, email, phone, address, city, medical_record_number, blood_type, allergies, notes, status, created_at, updated_at) VALUES ('hc-patient-cardio-00150', 'company-0001', 'Hamid', 'Guerraoui', -636725551505, 'male', 'hamid.guerraoui.cardio149@email.com', '+212684686454', 'Adresse 149', 'Rabat', 'MRN-C000150', 'B+', 'Sulfamides', 'Patient cardiologie', 'active', 1767179304353, 1767179304353);
INSERT OR IGNORE INTO cardiology_patients (id, company_id, healthcare_patient_id, primary_diagnosis, secondary_diagnoses, risk_level, has_pacemaker, has_stent, smoking_status, family_history, notes, status, created_at, updated_at) VALUES ('cardio-patient-00150', 'company-0001', 'hc-patient-cardio-00150', 'Valvulopathie', 'Arythmie ventriculaire', 'medium', 0, 1, 'former', 'none', 'Patient cardiologie', 'active', 1767179304353, 1767179304353);
INSERT OR IGNORE INTO healthcare_patients (id, company_id, first_name, last_name, date_of_birth, gender, email, phone, address, city, medical_record_number, blood_type, allergies, notes, status, created_at, updated_at) VALUES ('hc-patient-cardio-00151', 'company-0001', 'Wafa', 'Idrissi', 342224248409, 'male', 'wafa.idrissi.cardio150@email.com', '+212667817736', 'Adresse 150', 'Tanger', 'MRN-C000151', 'B-', 'Sulfamides', 'Patient cardiologie', 'active', 1767179304353, 1767179304353);
INSERT OR IGNORE INTO cardiology_patients (id, company_id, healthcare_patient_id, primary_diagnosis, secondary_diagnoses, risk_level, has_pacemaker, has_stent, smoking_status, family_history, notes, status, created_at, updated_at) VALUES ('cardio-patient-00151', 'company-0001', 'hc-patient-cardio-00151', 'Pericardite', 'Arythmie ventriculaire', 'critical', 1, 0, 'never', 'positive_second_degree', 'Patient cardiologie', 'active', 1767179304353, 1767179304353);
INSERT OR IGNORE INTO healthcare_patients (id, company_id, first_name, last_name, date_of_birth, gender, email, phone, address, city, medical_record_number, blood_type, allergies, notes, status, created_at, updated_at) VALUES ('hc-patient-cardio-00152', 'company-0001', 'Naima', 'Alaoui', 776513236647, 'male', 'naima.alaoui.cardio151@email.com', '+212647012159', 'Adresse 151', 'Marrakech', 'MRN-C000152', 'O+', 'Latex', 'Patient cardiologie', 'active', 1767179304353, 1767179304353);
INSERT OR IGNORE INTO cardiology_patients (id, company_id, healthcare_patient_id, primary_diagnosis, secondary_diagnoses, risk_level, has_pacemaker, has_stent, smoking_status, family_history, notes, status, created_at, updated_at) VALUES ('cardio-patient-00152', 'company-0001', 'hc-patient-cardio-00152', 'Endocardite', 'Insuffisance cardiaque', 'high', 1, 0, 'former', 'positive_first_degree', 'Patient cardiologie', 'active', 1767179304353, 1767179304353);
INSERT OR IGNORE INTO healthcare_patients (id, company_id, first_name, last_name, date_of_birth, gender, email, phone, address, city, medical_record_number, blood_type, allergies, notes, status, created_at, updated_at) VALUES ('hc-patient-cardio-00153', 'company-0001', 'Hamid', 'Mansouri', 799998759251, 'female', 'hamid.mansouri.cardio152@email.com', '+212605200698', 'Adresse 152', 'Rabat', 'MRN-C000153', 'B+', 'Aucune', 'Patient cardiologie', 'active', 1767179304353, 1767179304353);
INSERT OR IGNORE INTO cardiology_patients (id, company_id, healthcare_patient_id, primary_diagnosis, secondary_diagnoses, risk_level, has_pacemaker, has_stent, smoking_status, family_history, notes, status, created_at, updated_at) VALUES ('cardio-patient-00153', 'company-0001', 'hc-patient-cardio-00153', 'Insuffisance cardiaque', 'Cardiomyopathie dilatee', 'high', 0, 0, 'current', 'positive_second_degree', 'Patient cardiologie', 'active', 1767179304353, 1767179304353);
INSERT OR IGNORE INTO healthcare_patients (id, company_id, first_name, last_name, date_of_birth, gender, email, phone, address, city, medical_record_number, blood_type, allergies, notes, status, created_at, updated_at) VALUES ('hc-patient-cardio-00154', 'company-0001', 'Ghita', 'Sqalli', 353024581292, 'male', 'ghita.sqalli.cardio153@email.com', '+212610442060', 'Adresse 153', 'Marrakech', 'MRN-C000154', 'B-', 'Penicilline', 'Patient cardiologie', 'active', 1767179304353, 1767179304353);
INSERT OR IGNORE INTO cardiology_patients (id, company_id, healthcare_patient_id, primary_diagnosis, secondary_diagnoses, risk_level, has_pacemaker, has_stent, smoking_status, family_history, notes, status, created_at, updated_at) VALUES ('cardio-patient-00154', 'company-0001', 'hc-patient-cardio-00154', 'Arythmie ventriculaire', 'Valvulopathie', 'low', 0, 1, 'former', 'none', 'Patient cardiologie', 'active', 1767179304353, 1767179304353);
INSERT OR IGNORE INTO healthcare_patients (id, company_id, first_name, last_name, date_of_birth, gender, email, phone, address, city, medical_record_number, blood_type, allergies, notes, status, created_at, updated_at) VALUES ('hc-patient-cardio-00155', 'company-0001', 'Adil', 'Benkirane', 324591275262, 'male', 'adil.benkirane.cardio154@email.com', '+212642597156', 'Adresse 154', 'Agadir', 'MRN-C000155', 'A+', 'Latex', 'Patient cardiologie', 'active', 1767179304353, 1767179304353);
INSERT OR IGNORE INTO cardiology_patients (id, company_id, healthcare_patient_id, primary_diagnosis, secondary_diagnoses, risk_level, has_pacemaker, has_stent, smoking_status, family_history, notes, status, created_at, updated_at) VALUES ('cardio-patient-00155', 'company-0001', 'hc-patient-cardio-00155', 'Endocardite', 'Hypertension arterielle', 'high', 0, 0, 'never', 'none', 'Patient cardiologie', 'active', 1767179304353, 1767179304353);
INSERT OR IGNORE INTO healthcare_patients (id, company_id, first_name, last_name, date_of_birth, gender, email, phone, address, city, medical_record_number, blood_type, allergies, notes, status, created_at, updated_at) VALUES ('hc-patient-cardio-00156', 'company-0001', 'Laila', 'Tahiri', 791454896708, 'female', 'laila.tahiri.cardio155@email.com', '+212651229313', 'Adresse 155', 'Fes', 'MRN-C000156', 'B-', 'Penicilline', 'Patient cardiologie', 'active', 1767179304353, 1767179304353);
INSERT OR IGNORE INTO cardiology_patients (id, company_id, healthcare_patient_id, primary_diagnosis, secondary_diagnoses, risk_level, has_pacemaker, has_stent, smoking_status, family_history, notes, status, created_at, updated_at) VALUES ('cardio-patient-00156', 'company-0001', 'hc-patient-cardio-00156', 'Endocardite', 'Fibrillation auriculaire', 'critical', 0, 0, 'never', 'positive_second_degree', 'Patient cardiologie', 'active', 1767179304353, 1767179304353);
INSERT OR IGNORE INTO healthcare_patients (id, company_id, first_name, last_name, date_of_birth, gender, email, phone, address, city, medical_record_number, blood_type, allergies, notes, status, created_at, updated_at) VALUES ('hc-patient-cardio-00157', 'company-0001', 'Sanaa', 'Naciri', -734958821357, 'female', 'sanaa.naciri.cardio156@email.com', '+212618412984', 'Adresse 156', 'Casablanca', 'MRN-C000157', 'O-', 'Latex', 'Patient cardiologie', 'active', 1767179304353, 1767179304353);
INSERT OR IGNORE INTO cardiology_patients (id, company_id, healthcare_patient_id, primary_diagnosis, secondary_diagnoses, risk_level, has_pacemaker, has_stent, smoking_status, family_history, notes, status, created_at, updated_at) VALUES ('cardio-patient-00157', 'company-0001', 'hc-patient-cardio-00157', 'Arythmie ventriculaire', 'Cardiopathie ischemique', 'medium', 0, 0, 'former', 'positive_second_degree', 'Patient cardiologie', 'active', 1767179304353, 1767179304353);
INSERT OR IGNORE INTO healthcare_patients (id, company_id, first_name, last_name, date_of_birth, gender, email, phone, address, city, medical_record_number, blood_type, allergies, notes, status, created_at, updated_at) VALUES ('hc-patient-cardio-00158', 'company-0001', 'Brahim', 'Hajji', -486223777638, 'female', 'brahim.hajji.cardio157@email.com', '+212643660505', 'Adresse 157', 'Rabat', 'MRN-C000158', 'A+', 'Iode', 'Patient cardiologie', 'active', 1767179304353, 1767179304353);
INSERT OR IGNORE INTO cardiology_patients (id, company_id, healthcare_patient_id, primary_diagnosis, secondary_diagnoses, risk_level, has_pacemaker, has_stent, smoking_status, family_history, notes, status, created_at, updated_at) VALUES ('cardio-patient-00158', 'company-0001', 'hc-patient-cardio-00158', 'Cardiomyopathie dilatee', 'Fibrillation auriculaire', 'medium', 0, 0, 'current', 'positive_second_degree', 'Patient cardiologie', 'active', 1767179304353, 1767179304353);
INSERT OR IGNORE INTO healthcare_patients (id, company_id, first_name, last_name, date_of_birth, gender, email, phone, address, city, medical_record_number, blood_type, allergies, notes, status, created_at, updated_at) VALUES ('hc-patient-cardio-00159', 'company-0001', 'Hanane', 'Zniber', 621617486951, 'female', 'hanane.zniber.cardio158@email.com', '+212626090329', 'Adresse 158', 'Fes', 'MRN-C000159', 'O-', 'Latex', 'Patient cardiologie', 'active', 1767179304353, 1767179304353);
INSERT OR IGNORE INTO cardiology_patients (id, company_id, healthcare_patient_id, primary_diagnosis, secondary_diagnoses, risk_level, has_pacemaker, has_stent, smoking_status, family_history, notes, status, created_at, updated_at) VALUES ('cardio-patient-00159', 'company-0001', 'hc-patient-cardio-00159', 'Insuffisance cardiaque', 'Valvulopathie', 'critical', 0, 0, 'never', 'positive_second_degree', 'Patient cardiologie', 'active', 1767179304353, 1767179304353);
INSERT OR IGNORE INTO healthcare_patients (id, company_id, first_name, last_name, date_of_birth, gender, email, phone, address, city, medical_record_number, blood_type, allergies, notes, status, created_at, updated_at) VALUES ('hc-patient-cardio-00160', 'company-0001', 'Omar', 'Sqalli', -389747109307, 'male', 'omar.sqalli.cardio159@email.com', '+212617823488', 'Adresse 159', 'Tanger', 'MRN-C000160', 'AB-', 'Penicilline', 'Patient cardiologie', 'active', 1767179304353, 1767179304353);
INSERT OR IGNORE INTO cardiology_patients (id, company_id, healthcare_patient_id, primary_diagnosis, secondary_diagnoses, risk_level, has_pacemaker, has_stent, smoking_status, family_history, notes, status, created_at, updated_at) VALUES ('cardio-patient-00160', 'company-0001', 'hc-patient-cardio-00160', 'Insuffisance cardiaque', 'Cardiomyopathie dilatee', 'high', 0, 0, 'former', 'positive_first_degree', 'Patient cardiologie', 'active', 1767179304353, 1767179304353);