INSERT OR IGNORE INTO healthcare_patients (id, company_id, first_name, last_name, date_of_birth, gender, email, phone, address, city, medical_record_number, blood_type, allergies, notes, status, created_at, updated_at) VALUES ('hc-patient-cardio-01911', 'company-0001', 'Latifa', 'Benhima', 671084703548, 'female', 'latifa.benhima.cardio1910@email.com', '+212674755182', 'Adresse 1910', 'Fes', 'MRN-C001911', 'AB+', 'Aucune', 'Patient cardiologie', 'active', 1766786874874, 1766786874874);
INSERT OR IGNORE INTO cardiology_patients (id, company_id, healthcare_patient_id, primary_diagnosis, secondary_diagnoses, risk_level, has_pacemaker, has_stent, smoking_status, family_history, notes, status, created_at, updated_at) VALUES ('cardio-patient-01911', 'company-0001', 'hc-patient-cardio-01911', 'Arythmie ventriculaire', 'Hypertension arterielle', 'medium', 1, 0, 'never', 'none', 'Patient cardiologie', 'active', 1766786874874, 1766786874874);
INSERT OR IGNORE INTO healthcare_patients (id, company_id, first_name, last_name, date_of_birth, gender, email, phone, address, city, medical_record_number, blood_type, allergies, notes, status, created_at, updated_at) VALUES ('hc-patient-cardio-01912', 'company-0001', 'Hassan', 'Tazi', -225920282164, 'male', 'hassan.tazi.cardio1911@email.com', '+212659182872', 'Adresse 1911', 'Tanger', 'MRN-C001912', 'B-', 'Sulfamides', 'Patient cardiologie', 'active', 1766786874874, 1766786874874);
INSERT OR IGNORE INTO cardiology_patients (id, company_id, healthcare_patient_id, primary_diagnosis, secondary_diagnoses, risk_level, has_pacemaker, has_stent, smoking_status, family_history, notes, status, created_at, updated_at) VALUES ('cardio-patient-01912', 'company-0001', 'hc-patient-cardio-01912', 'Cardiomyopathie dilatee', 'Arythmie ventriculaire', 'low', 0, 0, 'former', 'positive_first_degree', 'Patient cardiologie', 'active', 1766786874874, 1766786874874);
INSERT OR IGNORE INTO healthcare_patients (id, company_id, first_name, last_name, date_of_birth, gender, email, phone, address, city, medical_record_number, blood_type, allergies, notes, status, created_at, updated_at) VALUES ('hc-patient-cardio-01913', 'company-0001', 'Fatima', 'Tazi', -143170649968, 'male', 'fatima.tazi.cardio1912@email.com', '+212695124619', 'Adresse 1912', 'Rabat', 'MRN-C001913', 'O-', 'Penicilline', 'Patient cardiologie', 'active', 1766786874874, 1766786874874);
INSERT OR IGNORE INTO cardiology_patients (id, company_id, healthcare_patient_id, primary_diagnosis, secondary_diagnoses, risk_level, has_pacemaker, has_stent, smoking_status, family_history, notes, status, created_at, updated_at) VALUES ('cardio-patient-01913', 'company-0001', 'hc-patient-cardio-01913', 'Fibrillation auriculaire', 'Insuffisance cardiaque', 'low', 0, 0, 'former', 'none', 'Patient cardiologie', 'active', 1766786874874, 1766786874874);
INSERT OR IGNORE INTO healthcare_patients (id, company_id, first_name, last_name, date_of_birth, gender, email, phone, address, city, medical_record_number, blood_type, allergies, notes, status, created_at, updated_at) VALUES ('hc-patient-cardio-01914', 'company-0001', 'Omar', 'Kettani', 818811859744, 'male', 'omar.kettani.cardio1913@email.com', '+212637953769', 'Adresse 1913', 'Tanger', 'MRN-C001914', 'AB+', 'Iode', 'Patient cardiologie', 'active', 1766786874874, 1766786874874);
INSERT OR IGNORE INTO cardiology_patients (id, company_id, healthcare_patient_id, primary_diagnosis, secondary_diagnoses, risk_level, has_pacemaker, has_stent, smoking_status, family_history, notes, status, created_at, updated_at) VALUES ('cardio-patient-01914', 'company-0001', 'hc-patient-cardio-01914', 'Fibrillation auriculaire', 'Hypertension arterielle', 'high', 0, 1, 'current', 'positive_first_degree', 'Patient cardiologie', 'active', 1766786874874, 1766786874874);
INSERT OR IGNORE INTO healthcare_patients (id, company_id, first_name, last_name, date_of_birth, gender, email, phone, address, city, medical_record_number, blood_type, allergies, notes, status, created_at, updated_at) VALUES ('hc-patient-cardio-01915', 'company-0001', 'Jamal', 'Fassi Fihri', -89999072925, 'male', 'jamal.fassi fihri.cardio1914@email.com', '+212698569474', 'Adresse 1914', 'Rabat', 'MRN-C001915', 'O+', 'Aucune', 'Patient cardiologie', 'active', 1766786874874, 1766786874874);
INSERT OR IGNORE INTO cardiology_patients (id, company_id, healthcare_patient_id, primary_diagnosis, secondary_diagnoses, risk_level, has_pacemaker, has_stent, smoking_status, family_history, notes, status, created_at, updated_at) VALUES ('cardio-patient-01915', 'company-0001', 'hc-patient-cardio-01915', 'Valvulopathie', 'Syndrome coronarien aigu', 'low', 0, 0, 'former', 'positive_second_degree', 'Patient cardiologie', 'active', 1766786874874, 1766786874874);
INSERT OR IGNORE INTO healthcare_patients (id, company_id, first_name, last_name, date_of_birth, gender, email, phone, address, city, medical_record_number, blood_type, allergies, notes, status, created_at, updated_at) VALUES ('hc-patient-cardio-01916', 'company-0001', 'Samir', 'Hajji', 664749057940, 'male', 'samir.hajji.cardio1915@email.com', '+212621542040', 'Adresse 1915', 'Casablanca', 'MRN-C001916', 'O-', 'Sulfamides', 'Patient cardiologie', 'active', 1766786874874, 1766786874874);
INSERT OR IGNORE INTO cardiology_patients (id, company_id, healthcare_patient_id, primary_diagnosis, secondary_diagnoses, risk_level, has_pacemaker, has_stent, smoking_status, family_history, notes, status, created_at, updated_at) VALUES ('cardio-patient-01916', 'company-0001', 'hc-patient-cardio-01916', 'Insuffisance cardiaque', 'Arythmie ventriculaire', 'low', 0, 0, 'current', 'positive_first_degree', 'Patient cardiologie', 'active', 1766786874874, 1766786874874);
INSERT OR IGNORE INTO healthcare_patients (id, company_id, first_name, last_name, date_of_birth, gender, email, phone, address, city, medical_record_number, blood_type, allergies, notes, status, created_at, updated_at) VALUES ('hc-patient-cardio-01917', 'company-0001', 'Jamal', 'Mansouri', 538447835432, 'female', 'jamal.mansouri.cardio1916@email.com', '+212680429210', 'Adresse 1916', 'Casablanca', 'MRN-C001917', 'AB+', 'Latex', 'Patient cardiologie', 'active', 1766786874874, 1766786874874);
INSERT OR IGNORE INTO cardiology_patients (id, company_id, healthcare_patient_id, primary_diagnosis, secondary_diagnoses, risk_level, has_pacemaker, has_stent, smoking_status, family_history, notes, status, created_at, updated_at) VALUES ('cardio-patient-01917', 'company-0001', 'hc-patient-cardio-01917', 'Fibrillation auriculaire', 'Fibrillation auriculaire', 'critical', 0, 1, 'never', 'positive_first_degree', 'Patient cardiologie', 'active', 1766786874874, 1766786874874);
INSERT OR IGNORE INTO healthcare_patients (id, company_id, first_name, last_name, date_of_birth, gender, email, phone, address, city, medical_record_number, blood_type, allergies, notes, status, created_at, updated_at) VALUES ('hc-patient-cardio-01918', 'company-0001', 'Reda', 'Benjelloun', 164215723246, 'female', 'reda.benjelloun.cardio1917@email.com', '+212626946381', 'Adresse 1917', 'Casablanca', 'MRN-C001918', 'B+', 'Latex', 'Patient cardiologie', 'active', 1766786874874, 1766786874874);
INSERT OR IGNORE INTO cardiology_patients (id, company_id, healthcare_patient_id, primary_diagnosis, secondary_diagnoses, risk_level, has_pacemaker, has_stent, smoking_status, family_history, notes, status, created_at, updated_at) VALUES ('cardio-patient-01918', 'company-0001', 'hc-patient-cardio-01918', 'Cardiopathie ischemique', 'Fibrillation auriculaire', 'low', 0, 0, 'current', 'positive_second_degree', 'Patient cardiologie', 'active', 1766786874874, 1766786874874);
INSERT OR IGNORE INTO healthcare_patients (id, company_id, first_name, last_name, date_of_birth, gender, email, phone, address, city, medical_record_number, blood_type, allergies, notes, status, created_at, updated_at) VALUES ('hc-patient-cardio-01919', 'company-0001', 'Ahmed', 'Lahlou', -820819521519, 'female', 'ahmed.lahlou.cardio1918@email.com', '+212621393541', 'Adresse 1918', 'Tanger', 'MRN-C001919', 'AB+', 'Iode', 'Patient cardiologie', 'active', 1766786874874, 1766786874874);
INSERT OR IGNORE INTO cardiology_patients (id, company_id, healthcare_patient_id, primary_diagnosis, secondary_diagnoses, risk_level, has_pacemaker, has_stent, smoking_status, family_history, notes, status, created_at, updated_at) VALUES ('cardio-patient-01919', 'company-0001', 'hc-patient-cardio-01919', 'Hypertension arterielle', 'Arythmie ventriculaire', 'high', 0, 0, 'never', 'positive_second_degree', 'Patient cardiologie', 'active', 1766786874874, 1766786874874);
INSERT OR IGNORE INTO healthcare_patients (id, company_id, first_name, last_name, date_of_birth, gender, email, phone, address, city, medical_record_number, blood_type, allergies, notes, status, created_at, updated_at) VALUES ('hc-patient-cardio-01920', 'company-0001', 'Younes', 'Zniber', -581979524062, 'female', 'younes.zniber.cardio1919@email.com', '+212613199092', 'Adresse 1919', 'Marrakech', 'MRN-C001920', 'B+', 'Latex', 'Patient cardiologie', 'active', 1766786874874, 1766786874874);
INSERT OR IGNORE INTO cardiology_patients (id, company_id, healthcare_patient_id, primary_diagnosis, secondary_diagnoses, risk_level, has_pacemaker, has_stent, smoking_status, family_history, notes, status, created_at, updated_at) VALUES ('cardio-patient-01920', 'company-0001', 'hc-patient-cardio-01920', 'Hypertension arterielle', 'Syndrome coronarien aigu', 'low', 0, 0, 'former', 'none', 'Patient cardiologie', 'active', 1766786874874, 1766786874874);
INSERT OR IGNORE INTO healthcare_patients (id, company_id, first_name, last_name, date_of_birth, gender, email, phone, address, city, medical_record_number, blood_type, allergies, notes, status, created_at, updated_at) VALUES ('hc-patient-cardio-01921', 'company-0001', 'Adil', 'Ouazzani', 302680847609, 'female', 'adil.ouazzani.cardio1920@email.com', '+212685878758', 'Adresse 1920', 'Tanger', 'MRN-C001921', 'A+', 'Latex', 'Patient cardiologie', 'active', 1766786874874, 1766786874874);
INSERT OR IGNORE INTO cardiology_patients (id, company_id, healthcare_patient_id, primary_diagnosis, secondary_diagnoses, risk_level, has_pacemaker, has_stent, smoking_status, family_history, notes, status, created_at, updated_at) VALUES ('cardio-patient-01921', 'company-0001', 'hc-patient-cardio-01921', 'Endocardite', 'Endocardite', 'critical', 1, 0, 'former', 'positive_first_degree', 'Patient cardiologie', 'active', 1766786874874, 1766786874874);
INSERT OR IGNORE INTO healthcare_patients (id, company_id, first_name, last_name, date_of_birth, gender, email, phone, address, city, medical_record_number, blood_type, allergies, notes, status, created_at, updated_at) VALUES ('hc-patient-cardio-01922', 'company-0001', 'Laila', 'Ouazzani', -152707333702, 'male', 'laila.ouazzani.cardio1921@email.com', '+212655872831', 'Adresse 1921', 'Marrakech', 'MRN-C001922', 'B+', 'Aucune', 'Patient cardiologie', 'active', 1766786874874, 1766786874874);
INSERT OR IGNORE INTO cardiology_patients (id, company_id, healthcare_patient_id, primary_diagnosis, secondary_diagnoses, risk_level, has_pacemaker, has_stent, smoking_status, family_history, notes, status, created_at, updated_at) VALUES ('cardio-patient-01922', 'company-0001', 'hc-patient-cardio-01922', 'Endocardite', 'Cardiopathie ischemique', 'high', 0, 0, 'current', 'positive_first_degree', 'Patient cardiologie', 'active', 1766786874874, 1766786874874);
INSERT OR IGNORE INTO healthcare_patients (id, company_id, first_name, last_name, date_of_birth, gender, email, phone, address, city, medical_record_number, blood_type, allergies, notes, status, created_at, updated_at) VALUES ('hc-patient-cardio-01923', 'company-0001', 'Khalid', 'Tazi', -846579975906, 'male', 'khalid.tazi.cardio1922@email.com', '+212625405010', 'Adresse 1922', 'Tanger', 'MRN-C001923', 'AB-', 'Sulfamides', 'Patient cardiologie', 'active', 1766786874874, 1766786874874);
INSERT OR IGNORE INTO cardiology_patients (id, company_id, healthcare_patient_id, primary_diagnosis, secondary_diagnoses, risk_level, has_pacemaker, has_stent, smoking_status, family_history, notes, status, created_at, updated_at) VALUES ('cardio-patient-01923', 'company-0001', 'hc-patient-cardio-01923', 'Cardiopathie ischemique', 'Arythmie ventriculaire', 'critical', 1, 1, 'former', 'positive_first_degree', 'Patient cardiologie', 'active', 1766786874874, 1766786874874);
INSERT OR IGNORE INTO healthcare_patients (id, company_id, first_name, last_name, date_of_birth, gender, email, phone, address, city, medical_record_number, blood_type, allergies, notes, status, created_at, updated_at) VALUES ('hc-patient-cardio-01924', 'company-0001', 'Khalid', 'Hajji', 829062401144, 'male', 'khalid.hajji.cardio1923@email.com', '+212687157057', 'Adresse 1923', 'Fes', 'MRN-C001924', 'A-', 'Aspirine', 'Patient cardiologie', 'active', 1766786874874, 1766786874874);
INSERT OR IGNORE INTO cardiology_patients (id, company_id, healthcare_patient_id, primary_diagnosis, secondary_diagnoses, risk_level, has_pacemaker, has_stent, smoking_status, family_history, notes, status, created_at, updated_at) VALUES ('cardio-patient-01924', 'company-0001', 'hc-patient-cardio-01924', 'Valvulopathie', 'Valvulopathie', 'high', 0, 1, 'current', 'positive_second_degree', 'Patient cardiologie', 'active', 1766786874874, 1766786874874);
INSERT OR IGNORE INTO healthcare_patients (id, company_id, first_name, last_name, date_of_birth, gender, email, phone, address, city, medical_record_number, blood_type, allergies, notes, status, created_at, updated_at) VALUES ('hc-patient-cardio-01925', 'company-0001', 'Hafsa', 'Berrada', -681611211172, 'male', 'hafsa.berrada.cardio1924@email.com', '+212613296637', 'Adresse 1924', 'Tanger', 'MRN-C001925', 'O+', 'Sulfamides', 'Patient cardiologie', 'active', 1766786874874, 1766786874874);
INSERT OR IGNORE INTO cardiology_patients (id, company_id, healthcare_patient_id, primary_diagnosis, secondary_diagnoses, risk_level, has_pacemaker, has_stent, smoking_status, family_history, notes, status, created_at, updated_at) VALUES ('cardio-patient-01925', 'company-0001', 'hc-patient-cardio-01925', 'Arythmie ventriculaire', 'Hypertension arterielle', 'low', 0, 0, 'never', 'positive_first_degree', 'Patient cardiologie', 'active', 1766786874874, 1766786874874);
INSERT OR IGNORE INTO healthcare_patients (id, company_id, first_name, last_name, date_of_birth, gender, email, phone, address, city, medical_record_number, blood_type, allergies, notes, status, created_at, updated_at) VALUES ('hc-patient-cardio-01926', 'company-0001', 'Wafa', 'Amrani', -638237446854, 'female', 'wafa.amrani.cardio1925@email.com', '+212652411669', 'Adresse 1925', 'Tanger', 'MRN-C001926', 'B-', 'Aspirine', 'Patient cardiologie', 'active', 1766786874874, 1766786874874);
INSERT OR IGNORE INTO cardiology_patients (id, company_id, healthcare_patient_id, primary_diagnosis, secondary_diagnoses, risk_level, has_pacemaker, has_stent, smoking_status, family_history, notes, status, created_at, updated_at) VALUES ('cardio-patient-01926', 'company-0001', 'hc-patient-cardio-01926', 'Arythmie ventriculaire', 'Valvulopathie', 'high', 0, 1, 'former', 'positive_second_degree', 'Patient cardiologie', 'active', 1766786874874, 1766786874874);
INSERT OR IGNORE INTO healthcare_patients (id, company_id, first_name, last_name, date_of_birth, gender, email, phone, address, city, medical_record_number, blood_type, allergies, notes, status, created_at, updated_at) VALUES ('hc-patient-cardio-01927', 'company-0001', 'Samir', 'Lahrichi', -934376006694, 'female', 'samir.lahrichi.cardio1926@email.com', '+212678779152', 'Adresse 1926', 'Fes', 'MRN-C001927', 'O+', 'Iode', 'Patient cardiologie', 'active', 1766786874874, 1766786874874);
INSERT OR IGNORE INTO cardiology_patients (id, company_id, healthcare_patient_id, primary_diagnosis, secondary_diagnoses, risk_level, has_pacemaker, has_stent, smoking_status, family_history, notes, status, created_at, updated_at) VALUES ('cardio-patient-01927', 'company-0001', 'hc-patient-cardio-01927', 'Syndrome coronarien aigu', 'Syndrome coronarien aigu', 'medium', 0, 1, 'never', 'positive_second_degree', 'Patient cardiologie', 'active', 1766786874874, 1766786874874);
INSERT OR IGNORE INTO healthcare_patients (id, company_id, first_name, last_name, date_of_birth, gender, email, phone, address, city, medical_record_number, blood_type, allergies, notes, status, created_at, updated_at) VALUES ('hc-patient-cardio-01928', 'company-0001', 'Younes', 'Benjelloun', 281350288187, 'female', 'younes.benjelloun.cardio1927@email.com', '+212695399995', 'Adresse 1927', 'Agadir', 'MRN-C001928', 'A-', 'Aspirine', 'Patient cardiologie', 'active', 1766786874874, 1766786874874);
INSERT OR IGNORE INTO cardiology_patients (id, company_id, healthcare_patient_id, primary_diagnosis, secondary_diagnoses, risk_level, has_pacemaker, has_stent, smoking_status, family_history, notes, status, created_at, updated_at) VALUES ('cardio-patient-01928', 'company-0001', 'hc-patient-cardio-01928', 'Cardiomyopathie dilatee', 'Hypertension arterielle', 'critical', 1, 0, 'never', 'none', 'Patient cardiologie', 'active', 1766786874874, 1766786874874);
INSERT OR IGNORE INTO healthcare_patients (id, company_id, first_name, last_name, date_of_birth, gender, email, phone, address, city, medical_record_number, blood_type, allergies, notes, status, created_at, updated_at) VALUES ('hc-patient-cardio-01929', 'company-0001', 'Samir', 'Zniber', -226910692567, 'female', 'samir.zniber.cardio1928@email.com', '+212690164283', 'Adresse 1928', 'Fes', 'MRN-C001929', 'B+', 'Aucune', 'Patient cardiologie', 'active', 1766786874874, 1766786874874);
INSERT OR IGNORE INTO cardiology_patients (id, company_id, healthcare_patient_id, primary_diagnosis, secondary_diagnoses, risk_level, has_pacemaker, has_stent, smoking_status, family_history, notes, status, created_at, updated_at) VALUES ('cardio-patient-01929', 'company-0001', 'hc-patient-cardio-01929', 'Hypertension arterielle', 'Syndrome coronarien aigu', 'medium', 0, 0, 'current', 'positive_second_degree', 'Patient cardiologie', 'active', 1766786874874, 1766786874874);
INSERT OR IGNORE INTO healthcare_patients (id, company_id, first_name, last_name, date_of_birth, gender, email, phone, address, city, medical_record_number, blood_type, allergies, notes, status, created_at, updated_at) VALUES ('hc-patient-cardio-01930', 'company-0001', 'Imane', 'Mekouar', -248262310474, 'male', 'imane.mekouar.cardio1929@email.com', '+212693555549', 'Adresse 1929', 'Rabat', 'MRN-C001930', 'O+', 'Sulfamides', 'Patient cardiologie', 'active', 1766786874874, 1766786874874);
INSERT OR IGNORE INTO cardiology_patients (id, company_id, healthcare_patient_id, primary_diagnosis, secondary_diagnoses, risk_level, has_pacemaker, has_stent, smoking_status, family_history, notes, status, created_at, updated_at) VALUES ('cardio-patient-01930', 'company-0001', 'hc-patient-cardio-01930', 'Valvulopathie', 'Cardiopathie ischemique', 'high', 1, 1, 'former', 'positive_first_degree', 'Patient cardiologie', 'active', 1766786874874, 1766786874874);
INSERT OR IGNORE INTO healthcare_patients (id, company_id, first_name, last_name, date_of_birth, gender, email, phone, address, city, medical_record_number, blood_type, allergies, notes, status, created_at, updated_at) VALUES ('hc-patient-cardio-01931', 'company-0001', 'Samira', 'Mansouri', 307758402240, 'female', 'samira.mansouri.cardio1930@email.com', '+212646638576', 'Adresse 1930', 'Rabat', 'MRN-C001931', 'O+', 'Penicilline', 'Patient cardiologie', 'active', 1766786874874, 1766786874874);
INSERT OR IGNORE INTO cardiology_patients (id, company_id, healthcare_patient_id, primary_diagnosis, secondary_diagnoses, risk_level, has_pacemaker, has_stent, smoking_status, family_history, notes, status, created_at, updated_at) VALUES ('cardio-patient-01931', 'company-0001', 'hc-patient-cardio-01931', 'Hypertension arterielle', 'Insuffisance cardiaque', 'critical', 1, 0, 'former', 'positive_first_degree', 'Patient cardiologie', 'active', 1766786874874, 1766786874874);
INSERT OR IGNORE INTO healthcare_patients (id, company_id, first_name, last_name, date_of_birth, gender, email, phone, address, city, medical_record_number, blood_type, allergies, notes, status, created_at, updated_at) VALUES ('hc-patient-cardio-01932', 'company-0001', 'Naima', 'Ouazzani', 863425534640, 'male', 'naima.ouazzani.cardio1931@email.com', '+212671553581', 'Adresse 1931', 'Agadir', 'MRN-C001932', 'A+', 'Aspirine', 'Patient cardiologie', 'active', 1766786874874, 1766786874874);
INSERT OR IGNORE INTO cardiology_patients (id, company_id, healthcare_patient_id, primary_diagnosis, secondary_diagnoses, risk_level, has_pacemaker, has_stent, smoking_status, family_history, notes, status, created_at, updated_at) VALUES ('cardio-patient-01932', 'company-0001', 'hc-patient-cardio-01932', 'Cardiopathie ischemique', 'Cardiomyopathie dilatee', 'medium', 0, 0, 'never', 'none', 'Patient cardiologie', 'active', 1766786874874, 1766786874874);
INSERT OR IGNORE INTO healthcare_patients (id, company_id, first_name, last_name, date_of_birth, gender, email, phone, address, city, medical_record_number, blood_type, allergies, notes, status, created_at, updated_at) VALUES ('hc-patient-cardio-01933', 'company-0001', 'Youssef', 'Sefrioui', -920394904351, 'female', 'youssef.sefrioui.cardio1932@email.com', '+212687759628', 'Adresse 1932', 'Fes', 'MRN-C001933', 'AB-', 'Aucune', 'Patient cardiologie', 'active', 1766786874874, 1766786874874);
INSERT OR IGNORE INTO cardiology_patients (id, company_id, healthcare_patient_id, primary_diagnosis, secondary_diagnoses, risk_level, has_pacemaker, has_stent, smoking_status, family_history, notes, status, created_at, updated_at) VALUES ('cardio-patient-01933', 'company-0001', 'hc-patient-cardio-01933', 'Pericardite', 'Syndrome coronarien aigu', 'medium', 0, 0, 'former', 'positive_second_degree', 'Patient cardiologie', 'active', 1766786874874, 1766786874874);
INSERT OR IGNORE INTO healthcare_patients (id, company_id, first_name, last_name, date_of_birth, gender, email, phone, address, city, medical_record_number, blood_type, allergies, notes, status, created_at, updated_at) VALUES ('hc-patient-cardio-01934', 'company-0001', 'Rachid', 'Bennani', 666734095833, 'female', 'rachid.bennani.cardio1933@email.com', '+212697422346', 'Adresse 1933', 'Casablanca', 'MRN-C001934', 'AB+', 'Aucune', 'Patient cardiologie', 'active', 1766786874874, 1766786874874);
INSERT OR IGNORE INTO cardiology_patients (id, company_id, healthcare_patient_id, primary_diagnosis, secondary_diagnoses, risk_level, has_pacemaker, has_stent, smoking_status, family_history, notes, status, created_at, updated_at) VALUES ('cardio-patient-01934', 'company-0001', 'hc-patient-cardio-01934', 'Endocardite', 'Hypertension arterielle', 'high', 0, 0, 'former', 'positive_second_degree', 'Patient cardiologie', 'active', 1766786874874, 1766786874874);
INSERT OR IGNORE INTO healthcare_patients (id, company_id, first_name, last_name, date_of_birth, gender, email, phone, address, city, medical_record_number, blood_type, allergies, notes, status, created_at, updated_at) VALUES ('hc-patient-cardio-01935', 'company-0001', 'Aziz', 'Doukkali', 80887951996, 'female', 'aziz.doukkali.cardio1934@email.com', '+212668618073', 'Adresse 1934', 'Rabat', 'MRN-C001935', 'B+', 'Sulfamides', 'Patient cardiologie', 'active', 1766786874874, 1766786874874);
INSERT OR IGNORE INTO cardiology_patients (id, company_id, healthcare_patient_id, primary_diagnosis, secondary_diagnoses, risk_level, has_pacemaker, has_stent, smoking_status, family_history, notes, status, created_at, updated_at) VALUES ('cardio-patient-01935', 'company-0001', 'hc-patient-cardio-01935', 'Pericardite', 'Insuffisance cardiaque', 'high', 0, 0, 'former', 'positive_first_degree', 'Patient cardiologie', 'active', 1766786874874, 1766786874874);
INSERT OR IGNORE INTO healthcare_patients (id, company_id, first_name, last_name, date_of_birth, gender, email, phone, address, city, medical_record_number, blood_type, allergies, notes, status, created_at, updated_at) VALUES ('hc-patient-cardio-01936', 'company-0001', 'Brahim', 'Tahiri', -180336451508, 'female', 'brahim.tahiri.cardio1935@email.com', '+212649493599', 'Adresse 1935', 'Agadir', 'MRN-C001936', 'O-', 'Latex', 'Patient cardiologie', 'active', 1766786874874, 1766786874874);
INSERT OR IGNORE INTO cardiology_patients (id, company_id, healthcare_patient_id, primary_diagnosis, secondary_diagnoses, risk_level, has_pacemaker, has_stent, smoking_status, family_history, notes, status, created_at, updated_at) VALUES ('cardio-patient-01936', 'company-0001', 'hc-patient-cardio-01936', 'Endocardite', 'Pericardite', 'medium', 1, 0, 'never', 'positive_first_degree', 'Patient cardiologie', 'active', 1766786874874, 1766786874874);
INSERT OR IGNORE INTO healthcare_patients (id, company_id, first_name, last_name, date_of_birth, gender, email, phone, address, city, medical_record_number, blood_type, allergies, notes, status, created_at, updated_at) VALUES ('hc-patient-cardio-01937', 'company-0001', 'Houda', 'Lahrichi', -521613335537, 'male', 'houda.lahrichi.cardio1936@email.com', '+212670876658', 'Adresse 1936', 'Casablanca', 'MRN-C001937', 'B+', 'Aucune', 'Patient cardiologie', 'active', 1766786874874, 1766786874874);
INSERT OR IGNORE INTO cardiology_patients (id, company_id, healthcare_patient_id, primary_diagnosis, secondary_diagnoses, risk_level, has_pacemaker, has_stent, smoking_status, family_history, notes, status, created_at, updated_at) VALUES ('cardio-patient-01937', 'company-0001', 'hc-patient-cardio-01937', 'Insuffisance cardiaque', 'Pericardite', 'critical', 0, 0, 'current', 'positive_first_degree', 'Patient cardiologie', 'active', 1766786874874, 1766786874874);
INSERT OR IGNORE INTO healthcare_patients (id, company_id, first_name, last_name, date_of_birth, gender, email, phone, address, city, medical_record_number, blood_type, allergies, notes, status, created_at, updated_at) VALUES ('hc-patient-cardio-01938', 'company-0001', 'Jamal', 'Sefrioui', 100282806519, 'female', 'jamal.sefrioui.cardio1937@email.com', '+212630686582', 'Adresse 1937', 'Tanger', 'MRN-C001938', 'O+', 'Aspirine', 'Patient cardiologie', 'active', 1766786874874, 1766786874874);
INSERT OR IGNORE INTO cardiology_patients (id, company_id, healthcare_patient_id, primary_diagnosis, secondary_diagnoses, risk_level, has_pacemaker, has_stent, smoking_status, family_history, notes, status, created_at, updated_at) VALUES ('cardio-patient-01938', 'company-0001', 'hc-patient-cardio-01938', 'Valvulopathie', 'Cardiopathie ischemique', 'medium', 0, 1, 'current', 'positive_second_degree', 'Patient cardiologie', 'active', 1766786874874, 1766786874874);
INSERT OR IGNORE INTO healthcare_patients (id, company_id, first_name, last_name, date_of_birth, gender, email, phone, address, city, medical_record_number, blood_type, allergies, notes, status, created_at, updated_at) VALUES ('hc-patient-cardio-01939', 'company-0001', 'Tarik', 'Benjelloun', 715550058200, 'male', 'tarik.benjelloun.cardio1938@email.com', '+212678875098', 'Adresse 1938', 'Agadir', 'MRN-C001939', 'B+', 'Penicilline', 'Patient cardiologie', 'active', 1766786874874, 1766786874874);
INSERT OR IGNORE INTO cardiology_patients (id, company_id, healthcare_patient_id, primary_diagnosis, secondary_diagnoses, risk_level, has_pacemaker, has_stent, smoking_status, family_history, notes, status, created_at, updated_at) VALUES ('cardio-patient-01939', 'company-0001', 'hc-patient-cardio-01939', 'Cardiopathie ischemique', 'Cardiomyopathie dilatee', 'low', 0, 1, 'former', 'positive_first_degree', 'Patient cardiologie', 'active', 1766786874874, 1766786874874);
INSERT OR IGNORE INTO healthcare_patients (id, company_id, first_name, last_name, date_of_birth, gender, email, phone, address, city, medical_record_number, blood_type, allergies, notes, status, created_at, updated_at) VALUES ('hc-patient-cardio-01940', 'company-0001', 'Youssef', 'Lahrichi', -621332545356, 'female', 'youssef.lahrichi.cardio1939@email.com', '+212636497160', 'Adresse 1939', 'Casablanca', 'MRN-C001940', 'B+', 'Aspirine', 'Patient cardiologie', 'active', 1766786874874, 1766786874874);
INSERT OR IGNORE INTO cardiology_patients (id, company_id, healthcare_patient_id, primary_diagnosis, secondary_diagnoses, risk_level, has_pacemaker, has_stent, smoking_status, family_history, notes, status, created_at, updated_at) VALUES ('cardio-patient-01940', 'company-0001', 'hc-patient-cardio-01940', 'Hypertension arterielle', 'Hypertension arterielle', 'medium', 1, 0, 'former', 'none', 'Patient cardiologie', 'active', 1766786874874, 1766786874874);
INSERT OR IGNORE INTO healthcare_patients (id, company_id, first_name, last_name, date_of_birth, gender, email, phone, address, city, medical_record_number, blood_type, allergies, notes, status, created_at, updated_at) VALUES ('hc-patient-cardio-01941', 'company-0001', 'Omar', 'Berrada', -445829468893, 'female', 'omar.berrada.cardio1940@email.com', '+212692771104', 'Adresse 1940', 'Fes', 'MRN-C001941', 'B-', 'Iode', 'Patient cardiologie', 'active', 1766786874874, 1766786874874);
INSERT OR IGNORE INTO cardiology_patients (id, company_id, healthcare_patient_id, primary_diagnosis, secondary_diagnoses, risk_level, has_pacemaker, has_stent, smoking_status, family_history, notes, status, created_at, updated_at) VALUES ('cardio-patient-01941', 'company-0001', 'hc-patient-cardio-01941', 'Pericardite', 'Endocardite', 'critical', 0, 0, 'former', 'positive_first_degree', 'Patient cardiologie', 'active', 1766786874874, 1766786874874);
INSERT OR IGNORE INTO healthcare_patients (id, company_id, first_name, last_name, date_of_birth, gender, email, phone, address, city, medical_record_number, blood_type, allergies, notes, status, created_at, updated_at) VALUES ('hc-patient-cardio-01942', 'company-0001', 'Omar', 'Chraibi', 56797581997, 'female', 'omar.chraibi.cardio1941@email.com', '+212661584272', 'Adresse 1941', 'Agadir', 'MRN-C001942', 'O-', 'Iode', 'Patient cardiologie', 'active', 1766786874874, 1766786874874);
INSERT OR IGNORE INTO cardiology_patients (id, company_id, healthcare_patient_id, primary_diagnosis, secondary_diagnoses, risk_level, has_pacemaker, has_stent, smoking_status, family_history, notes, status, created_at, updated_at) VALUES ('cardio-patient-01942', 'company-0001', 'hc-patient-cardio-01942', 'Arythmie ventriculaire', 'Endocardite', 'high', 0, 0, 'current', 'positive_second_degree', 'Patient cardiologie', 'active', 1766786874874, 1766786874874);
INSERT OR IGNORE INTO healthcare_patients (id, company_id, first_name, last_name, date_of_birth, gender, email, phone, address, city, medical_record_number, blood_type, allergies, notes, status, created_at, updated_at) VALUES ('hc-patient-cardio-01943', 'company-0001', 'Aziz', 'Jabri', -533010970270, 'female', 'aziz.jabri.cardio1942@email.com', '+212608001397', 'Adresse 1942', 'Rabat', 'MRN-C001943', 'B-', 'Iode', 'Patient cardiologie', 'active', 1766786874874, 1766786874874);
INSERT OR IGNORE INTO cardiology_patients (id, company_id, healthcare_patient_id, primary_diagnosis, secondary_diagnoses, risk_level, has_pacemaker, has_stent, smoking_status, family_history, notes, status, created_at, updated_at) VALUES ('cardio-patient-01943', 'company-0001', 'hc-patient-cardio-01943', 'Cardiomyopathie dilatee', 'Cardiomyopathie dilatee', 'medium', 0, 0, 'current', 'positive_second_degree', 'Patient cardiologie', 'active', 1766786874874, 1766786874874);
INSERT OR IGNORE INTO healthcare_patients (id, company_id, first_name, last_name, date_of_birth, gender, email, phone, address, city, medical_record_number, blood_type, allergies, notes, status, created_at, updated_at) VALUES ('hc-patient-cardio-01944', 'company-0001', 'Malika', 'Chraibi', 559142100641, 'female', 'malika.chraibi.cardio1943@email.com', '+212693545792', 'Adresse 1943', 'Agadir', 'MRN-C001944', 'A+', 'Latex', 'Patient cardiologie', 'active', 1766786874874, 1766786874874);
INSERT OR IGNORE INTO cardiology_patients (id, company_id, healthcare_patient_id, primary_diagnosis, secondary_diagnoses, risk_level, has_pacemaker, has_stent, smoking_status, family_history, notes, status, created_at, updated_at) VALUES ('cardio-patient-01944', 'company-0001', 'hc-patient-cardio-01944', 'Fibrillation auriculaire', 'Fibrillation auriculaire', 'low', 0, 0, 'never', 'none', 'Patient cardiologie', 'active', 1766786874874, 1766786874874);
INSERT OR IGNORE INTO healthcare_patients (id, company_id, first_name, last_name, date_of_birth, gender, email, phone, address, city, medical_record_number, blood_type, allergies, notes, status, created_at, updated_at) VALUES ('hc-patient-cardio-01945', 'company-0001', 'Karima', 'Jabri', -592479231969, 'female', 'karima.jabri.cardio1944@email.com', '+212653689242', 'Adresse 1944', 'Rabat', 'MRN-C001945', 'O-', 'Sulfamides', 'Patient cardiologie', 'active', 1766786874874, 1766786874874);
INSERT OR IGNORE INTO cardiology_patients (id, company_id, healthcare_patient_id, primary_diagnosis, secondary_diagnoses, risk_level, has_pacemaker, has_stent, smoking_status, family_history, notes, status, created_at, updated_at) VALUES ('cardio-patient-01945', 'company-0001', 'hc-patient-cardio-01945', 'Hypertension arterielle', 'Cardiopathie ischemique', 'high', 0, 0, 'current', 'positive_first_degree', 'Patient cardiologie', 'active', 1766786874874, 1766786874874);
INSERT OR IGNORE INTO healthcare_patients (id, company_id, first_name, last_name, date_of_birth, gender, email, phone, address, city, medical_record_number, blood_type, allergies, notes, status, created_at, updated_at) VALUES ('hc-patient-cardio-01946', 'company-0001', 'Reda', 'Lahrichi', -250081200815, 'female', 'reda.lahrichi.cardio1945@email.com', '+212662040695', 'Adresse 1945', 'Marrakech', 'MRN-C001946', 'O+', 'Sulfamides', 'Patient cardiologie', 'active', 1766786874874, 1766786874874);
INSERT OR IGNORE INTO cardiology_patients (id, company_id, healthcare_patient_id, primary_diagnosis, secondary_diagnoses, risk_level, has_pacemaker, has_stent, smoking_status, family_history, notes, status, created_at, updated_at) VALUES ('cardio-patient-01946', 'company-0001', 'hc-patient-cardio-01946', 'Cardiomyopathie dilatee', 'Cardiopathie ischemique', 'low', 1, 0, 'never', 'positive_first_degree', 'Patient cardiologie', 'active', 1766786874874, 1766786874874);
INSERT OR IGNORE INTO healthcare_patients (id, company_id, first_name, last_name, date_of_birth, gender, email, phone, address, city, medical_record_number, blood_type, allergies, notes, status, created_at, updated_at) VALUES ('hc-patient-cardio-01947', 'company-0001', 'Omar', 'Alaoui', 92068596093, 'female', 'omar.alaoui.cardio1946@email.com', '+212607452633', 'Adresse 1946', 'Tanger', 'MRN-C001947', 'B+', 'Sulfamides', 'Patient cardiologie', 'active', 1766786874874, 1766786874874);
INSERT OR IGNORE INTO cardiology_patients (id, company_id, healthcare_patient_id, primary_diagnosis, secondary_diagnoses, risk_level, has_pacemaker, has_stent, smoking_status, family_history, notes, status, created_at, updated_at) VALUES ('cardio-patient-01947', 'company-0001', 'hc-patient-cardio-01947', 'Insuffisance cardiaque', 'Endocardite', 'critical', 0, 0, 'never', 'positive_second_degree', 'Patient cardiologie', 'active', 1766786874874, 1766786874874);
INSERT OR IGNORE INTO healthcare_patients (id, company_id, first_name, last_name, date_of_birth, gender, email, phone, address, city, medical_record_number, blood_type, allergies, notes, status, created_at, updated_at) VALUES ('hc-patient-cardio-01948', 'company-0001', 'Farida', 'Lahlou', 180167748377, 'female', 'farida.lahlou.cardio1947@email.com', '+212680383982', 'Adresse 1947', 'Rabat', 'MRN-C001948', 'B+', 'Aucune', 'Patient cardiologie', 'active', 1766786874875, 1766786874875);
INSERT OR IGNORE INTO cardiology_patients (id, company_id, healthcare_patient_id, primary_diagnosis, secondary_diagnoses, risk_level, has_pacemaker, has_stent, smoking_status, family_history, notes, status, created_at, updated_at) VALUES ('cardio-patient-01948', 'company-0001', 'hc-patient-cardio-01948', 'Arythmie ventriculaire', 'Syndrome coronarien aigu', 'medium', 1, 0, 'never', 'none', 'Patient cardiologie', 'active', 1766786874875, 1766786874875);
INSERT OR IGNORE INTO healthcare_patients (id, company_id, first_name, last_name, date_of_birth, gender, email, phone, address, city, medical_record_number, blood_type, allergies, notes, status, created_at, updated_at) VALUES ('hc-patient-cardio-01949', 'company-0001', 'Nadia', 'Mansouri', 36896192545, 'female', 'nadia.mansouri.cardio1948@email.com', '+212670535718', 'Adresse 1948', 'Fes', 'MRN-C001949', 'A-', 'Penicilline', 'Patient cardiologie', 'active', 1766786874875, 1766786874875);
INSERT OR IGNORE INTO cardiology_patients (id, company_id, healthcare_patient_id, primary_diagnosis, secondary_diagnoses, risk_level, has_pacemaker, has_stent, smoking_status, family_history, notes, status, created_at, updated_at) VALUES ('cardio-patient-01949', 'company-0001', 'hc-patient-cardio-01949', 'Endocardite', 'Hypertension arterielle', 'low', 0, 0, 'current', 'positive_first_degree', 'Patient cardiologie', 'active', 1766786874875, 1766786874875);
INSERT OR IGNORE INTO healthcare_patients (id, company_id, first_name, last_name, date_of_birth, gender, email, phone, address, city, medical_record_number, blood_type, allergies, notes, status, created_at, updated_at) VALUES ('hc-patient-cardio-01950', 'company-0001', 'Farida', 'Lahrichi', 302236283077, 'male', 'farida.lahrichi.cardio1949@email.com', '+212698237484', 'Adresse 1949', 'Rabat', 'MRN-C001950', 'O-', 'Aspirine', 'Patient cardiologie', 'active', 1766786874875, 1766786874875);
INSERT OR IGNORE INTO cardiology_patients (id, company_id, healthcare_patient_id, primary_diagnosis, secondary_diagnoses, risk_level, has_pacemaker, has_stent, smoking_status, family_history, notes, status, created_at, updated_at) VALUES ('cardio-patient-01950', 'company-0001', 'hc-patient-cardio-01950', 'Arythmie ventriculaire', 'Hypertension arterielle', 'medium', 0, 1, 'former', 'none', 'Patient cardiologie', 'active', 1766786874875, 1766786874875);
INSERT OR IGNORE INTO healthcare_patients (id, company_id, first_name, last_name, date_of_birth, gender, email, phone, address, city, medical_record_number, blood_type, allergies, notes, status, created_at, updated_at) VALUES ('hc-patient-cardio-01951', 'company-0001', 'Ismail', 'Benjelloun', -265053490889, 'female', 'ismail.benjelloun.cardio1950@email.com', '+212636884594', 'Adresse 1950', 'Marrakech', 'MRN-C001951', 'O-', 'Sulfamides', 'Patient cardiologie', 'active', 1766786874875, 1766786874875);
INSERT OR IGNORE INTO cardiology_patients (id, company_id, healthcare_patient_id, primary_diagnosis, secondary_diagnoses, risk_level, has_pacemaker, has_stent, smoking_status, family_history, notes, status, created_at, updated_at) VALUES ('cardio-patient-01951', 'company-0001', 'hc-patient-cardio-01951', 'Fibrillation auriculaire', 'Hypertension arterielle', 'medium', 0, 1, 'never', 'none', 'Patient cardiologie', 'active', 1766786874875, 1766786874875);
INSERT OR IGNORE INTO healthcare_patients (id, company_id, first_name, last_name, date_of_birth, gender, email, phone, address, city, medical_record_number, blood_type, allergies, notes, status, created_at, updated_at) VALUES ('hc-patient-cardio-01952', 'company-0001', 'Rachid', 'Lahrichi', -905604714028, 'female', 'rachid.lahrichi.cardio1951@email.com', '+212693061533', 'Adresse 1951', 'Fes', 'MRN-C001952', 'A+', 'Aucune', 'Patient cardiologie', 'active', 1766786874875, 1766786874875);
INSERT OR IGNORE INTO cardiology_patients (id, company_id, healthcare_patient_id, primary_diagnosis, secondary_diagnoses, risk_level, has_pacemaker, has_stent, smoking_status, family_history, notes, status, created_at, updated_at) VALUES ('cardio-patient-01952', 'company-0001', 'hc-patient-cardio-01952', 'Fibrillation auriculaire', 'Hypertension arterielle', 'high', 0, 0, 'current', 'positive_first_degree', 'Patient cardiologie', 'active', 1766786874875, 1766786874875);
INSERT OR IGNORE INTO healthcare_patients (id, company_id, first_name, last_name, date_of_birth, gender, email, phone, address, city, medical_record_number, blood_type, allergies, notes, status, created_at, updated_at) VALUES ('hc-patient-cardio-01953', 'company-0001', 'Mehdi', 'Tazi', 528632433508, 'female', 'mehdi.tazi.cardio1952@email.com', '+212603578684', 'Adresse 1952', 'Marrakech', 'MRN-C001953', 'AB-', 'Sulfamides', 'Patient cardiologie', 'active', 1766786874875, 1766786874875);
INSERT OR IGNORE INTO cardiology_patients (id, company_id, healthcare_patient_id, primary_diagnosis, secondary_diagnoses, risk_level, has_pacemaker, has_stent, smoking_status, family_history, notes, status, created_at, updated_at) VALUES ('cardio-patient-01953', 'company-0001', 'hc-patient-cardio-01953', 'Endocardite', 'Insuffisance cardiaque', 'low', 0, 0, 'former', 'positive_first_degree', 'Patient cardiologie', 'active', 1766786874875, 1766786874875);
INSERT OR IGNORE INTO healthcare_patients (id, company_id, first_name, last_name, date_of_birth, gender, email, phone, address, city, medical_record_number, blood_type, allergies, notes, status, created_at, updated_at) VALUES ('hc-patient-cardio-01954', 'company-0001', 'Amine', 'Kettani', -932061693752, 'male', 'amine.kettani.cardio1953@email.com', '+212690643662', 'Adresse 1953', 'Rabat', 'MRN-C001954', 'B-', 'Aspirine', 'Patient cardiologie', 'active', 1766786874875, 1766786874875);
INSERT OR IGNORE INTO cardiology_patients (id, company_id, healthcare_patient_id, primary_diagnosis, secondary_diagnoses, risk_level, has_pacemaker, has_stent, smoking_status, family_history, notes, status, created_at, updated_at) VALUES ('cardio-patient-01954', 'company-0001', 'hc-patient-cardio-01954', 'Pericardite', 'Syndrome coronarien aigu', 'medium', 0, 0, 'current', 'positive_second_degree', 'Patient cardiologie', 'active', 1766786874875, 1766786874875);
INSERT OR IGNORE INTO healthcare_patients (id, company_id, first_name, last_name, date_of_birth, gender, email, phone, address, city, medical_record_number, blood_type, allergies, notes, status, created_at, updated_at) VALUES ('hc-patient-cardio-01955', 'company-0001', 'Omar', 'Chraibi', 8841235449, 'female', 'omar.chraibi.cardio1954@email.com', '+212692986695', 'Adresse 1954', 'Rabat', 'MRN-C001955', 'B-', 'Aucune', 'Patient cardiologie', 'active', 1766786874875, 1766786874875);
INSERT OR IGNORE INTO cardiology_patients (id, company_id, healthcare_patient_id, primary_diagnosis, secondary_diagnoses, risk_level, has_pacemaker, has_stent, smoking_status, family_history, notes, status, created_at, updated_at) VALUES ('cardio-patient-01955', 'company-0001', 'hc-patient-cardio-01955', 'Cardiomyopathie dilatee', 'Arythmie ventriculaire', 'high', 0, 0, 'former', 'positive_second_degree', 'Patient cardiologie', 'active', 1766786874875, 1766786874875);
INSERT OR IGNORE INTO healthcare_patients (id, company_id, first_name, last_name, date_of_birth, gender, email, phone, address, city, medical_record_number, blood_type, allergies, notes, status, created_at, updated_at) VALUES ('hc-patient-cardio-01956', 'company-0001', 'Omar', 'Amrani', -192785992250, 'male', 'omar.amrani.cardio1955@email.com', '+212657040718', 'Adresse 1955', 'Casablanca', 'MRN-C001956', 'B+', 'Penicilline', 'Patient cardiologie', 'active', 1766786874875, 1766786874875);
INSERT OR IGNORE INTO cardiology_patients (id, company_id, healthcare_patient_id, primary_diagnosis, secondary_diagnoses, risk_level, has_pacemaker, has_stent, smoking_status, family_history, notes, status, created_at, updated_at) VALUES ('cardio-patient-01956', 'company-0001', 'hc-patient-cardio-01956', 'Insuffisance cardiaque', 'Pericardite', 'critical', 0, 0, 'former', 'none', 'Patient cardiologie', 'active', 1766786874875, 1766786874875);
INSERT OR IGNORE INTO healthcare_patients (id, company_id, first_name, last_name, date_of_birth, gender, email, phone, address, city, medical_record_number, blood_type, allergies, notes, status, created_at, updated_at) VALUES ('hc-patient-cardio-01957', 'company-0001', 'Jamila', 'Filali', 610597885875, 'male', 'jamila.filali.cardio1956@email.com', '+212600756275', 'Adresse 1956', 'Rabat', 'MRN-C001957', 'AB+', 'Sulfamides', 'Patient cardiologie', 'active', 1766786874875, 1766786874875);
INSERT OR IGNORE INTO cardiology_patients (id, company_id, healthcare_patient_id, primary_diagnosis, secondary_diagnoses, risk_level, has_pacemaker, has_stent, smoking_status, family_history, notes, status, created_at, updated_at) VALUES ('cardio-patient-01957', 'company-0001', 'hc-patient-cardio-01957', 'Insuffisance cardiaque', 'Endocardite', 'low', 0, 1, 'current', 'none', 'Patient cardiologie', 'active', 1766786874875, 1766786874875);
INSERT OR IGNORE INTO healthcare_patients (id, company_id, first_name, last_name, date_of_birth, gender, email, phone, address, city, medical_record_number, blood_type, allergies, notes, status, created_at, updated_at) VALUES ('hc-patient-cardio-01958', 'company-0001', 'Sanaa', 'Tahiri', 421945596061, 'female', 'sanaa.tahiri.cardio1957@email.com', '+212602069087', 'Adresse 1957', 'Rabat', 'MRN-C001958', 'AB-', 'Sulfamides', 'Patient cardiologie', 'active', 1766786874875, 1766786874875);
INSERT OR IGNORE INTO cardiology_patients (id, company_id, healthcare_patient_id, primary_diagnosis, secondary_diagnoses, risk_level, has_pacemaker, has_stent, smoking_status, family_history, notes, status, created_at, updated_at) VALUES ('cardio-patient-01958', 'company-0001', 'hc-patient-cardio-01958', 'Fibrillation auriculaire', 'Syndrome coronarien aigu', 'critical', 0, 0, 'never', 'none', 'Patient cardiologie', 'active', 1766786874875, 1766786874875);
INSERT OR IGNORE INTO healthcare_patients (id, company_id, first_name, last_name, date_of_birth, gender, email, phone, address, city, medical_record_number, blood_type, allergies, notes, status, created_at, updated_at) VALUES ('hc-patient-cardio-01959', 'company-0001', 'Aziz', 'Bennani', -67721408689, 'female', 'aziz.bennani.cardio1958@email.com', '+212695908671', 'Adresse 1958', 'Fes', 'MRN-C001959', 'B-', 'Aspirine', 'Patient cardiologie', 'active', 1766786874875, 1766786874875);
INSERT OR IGNORE INTO cardiology_patients (id, company_id, healthcare_patient_id, primary_diagnosis, secondary_diagnoses, risk_level, has_pacemaker, has_stent, smoking_status, family_history, notes, status, created_at, updated_at) VALUES ('cardio-patient-01959', 'company-0001', 'hc-patient-cardio-01959', 'Pericardite', 'Hypertension arterielle', 'critical', 1, 0, 'current', 'none', 'Patient cardiologie', 'active', 1766786874875, 1766786874875);
INSERT OR IGNORE INTO healthcare_patients (id, company_id, first_name, last_name, date_of_birth, gender, email, phone, address, city, medical_record_number, blood_type, allergies, notes, status, created_at, updated_at) VALUES ('hc-patient-cardio-01960', 'company-0001', 'Ahmed', 'Sqalli', 85181551736, 'female', 'ahmed.sqalli.cardio1959@email.com', '+212670699955', 'Adresse 1959', 'Agadir', 'MRN-C001960', 'A+', 'Latex', 'Patient cardiologie', 'active', 1766786874875, 1766786874875);
INSERT OR IGNORE INTO cardiology_patients (id, company_id, healthcare_patient_id, primary_diagnosis, secondary_diagnoses, risk_level, has_pacemaker, has_stent, smoking_status, family_history, notes, status, created_at, updated_at) VALUES ('cardio-patient-01960', 'company-0001', 'hc-patient-cardio-01960', 'Hypertension arterielle', 'Hypertension arterielle', 'medium', 0, 0, 'former', 'positive_first_degree', 'Patient cardiologie', 'active', 1766786874875, 1766786874875);
INSERT OR IGNORE INTO healthcare_patients (id, company_id, first_name, last_name, date_of_birth, gender, email, phone, address, city, medical_record_number, blood_type, allergies, notes, status, created_at, updated_at) VALUES ('hc-patient-cardio-01961', 'company-0001', 'Farida', 'Jabri', 291853054913, 'female', 'farida.jabri.cardio1960@email.com', '+212673788028', 'Adresse 1960', 'Tanger', 'MRN-C001961', 'AB-', 'Aspirine', 'Patient cardiologie', 'active', 1766786874875, 1766786874875);
INSERT OR IGNORE INTO cardiology_patients (id, company_id, healthcare_patient_id, primary_diagnosis, secondary_diagnoses, risk_level, has_pacemaker, has_stent, smoking_status, family_history, notes, status, created_at, updated_at) VALUES ('cardio-patient-01961', 'company-0001', 'hc-patient-cardio-01961', 'Insuffisance cardiaque', 'Arythmie ventriculaire', 'low', 0, 0, 'current', 'positive_second_degree', 'Patient cardiologie', 'active', 1766786874875, 1766786874875);
INSERT OR IGNORE INTO healthcare_patients (id, company_id, first_name, last_name, date_of_birth, gender, email, phone, address, city, medical_record_number, blood_type, allergies, notes, status, created_at, updated_at) VALUES ('hc-patient-cardio-01962', 'company-0001', 'Wafa', 'Tazi', -56267466994, 'female', 'wafa.tazi.cardio1961@email.com', '+212607139377', 'Adresse 1961', 'Rabat', 'MRN-C001962', 'AB-', 'Aspirine', 'Patient cardiologie', 'active', 1766786874875, 1766786874875);
INSERT OR IGNORE INTO cardiology_patients (id, company_id, healthcare_patient_id, primary_diagnosis, secondary_diagnoses, risk_level, has_pacemaker, has_stent, smoking_status, family_history, notes, status, created_at, updated_at) VALUES ('cardio-patient-01962', 'company-0001', 'hc-patient-cardio-01962', 'Cardiomyopathie dilatee', 'Syndrome coronarien aigu', 'critical', 0, 0, 'never', 'none', 'Patient cardiologie', 'active', 1766786874875, 1766786874875);
INSERT OR IGNORE INTO healthcare_patients (id, company_id, first_name, last_name, date_of_birth, gender, email, phone, address, city, medical_record_number, blood_type, allergies, notes, status, created_at, updated_at) VALUES ('hc-patient-cardio-01963', 'company-0001', 'Sanaa', 'Ouazzani', -230897787909, 'female', 'sanaa.ouazzani.cardio1962@email.com', '+212671076723', 'Adresse 1962', 'Rabat', 'MRN-C001963', 'AB-', 'Latex', 'Patient cardiologie', 'active', 1766786874875, 1766786874875);
INSERT OR IGNORE INTO cardiology_patients (id, company_id, healthcare_patient_id, primary_diagnosis, secondary_diagnoses, risk_level, has_pacemaker, has_stent, smoking_status, family_history, notes, status, created_at, updated_at) VALUES ('cardio-patient-01963', 'company-0001', 'hc-patient-cardio-01963', 'Cardiopathie ischemique', 'Pericardite', 'critical', 0, 0, 'current', 'none', 'Patient cardiologie', 'active', 1766786874875, 1766786874875);
INSERT OR IGNORE INTO healthcare_patients (id, company_id, first_name, last_name, date_of_birth, gender, email, phone, address, city, medical_record_number, blood_type, allergies, notes, status, created_at, updated_at) VALUES ('hc-patient-cardio-01964', 'company-0001', 'Houda', 'Kettani', -608275097936, 'male', 'houda.kettani.cardio1963@email.com', '+212609730826', 'Adresse 1963', 'Fes', 'MRN-C001964', 'A+', 'Sulfamides', 'Patient cardiologie', 'active', 1766786874875, 1766786874875);
INSERT OR IGNORE INTO cardiology_patients (id, company_id, healthcare_patient_id, primary_diagnosis, secondary_diagnoses, risk_level, has_pacemaker, has_stent, smoking_status, family_history, notes, status, created_at, updated_at) VALUES ('cardio-patient-01964', 'company-0001', 'hc-patient-cardio-01964', 'Cardiomyopathie dilatee', 'Insuffisance cardiaque', 'high', 0, 0, 'current', 'none', 'Patient cardiologie', 'active', 1766786874875, 1766786874875);
INSERT OR IGNORE INTO healthcare_patients (id, company_id, first_name, last_name, date_of_birth, gender, email, phone, address, city, medical_record_number, blood_type, allergies, notes, status, created_at, updated_at) VALUES ('hc-patient-cardio-01965', 'company-0001', 'Ahmed', 'Mansouri', 552074241931, 'male', 'ahmed.mansouri.cardio1964@email.com', '+212637920200', 'Adresse 1964', 'Tanger', 'MRN-C001965', 'A-', 'Sulfamides', 'Patient cardiologie', 'active', 1766786874875, 1766786874875);
INSERT OR IGNORE INTO cardiology_patients (id, company_id, healthcare_patient_id, primary_diagnosis, secondary_diagnoses, risk_level, has_pacemaker, has_stent, smoking_status, family_history, notes, status, created_at, updated_at) VALUES ('cardio-patient-01965', 'company-0001', 'hc-patient-cardio-01965', 'Syndrome coronarien aigu', 'Hypertension arterielle', 'medium', 0, 0, 'former', 'positive_first_degree', 'Patient cardiologie', 'active', 1766786874875, 1766786874875);
INSERT OR IGNORE INTO healthcare_patients (id, company_id, first_name, last_name, date_of_birth, gender, email, phone, address, city, medical_record_number, blood_type, allergies, notes, status, created_at, updated_at) VALUES ('hc-patient-cardio-01966', 'company-0001', 'Adil', 'Jabri', -112510310732, 'male', 'adil.jabri.cardio1965@email.com', '+212684662560', 'Adresse 1965', 'Fes', 'MRN-C001966', 'O-', 'Aspirine', 'Patient cardiologie', 'active', 1766786874875, 1766786874875);
INSERT OR IGNORE INTO cardiology_patients (id, company_id, healthcare_patient_id, primary_diagnosis, secondary_diagnoses, risk_level, has_pacemaker, has_stent, smoking_status, family_history, notes, status, created_at, updated_at) VALUES ('cardio-patient-01966', 'company-0001', 'hc-patient-cardio-01966', 'Cardiopathie ischemique', 'Cardiomyopathie dilatee', 'high', 0, 0, 'current', 'none', 'Patient cardiologie', 'active', 1766786874875, 1766786874875);
INSERT OR IGNORE INTO healthcare_patients (id, company_id, first_name, last_name, date_of_birth, gender, email, phone, address, city, medical_record_number, blood_type, allergies, notes, status, created_at, updated_at) VALUES ('hc-patient-cardio-01967', 'company-0001', 'Driss', 'Kettani', 366476691819, 'female', 'driss.kettani.cardio1966@email.com', '+212603650877', 'Adresse 1966', 'Tanger', 'MRN-C001967', 'O+', 'Aspirine', 'Patient cardiologie', 'active', 1766786874875, 1766786874875);
INSERT OR IGNORE INTO cardiology_patients (id, company_id, healthcare_patient_id, primary_diagnosis, secondary_diagnoses, risk_level, has_pacemaker, has_stent, smoking_status, family_history, notes, status, created_at, updated_at) VALUES ('cardio-patient-01967', 'company-0001', 'hc-patient-cardio-01967', 'Syndrome coronarien aigu', 'Arythmie ventriculaire', 'high', 0, 0, 'never', 'none', 'Patient cardiologie', 'active', 1766786874875, 1766786874875);
INSERT OR IGNORE INTO healthcare_patients (id, company_id, first_name, last_name, date_of_birth, gender, email, phone, address, city, medical_record_number, blood_type, allergies, notes, status, created_at, updated_at) VALUES ('hc-patient-cardio-01968', 'company-0001', 'Farida', 'Guerraoui', 85583962780, 'female', 'farida.guerraoui.cardio1967@email.com', '+212650423826', 'Adresse 1967', 'Rabat', 'MRN-C001968', 'O+', 'Sulfamides', 'Patient cardiologie', 'active', 1766786874875, 1766786874875);
INSERT OR IGNORE INTO cardiology_patients (id, company_id, healthcare_patient_id, primary_diagnosis, secondary_diagnoses, risk_level, has_pacemaker, has_stent, smoking_status, family_history, notes, status, created_at, updated_at) VALUES ('cardio-patient-01968', 'company-0001', 'hc-patient-cardio-01968', 'Hypertension arterielle', 'Endocardite', 'low', 0, 1, 'current', 'positive_second_degree', 'Patient cardiologie', 'active', 1766786874875, 1766786874875);
INSERT OR IGNORE INTO healthcare_patients (id, company_id, first_name, last_name, date_of_birth, gender, email, phone, address, city, medical_record_number, blood_type, allergies, notes, status, created_at, updated_at) VALUES ('hc-patient-cardio-01969', 'company-0001', 'Ismail', 'Idrissi', 451647126952, 'male', 'ismail.idrissi.cardio1968@email.com', '+212699146119', 'Adresse 1968', 'Marrakech', 'MRN-C001969', 'A+', 'Sulfamides', 'Patient cardiologie', 'active', 1766786874875, 1766786874875);
INSERT OR IGNORE INTO cardiology_patients (id, company_id, healthcare_patient_id, primary_diagnosis, secondary_diagnoses, risk_level, has_pacemaker, has_stent, smoking_status, family_history, notes, status, created_at, updated_at) VALUES ('cardio-patient-01969', 'company-0001', 'hc-patient-cardio-01969', 'Hypertension arterielle', 'Insuffisance cardiaque', 'medium', 0, 0, 'former', 'positive_second_degree', 'Patient cardiologie', 'active', 1766786874875, 1766786874875);
INSERT OR IGNORE INTO healthcare_patients (id, company_id, first_name, last_name, date_of_birth, gender, email, phone, address, city, medical_record_number, blood_type, allergies, notes, status, created_at, updated_at) VALUES ('hc-patient-cardio-01970', 'company-0001', 'Houda', 'Filali', 895667893857, 'male', 'houda.filali.cardio1969@email.com', '+212692119248', 'Adresse 1969', 'Agadir', 'MRN-C001970', 'O-', 'Aucune', 'Patient cardiologie', 'active', 1766786874875, 1766786874875);
INSERT OR IGNORE INTO cardiology_patients (id, company_id, healthcare_patient_id, primary_diagnosis, secondary_diagnoses, risk_level, has_pacemaker, has_stent, smoking_status, family_history, notes, status, created_at, updated_at) VALUES ('cardio-patient-01970', 'company-0001', 'hc-patient-cardio-01970', 'Pericardite', 'Pericardite', 'high', 1, 0, 'former', 'none', 'Patient cardiologie', 'active', 1766786874875, 1766786874875);
INSERT OR IGNORE INTO healthcare_patients (id, company_id, first_name, last_name, date_of_birth, gender, email, phone, address, city, medical_record_number, blood_type, allergies, notes, status, created_at, updated_at) VALUES ('hc-patient-cardio-01971', 'company-0001', 'Wafa', 'Tahiri', 33376716878, 'female', 'wafa.tahiri.cardio1970@email.com', '+212605226398', 'Adresse 1970', 'Tanger', 'MRN-C001971', 'B+', 'Aucune', 'Patient cardiologie', 'active', 1766786874875, 1766786874875);
INSERT OR IGNORE INTO cardiology_patients (id, company_id, healthcare_patient_id, primary_diagnosis, secondary_diagnoses, risk_level, has_pacemaker, has_stent, smoking_status, family_history, notes, status, created_at, updated_at) VALUES ('cardio-patient-01971', 'company-0001', 'hc-patient-cardio-01971', 'Fibrillation auriculaire', 'Cardiomyopathie dilatee', 'high', 0, 1, 'former', 'positive_first_degree', 'Patient cardiologie', 'active', 1766786874875, 1766786874875);
INSERT OR IGNORE INTO healthcare_patients (id, company_id, first_name, last_name, date_of_birth, gender, email, phone, address, city, medical_record_number, blood_type, allergies, notes, status, created_at, updated_at) VALUES ('hc-patient-cardio-01972', 'company-0001', 'Naima', 'Bennani', -573828564114, 'male', 'naima.bennani.cardio1971@email.com', '+212694766059', 'Adresse 1971', 'Agadir', 'MRN-C001972', 'O-', 'Penicilline', 'Patient cardiologie', 'active', 1766786874875, 1766786874875);
INSERT OR IGNORE INTO cardiology_patients (id, company_id, healthcare_patient_id, primary_diagnosis, secondary_diagnoses, risk_level, has_pacemaker, has_stent, smoking_status, family_history, notes, status, created_at, updated_at) VALUES ('cardio-patient-01972', 'company-0001', 'hc-patient-cardio-01972', 'Insuffisance cardiaque', 'Hypertension arterielle', 'high', 0, 0, 'former', 'none', 'Patient cardiologie', 'active', 1766786874875, 1766786874875);
INSERT OR IGNORE INTO healthcare_patients (id, company_id, first_name, last_name, date_of_birth, gender, email, phone, address, city, medical_record_number, blood_type, allergies, notes, status, created_at, updated_at) VALUES ('hc-patient-cardio-01973', 'company-0001', 'Ahmed', 'Benjelloun', 922690265977, 'female', 'ahmed.benjelloun.cardio1972@email.com', '+212651479556', 'Adresse 1972', 'Agadir', 'MRN-C001973', 'AB-', 'Sulfamides', 'Patient cardiologie', 'active', 1766786874875, 1766786874875);
INSERT OR IGNORE INTO cardiology_patients (id, company_id, healthcare_patient_id, primary_diagnosis, secondary_diagnoses, risk_level, has_pacemaker, has_stent, smoking_status, family_history, notes, status, created_at, updated_at) VALUES ('cardio-patient-01973', 'company-0001', 'hc-patient-cardio-01973', 'Endocardite', 'Syndrome coronarien aigu', 'critical', 1, 1, 'current', 'positive_first_degree', 'Patient cardiologie', 'active', 1766786874875, 1766786874875);
INSERT OR IGNORE INTO healthcare_patients (id, company_id, first_name, last_name, date_of_birth, gender, email, phone, address, city, medical_record_number, blood_type, allergies, notes, status, created_at, updated_at) VALUES ('hc-patient-cardio-01974', 'company-0001', 'Younes', 'Benkirane', -208107154312, 'male', 'younes.benkirane.cardio1973@email.com', '+212698111651', 'Adresse 1973', 'Rabat', 'MRN-C001974', 'O+', 'Penicilline', 'Patient cardiologie', 'active', 1766786874875, 1766786874875);
INSERT OR IGNORE INTO cardiology_patients (id, company_id, healthcare_patient_id, primary_diagnosis, secondary_diagnoses, risk_level, has_pacemaker, has_stent, smoking_status, family_history, notes, status, created_at, updated_at) VALUES ('cardio-patient-01974', 'company-0001', 'hc-patient-cardio-01974', 'Arythmie ventriculaire', 'Arythmie ventriculaire', 'critical', 0, 0, 'former', 'none', 'Patient cardiologie', 'active', 1766786874875, 1766786874875);
INSERT OR IGNORE INTO healthcare_patients (id, company_id, first_name, last_name, date_of_birth, gender, email, phone, address, city, medical_record_number, blood_type, allergies, notes, status, created_at, updated_at) VALUES ('hc-patient-cardio-01975', 'company-0001', 'Hafsa', 'Mansouri', -490210005961, 'female', 'hafsa.mansouri.cardio1974@email.com', '+212652037268', 'Adresse 1974', 'Casablanca', 'MRN-C001975', 'B+', 'Sulfamides', 'Patient cardiologie', 'active', 1766786874875, 1766786874875);
INSERT OR IGNORE INTO cardiology_patients (id, company_id, healthcare_patient_id, primary_diagnosis, secondary_diagnoses, risk_level, has_pacemaker, has_stent, smoking_status, family_history, notes, status, created_at, updated_at) VALUES ('cardio-patient-01975', 'company-0001', 'hc-patient-cardio-01975', 'Pericardite', 'Insuffisance cardiaque', 'high', 0, 1, 'never', 'none', 'Patient cardiologie', 'active', 1766786874875, 1766786874875);
INSERT OR IGNORE INTO healthcare_patients (id, company_id, first_name, last_name, date_of_birth, gender, email, phone, address, city, medical_record_number, blood_type, allergies, notes, status, created_at, updated_at) VALUES ('hc-patient-cardio-01976', 'company-0001', 'Nabil', 'Tazi', -163133708416, 'female', 'nabil.tazi.cardio1975@email.com', '+212684643469', 'Adresse 1975', 'Casablanca', 'MRN-C001976', 'O-', 'Iode', 'Patient cardiologie', 'active', 1766786874875, 1766786874875);
INSERT OR IGNORE INTO cardiology_patients (id, company_id, healthcare_patient_id, primary_diagnosis, secondary_diagnoses, risk_level, has_pacemaker, has_stent, smoking_status, family_history, notes, status, created_at, updated_at) VALUES ('cardio-patient-01976', 'company-0001', 'hc-patient-cardio-01976', 'Insuffisance cardiaque', 'Insuffisance cardiaque', 'low', 0, 0, 'never', 'none', 'Patient cardiologie', 'active', 1766786874875, 1766786874875);
INSERT OR IGNORE INTO healthcare_patients (id, company_id, first_name, last_name, date_of_birth, gender, email, phone, address, city, medical_record_number, blood_type, allergies, notes, status, created_at, updated_at) VALUES ('hc-patient-cardio-01977', 'company-0001', 'Hamid', 'Kettani', -288797470805, 'male', 'hamid.kettani.cardio1976@email.com', '+212643149155', 'Adresse 1976', 'Fes', 'MRN-C001977', 'AB-', 'Aucune', 'Patient cardiologie', 'active', 1766786874875, 1766786874875);
INSERT OR IGNORE INTO cardiology_patients (id, company_id, healthcare_patient_id, primary_diagnosis, secondary_diagnoses, risk_level, has_pacemaker, has_stent, smoking_status, family_history, notes, status, created_at, updated_at) VALUES ('cardio-patient-01977', 'company-0001', 'hc-patient-cardio-01977', 'Syndrome coronarien aigu', 'Syndrome coronarien aigu', 'low', 0, 0, 'former', 'none', 'Patient cardiologie', 'active', 1766786874875, 1766786874875);
INSERT OR IGNORE INTO healthcare_patients (id, company_id, first_name, last_name, date_of_birth, gender, email, phone, address, city, medical_record_number, blood_type, allergies, notes, status, created_at, updated_at) VALUES ('hc-patient-cardio-01978', 'company-0001', 'Siham', 'Berrada', 220651608680, 'female', 'siham.berrada.cardio1977@email.com', '+212656521129', 'Adresse 1977', 'Agadir', 'MRN-C001978', 'A+', 'Iode', 'Patient cardiologie', 'active', 1766786874875, 1766786874875);
INSERT OR IGNORE INTO cardiology_patients (id, company_id, healthcare_patient_id, primary_diagnosis, secondary_diagnoses, risk_level, has_pacemaker, has_stent, smoking_status, family_history, notes, status, created_at, updated_at) VALUES ('cardio-patient-01978', 'company-0001', 'hc-patient-cardio-01978', 'Arythmie ventriculaire', 'Valvulopathie', 'high', 1, 0, 'current', 'positive_first_degree', 'Patient cardiologie', 'active', 1766786874875, 1766786874875);
INSERT OR IGNORE INTO healthcare_patients (id, company_id, first_name, last_name, date_of_birth, gender, email, phone, address, city, medical_record_number, blood_type, allergies, notes, status, created_at, updated_at) VALUES ('hc-patient-cardio-01979', 'company-0001', 'Nabil', 'Mekouar', 812459650474, 'male', 'nabil.mekouar.cardio1978@email.com', '+212687341745', 'Adresse 1978', 'Marrakech', 'MRN-C001979', 'O-', 'Aucune', 'Patient cardiologie', 'active', 1766786874875, 1766786874875);
INSERT OR IGNORE INTO cardiology_patients (id, company_id, healthcare_patient_id, primary_diagnosis, secondary_diagnoses, risk_level, has_pacemaker, has_stent, smoking_status, family_history, notes, status, created_at, updated_at) VALUES ('cardio-patient-01979', 'company-0001', 'hc-patient-cardio-01979', 'Cardiomyopathie dilatee', 'Endocardite', 'medium', 0, 0, 'never', 'none', 'Patient cardiologie', 'active', 1766786874875, 1766786874875);
INSERT OR IGNORE INTO healthcare_patients (id, company_id, first_name, last_name, date_of_birth, gender, email, phone, address, city, medical_record_number, blood_type, allergies, notes, status, created_at, updated_at) VALUES ('hc-patient-cardio-01980', 'company-0001', 'Youssef', 'Amrani', 51487758883, 'female', 'youssef.amrani.cardio1979@email.com', '+212680523921', 'Adresse 1979', 'Agadir', 'MRN-C001980', 'B+', 'Latex', 'Patient cardiologie', 'active', 1766786874875, 1766786874875);
INSERT OR IGNORE INTO cardiology_patients (id, company_id, healthcare_patient_id, primary_diagnosis, secondary_diagnoses, risk_level, has_pacemaker, has_stent, smoking_status, family_history, notes, status, created_at, updated_at) VALUES ('cardio-patient-01980', 'company-0001', 'hc-patient-cardio-01980', 'Cardiomyopathie dilatee', 'Syndrome coronarien aigu', 'critical', 0, 1, 'never', 'positive_first_degree', 'Patient cardiologie', 'active', 1766786874875, 1766786874875);
INSERT OR IGNORE INTO healthcare_patients (id, company_id, first_name, last_name, date_of_birth, gender, email, phone, address, city, medical_record_number, blood_type, allergies, notes, status, created_at, updated_at) VALUES ('hc-patient-cardio-01981', 'company-0001', 'Salma', 'Berrada', 92183699911, 'female', 'salma.berrada.cardio1980@email.com', '+212622645158', 'Adresse 1980', 'Marrakech', 'MRN-C001981', 'AB+', 'Aucune', 'Patient cardiologie', 'active', 1766786874875, 1766786874875);
INSERT OR IGNORE INTO cardiology_patients (id, company_id, healthcare_patient_id, primary_diagnosis, secondary_diagnoses, risk_level, has_pacemaker, has_stent, smoking_status, family_history, notes, status, created_at, updated_at) VALUES ('cardio-patient-01981', 'company-0001', 'hc-patient-cardio-01981', 'Pericardite', 'Valvulopathie', 'low', 0, 0, 'former', 'none', 'Patient cardiologie', 'active', 1766786874875, 1766786874875);
INSERT OR IGNORE INTO healthcare_patients (id, company_id, first_name, last_name, date_of_birth, gender, email, phone, address, city, medical_record_number, blood_type, allergies, notes, status, created_at, updated_at) VALUES ('hc-patient-cardio-01982', 'company-0001', 'Khadija', 'Doukkali', 238154102230, 'female', 'khadija.doukkali.cardio1981@email.com', '+212629117077', 'Adresse 1981', 'Marrakech', 'MRN-C001982', 'O+', 'Latex', 'Patient cardiologie', 'active', 1766786874875, 1766786874875);
INSERT OR IGNORE INTO cardiology_patients (id, company_id, healthcare_patient_id, primary_diagnosis, secondary_diagnoses, risk_level, has_pacemaker, has_stent, smoking_status, family_history, notes, status, created_at, updated_at) VALUES ('cardio-patient-01982', 'company-0001', 'hc-patient-cardio-01982', 'Valvulopathie', 'Hypertension arterielle', 'medium', 0, 0, 'never', 'positive_first_degree', 'Patient cardiologie', 'active', 1766786874875, 1766786874875);
INSERT OR IGNORE INTO healthcare_patients (id, company_id, first_name, last_name, date_of_birth, gender, email, phone, address, city, medical_record_number, blood_type, allergies, notes, status, created_at, updated_at) VALUES ('hc-patient-cardio-01983', 'company-0001', 'Hicham', 'Cherkaoui', 472630459683, 'female', 'hicham.cherkaoui.cardio1982@email.com', '+212662937216', 'Adresse 1982', 'Marrakech', 'MRN-C001983', 'O+', 'Aucune', 'Patient cardiologie', 'active', 1766786874875, 1766786874875);
INSERT OR IGNORE INTO cardiology_patients (id, company_id, healthcare_patient_id, primary_diagnosis, secondary_diagnoses, risk_level, has_pacemaker, has_stent, smoking_status, family_history, notes, status, created_at, updated_at) VALUES ('cardio-patient-01983', 'company-0001', 'hc-patient-cardio-01983', 'Fibrillation auriculaire', 'Hypertension arterielle', 'high', 0, 0, 'never', 'positive_second_degree', 'Patient cardiologie', 'active', 1766786874875, 1766786874875);
INSERT OR IGNORE INTO healthcare_patients (id, company_id, first_name, last_name, date_of_birth, gender, email, phone, address, city, medical_record_number, blood_type, allergies, notes, status, created_at, updated_at) VALUES ('hc-patient-cardio-01984', 'company-0001', 'Hanane', 'Idrissi', -854792939119, 'female', 'hanane.idrissi.cardio1983@email.com', '+212650384558', 'Adresse 1983', 'Fes', 'MRN-C001984', 'O+', 'Sulfamides', 'Patient cardiologie', 'active', 1766786874875, 1766786874875);
INSERT OR IGNORE INTO cardiology_patients (id, company_id, healthcare_patient_id, primary_diagnosis, secondary_diagnoses, risk_level, has_pacemaker, has_stent, smoking_status, family_history, notes, status, created_at, updated_at) VALUES ('cardio-patient-01984', 'company-0001', 'hc-patient-cardio-01984', 'Valvulopathie', 'Cardiomyopathie dilatee', 'medium', 0, 0, 'former', 'none', 'Patient cardiologie', 'active', 1766786874875, 1766786874875);
INSERT OR IGNORE INTO healthcare_patients (id, company_id, first_name, last_name, date_of_birth, gender, email, phone, address, city, medical_record_number, blood_type, allergies, notes, status, created_at, updated_at) VALUES ('hc-patient-cardio-01985', 'company-0001', 'Salma', 'Benjelloun', -788370055191, 'female', 'salma.benjelloun.cardio1984@email.com', '+212607153469', 'Adresse 1984', 'Marrakech', 'MRN-C001985', 'A+', 'Aspirine', 'Patient cardiologie', 'active', 1766786874875, 1766786874875);
INSERT OR IGNORE INTO cardiology_patients (id, company_id, healthcare_patient_id, primary_diagnosis, secondary_diagnoses, risk_level, has_pacemaker, has_stent, smoking_status, family_history, notes, status, created_at, updated_at) VALUES ('cardio-patient-01985', 'company-0001', 'hc-patient-cardio-01985', 'Hypertension arterielle', 'Fibrillation auriculaire', 'medium', 0, 1, 'current', 'positive_first_degree', 'Patient cardiologie', 'active', 1766786874875, 1766786874875);
INSERT OR IGNORE INTO healthcare_patients (id, company_id, first_name, last_name, date_of_birth, gender, email, phone, address, city, medical_record_number, blood_type, allergies, notes, status, created_at, updated_at) VALUES ('hc-patient-cardio-01986', 'company-0001', 'Nadia', 'Kadiri', -899974440137, 'male', 'nadia.kadiri.cardio1985@email.com', '+212602324789', 'Adresse 1985', 'Fes', 'MRN-C001986', 'B+', 'Aspirine', 'Patient cardiologie', 'active', 1766786874875, 1766786874875);
INSERT OR IGNORE INTO cardiology_patients (id, company_id, healthcare_patient_id, primary_diagnosis, secondary_diagnoses, risk_level, has_pacemaker, has_stent, smoking_status, family_history, notes, status, created_at, updated_at) VALUES ('cardio-patient-01986', 'company-0001', 'hc-patient-cardio-01986', 'Arythmie ventriculaire', 'Pericardite', 'high', 0, 0, 'never', 'positive_first_degree', 'Patient cardiologie', 'active', 1766786874875, 1766786874875);
INSERT OR IGNORE INTO healthcare_patients (id, company_id, first_name, last_name, date_of_birth, gender, email, phone, address, city, medical_record_number, blood_type, allergies, notes, status, created_at, updated_at) VALUES ('hc-patient-cardio-01987', 'company-0001', 'Hicham', 'Doukkali', 256743578065, 'male', 'hicham.doukkali.cardio1986@email.com', '+212659482530', 'Adresse 1986', 'Marrakech', 'MRN-C001987', 'A-', 'Latex', 'Patient cardiologie', 'active', 1766786874875, 1766786874875);
INSERT OR IGNORE INTO cardiology_patients (id, company_id, healthcare_patient_id, primary_diagnosis, secondary_diagnoses, risk_level, has_pacemaker, has_stent, smoking_status, family_history, notes, status, created_at, updated_at) VALUES ('cardio-patient-01987', 'company-0001', 'hc-patient-cardio-01987', 'Syndrome coronarien aigu', 'Cardiomyopathie dilatee', 'low', 0, 0, 'former', 'positive_second_degree', 'Patient cardiologie', 'active', 1766786874875, 1766786874875);
INSERT OR IGNORE INTO healthcare_patients (id, company_id, first_name, last_name, date_of_birth, gender, email, phone, address, city, medical_record_number, blood_type, allergies, notes, status, created_at, updated_at) VALUES ('hc-patient-cardio-01988', 'company-0001', 'Omar', 'Bennani', 500886976702, 'female', 'omar.bennani.cardio1987@email.com', '+212644550375', 'Adresse 1987', 'Casablanca', 'MRN-C001988', 'A+', 'Iode', 'Patient cardiologie', 'active', 1766786874875, 1766786874875);
INSERT OR IGNORE INTO cardiology_patients (id, company_id, healthcare_patient_id, primary_diagnosis, secondary_diagnoses, risk_level, has_pacemaker, has_stent, smoking_status, family_history, notes, status, created_at, updated_at) VALUES ('cardio-patient-01988', 'company-0001', 'hc-patient-cardio-01988', 'Cardiomyopathie dilatee', 'Hypertension arterielle', 'critical', 0, 0, 'current', 'positive_second_degree', 'Patient cardiologie', 'active', 1766786874875, 1766786874875);
INSERT OR IGNORE INTO healthcare_patients (id, company_id, first_name, last_name, date_of_birth, gender, email, phone, address, city, medical_record_number, blood_type, allergies, notes, status, created_at, updated_at) VALUES ('hc-patient-cardio-01989', 'company-0001', 'Farida', 'Tahiri', 75041494415, 'female', 'farida.tahiri.cardio1988@email.com', '+212669144830', 'Adresse 1988', 'Rabat', 'MRN-C001989', 'B-', 'Penicilline', 'Patient cardiologie', 'active', 1766786874875, 1766786874875);
INSERT OR IGNORE INTO cardiology_patients (id, company_id, healthcare_patient_id, primary_diagnosis, secondary_diagnoses, risk_level, has_pacemaker, has_stent, smoking_status, family_history, notes, status, created_at, updated_at) VALUES ('cardio-patient-01989', 'company-0001', 'hc-patient-cardio-01989', 'Syndrome coronarien aigu', 'Fibrillation auriculaire', 'low', 0, 0, 'former', 'positive_second_degree', 'Patient cardiologie', 'active', 1766786874875, 1766786874875);
INSERT OR IGNORE INTO healthcare_patients (id, company_id, first_name, last_name, date_of_birth, gender, email, phone, address, city, medical_record_number, blood_type, allergies, notes, status, created_at, updated_at) VALUES ('hc-patient-cardio-01990', 'company-0001', 'Karima', 'Mansouri', -289547248439, 'female', 'karima.mansouri.cardio1989@email.com', '+212600751312', 'Adresse 1989', 'Fes', 'MRN-C001990', 'B+', 'Aspirine', 'Patient cardiologie', 'active', 1766786874875, 1766786874875);
INSERT OR IGNORE INTO cardiology_patients (id, company_id, healthcare_patient_id, primary_diagnosis, secondary_diagnoses, risk_level, has_pacemaker, has_stent, smoking_status, family_history, notes, status, created_at, updated_at) VALUES ('cardio-patient-01990', 'company-0001', 'hc-patient-cardio-01990', 'Cardiomyopathie dilatee', 'Valvulopathie', 'low', 0, 0, 'former', 'positive_first_degree', 'Patient cardiologie', 'active', 1766786874875, 1766786874875);
INSERT OR IGNORE INTO healthcare_patients (id, company_id, first_name, last_name, date_of_birth, gender, email, phone, address, city, medical_record_number, blood_type, allergies, notes, status, created_at, updated_at) VALUES ('hc-patient-cardio-01991', 'company-0001', 'Ahmed', 'Cherkaoui', 897366762642, 'male', 'ahmed.cherkaoui.cardio1990@email.com', '+212654953021', 'Adresse 1990', 'Fes', 'MRN-C001991', 'B+', 'Aucune', 'Patient cardiologie', 'active', 1766786874875, 1766786874875);
INSERT OR IGNORE INTO cardiology_patients (id, company_id, healthcare_patient_id, primary_diagnosis, secondary_diagnoses, risk_level, has_pacemaker, has_stent, smoking_status, family_history, notes, status, created_at, updated_at) VALUES ('cardio-patient-01991', 'company-0001', 'hc-patient-cardio-01991', 'Cardiomyopathie dilatee', 'Fibrillation auriculaire', 'high', 0, 0, 'current', 'positive_second_degree', 'Patient cardiologie', 'active', 1766786874875, 1766786874875);
INSERT OR IGNORE INTO healthcare_patients (id, company_id, first_name, last_name, date_of_birth, gender, email, phone, address, city, medical_record_number, blood_type, allergies, notes, status, created_at, updated_at) VALUES ('hc-patient-cardio-01992', 'company-0001', 'Sanaa', 'Guerraoui', 18181840602, 'female', 'sanaa.guerraoui.cardio1991@email.com', '+212646730282', 'Adresse 1991', 'Casablanca', 'MRN-C001992', 'A-', 'Penicilline', 'Patient cardiologie', 'active', 1766786874875, 1766786874875);
INSERT OR IGNORE INTO cardiology_patients (id, company_id, healthcare_patient_id, primary_diagnosis, secondary_diagnoses, risk_level, has_pacemaker, has_stent, smoking_status, family_history, notes, status, created_at, updated_at) VALUES ('cardio-patient-01992', 'company-0001', 'hc-patient-cardio-01992', 'Hypertension arterielle', 'Fibrillation auriculaire', 'high', 0, 0, 'former', 'none', 'Patient cardiologie', 'active', 1766786874875, 1766786874875);
INSERT OR IGNORE INTO healthcare_patients (id, company_id, first_name, last_name, date_of_birth, gender, email, phone, address, city, medical_record_number, blood_type, allergies, notes, status, created_at, updated_at) VALUES ('hc-patient-cardio-01993', 'company-0001', 'Hanane', 'Amrani', 794397640956, 'male', 'hanane.amrani.cardio1992@email.com', '+212632921557', 'Adresse 1992', 'Tanger', 'MRN-C001993', 'O-', 'Aspirine', 'Patient cardiologie', 'active', 1766786874875, 1766786874875);
INSERT OR IGNORE INTO cardiology_patients (id, company_id, healthcare_patient_id, primary_diagnosis, secondary_diagnoses, risk_level, has_pacemaker, has_stent, smoking_status, family_history, notes, status, created_at, updated_at) VALUES ('cardio-patient-01993', 'company-0001', 'hc-patient-cardio-01993', 'Cardiomyopathie dilatee', 'Endocardite', 'high', 0, 0, 'current', 'none', 'Patient cardiologie', 'active', 1766786874875, 1766786874875);
INSERT OR IGNORE INTO healthcare_patients (id, company_id, first_name, last_name, date_of_birth, gender, email, phone, address, city, medical_record_number, blood_type, allergies, notes, status, created_at, updated_at) VALUES ('hc-patient-cardio-01994', 'company-0001', 'Jamila', 'Kadiri', -278990246935, 'female', 'jamila.kadiri.cardio1993@email.com', '+212691490237', 'Adresse 1993', 'Agadir', 'MRN-C001994', 'O+', 'Aspirine', 'Patient cardiologie', 'active', 1766786874875, 1766786874875);
INSERT OR IGNORE INTO cardiology_patients (id, company_id, healthcare_patient_id, primary_diagnosis, secondary_diagnoses, risk_level, has_pacemaker, has_stent, smoking_status, family_history, notes, status, created_at, updated_at) VALUES ('cardio-patient-01994', 'company-0001', 'hc-patient-cardio-01994', 'Cardiopathie ischemique', 'Syndrome coronarien aigu', 'low', 0, 0, 'former', 'positive_first_degree', 'Patient cardiologie', 'active', 1766786874875, 1766786874875);
INSERT OR IGNORE INTO healthcare_patients (id, company_id, first_name, last_name, date_of_birth, gender, email, phone, address, city, medical_record_number, blood_type, allergies, notes, status, created_at, updated_at) VALUES ('hc-patient-cardio-01995', 'company-0001', 'Driss', 'Chraibi', -29813726361, 'male', 'driss.chraibi.cardio1994@email.com', '+212648650438', 'Adresse 1994', 'Fes', 'MRN-C001995', 'O-', 'Sulfamides', 'Patient cardiologie', 'active', 1766786874875, 1766786874875);
INSERT OR IGNORE INTO cardiology_patients (id, company_id, healthcare_patient_id, primary_diagnosis, secondary_diagnoses, risk_level, has_pacemaker, has_stent, smoking_status, family_history, notes, status, created_at, updated_at) VALUES ('cardio-patient-01995', 'company-0001', 'hc-patient-cardio-01995', 'Syndrome coronarien aigu', 'Arythmie ventriculaire', 'low', 0, 0, 'former', 'positive_first_degree', 'Patient cardiologie', 'active', 1766786874875, 1766786874875);
INSERT OR IGNORE INTO healthcare_patients (id, company_id, first_name, last_name, date_of_birth, gender, email, phone, address, city, medical_record_number, blood_type, allergies, notes, status, created_at, updated_at) VALUES ('hc-patient-cardio-01996', 'company-0001', 'Ghita', 'Lahlou', -860359785144, 'male', 'ghita.lahlou.cardio1995@email.com', '+212653374565', 'Adresse 1995', 'Fes', 'MRN-C001996', 'O+', 'Iode', 'Patient cardiologie', 'active', 1766786874875, 1766786874875);
INSERT OR IGNORE INTO cardiology_patients (id, company_id, healthcare_patient_id, primary_diagnosis, secondary_diagnoses, risk_level, has_pacemaker, has_stent, smoking_status, family_history, notes, status, created_at, updated_at) VALUES ('cardio-patient-01996', 'company-0001', 'hc-patient-cardio-01996', 'Syndrome coronarien aigu', 'Syndrome coronarien aigu', 'medium', 0, 0, 'former', 'positive_second_degree', 'Patient cardiologie', 'active', 1766786874875, 1766786874875);
INSERT OR IGNORE INTO healthcare_patients (id, company_id, first_name, last_name, date_of_birth, gender, email, phone, address, city, medical_record_number, blood_type, allergies, notes, status, created_at, updated_at) VALUES ('hc-patient-cardio-01997', 'company-0001', 'Aziz', 'Berrada', -68977802641, 'female', 'aziz.berrada.cardio1996@email.com', '+212646170013', 'Adresse 1996', 'Marrakech', 'MRN-C001997', 'A-', 'Aucune', 'Patient cardiologie', 'active', 1766786874875, 1766786874875);
INSERT OR IGNORE INTO cardiology_patients (id, company_id, healthcare_patient_id, primary_diagnosis, secondary_diagnoses, risk_level, has_pacemaker, has_stent, smoking_status, family_history, notes, status, created_at, updated_at) VALUES ('cardio-patient-01997', 'company-0001', 'hc-patient-cardio-01997', 'Cardiopathie ischemique', 'Insuffisance cardiaque', 'high', 1, 1, 'former', 'positive_second_degree', 'Patient cardiologie', 'active', 1766786874875, 1766786874875);
INSERT OR IGNORE INTO healthcare_patients (id, company_id, first_name, last_name, date_of_birth, gender, email, phone, address, city, medical_record_number, blood_type, allergies, notes, status, created_at, updated_at) VALUES ('hc-patient-cardio-01998', 'company-0001', 'Khalid', 'Benhima', -820890196084, 'female', 'khalid.benhima.cardio1997@email.com', '+212694736518', 'Adresse 1997', 'Marrakech', 'MRN-C001998', 'A+', 'Iode', 'Patient cardiologie', 'active', 1766786874875, 1766786874875);
INSERT OR IGNORE INTO cardiology_patients (id, company_id, healthcare_patient_id, primary_diagnosis, secondary_diagnoses, risk_level, has_pacemaker, has_stent, smoking_status, family_history, notes, status, created_at, updated_at) VALUES ('cardio-patient-01998', 'company-0001', 'hc-patient-cardio-01998', 'Cardiopathie ischemique', 'Valvulopathie', 'medium', 0, 1, 'never', 'none', 'Patient cardiologie', 'active', 1766786874875, 1766786874875);
INSERT OR IGNORE INTO healthcare_patients (id, company_id, first_name, last_name, date_of_birth, gender, email, phone, address, city, medical_record_number, blood_type, allergies, notes, status, created_at, updated_at) VALUES ('hc-patient-cardio-01999', 'company-0001', 'Jamal', 'Cherkaoui', -567535586834, 'male', 'jamal.cherkaoui.cardio1998@email.com', '+212685180716', 'Adresse 1998', 'Tanger', 'MRN-C001999', 'B-', 'Penicilline', 'Patient cardiologie', 'active', 1766786874875, 1766786874875);
INSERT OR IGNORE INTO cardiology_patients (id, company_id, healthcare_patient_id, primary_diagnosis, secondary_diagnoses, risk_level, has_pacemaker, has_stent, smoking_status, family_history, notes, status, created_at, updated_at) VALUES ('cardio-patient-01999', 'company-0001', 'hc-patient-cardio-01999', 'Hypertension arterielle', 'Syndrome coronarien aigu', 'low', 0, 0, 'former', 'positive_first_degree', 'Patient cardiologie', 'active', 1766786874875, 1766786874875);
INSERT OR IGNORE INTO healthcare_patients (id, company_id, first_name, last_name, date_of_birth, gender, email, phone, address, city, medical_record_number, blood_type, allergies, notes, status, created_at, updated_at) VALUES ('hc-patient-cardio-02000', 'company-0001', 'Hicham', 'Tahiri', -522863476777, 'male', 'hicham.tahiri.cardio1999@email.com', '+212648932007', 'Adresse 1999', 'Rabat', 'MRN-C002000', 'B-', 'Aspirine', 'Patient cardiologie', 'active', 1766786874875, 1766786874875);
INSERT OR IGNORE INTO cardiology_patients (id, company_id, healthcare_patient_id, primary_diagnosis, secondary_diagnoses, risk_level, has_pacemaker, has_stent, smoking_status, family_history, notes, status, created_at, updated_at) VALUES ('cardio-patient-02000', 'company-0001', 'hc-patient-cardio-02000', 'Insuffisance cardiaque', 'Hypertension arterielle', 'low', 0, 0, 'former', 'none', 'Patient cardiologie', 'active', 1766786874875, 1766786874875);
INSERT OR IGNORE INTO healthcare_consultations (id, company_id, patient_id, module, consultation_date, reason, diagnosis, treatment_plan, notes, status, created_by, created_at, updated_at) VALUES ('cardio-consult-000001', 'company-0001', 'hc-patient-cardio-00612', 'cardiology', 1716198759791, 'Palpitations', 'Syndrome coronarien aigu', 'Plan de traitement cardiologique', 'Consultation cardiologie', 'completed', 'user-admin-001', 1766786874875, 1766786874875);
INSERT OR IGNORE INTO healthcare_consultations (id, company_id, patient_id, module, consultation_date, reason, diagnosis, treatment_plan, notes, status, created_by, created_at, updated_at) VALUES ('cardio-consult-000002', 'company-0001', 'hc-patient-cardio-00462', 'cardiology', 1744881815544, 'Suivi', 'Insuffisance cardiaque', 'Plan de traitement cardiologique', 'Consultation cardiologie', 'completed', 'user-admin-001', 1766786874875, 1766786874875);
INSERT OR IGNORE INTO healthcare_consultations (id, company_id, patient_id, module, consultation_date, reason, diagnosis, treatment_plan, notes, status, created_by, created_at, updated_at) VALUES ('cardio-consult-000003', 'company-0001', 'hc-patient-cardio-00373', 'cardiology', 1760619089641, 'Controle post-intervention', 'Syndrome coronarien aigu', 'Plan de traitement cardiologique', 'Consultation cardiologie', 'completed', 'user-admin-001', 1766786874875, 1766786874875);
INSERT OR IGNORE INTO healthcare_consultations (id, company_id, patient_id, module, consultation_date, reason, diagnosis, treatment_plan, notes, status, created_by, created_at, updated_at) VALUES ('cardio-consult-000004', 'company-0001', 'hc-patient-cardio-00103', 'cardiology', 1710872730988, 'Dyspnee', 'Fibrillation auriculaire', 'Plan de traitement cardiologique', 'Consultation cardiologie', 'cancelled', 'user-admin-001', 1766786874875, 1766786874875);
INSERT OR IGNORE INTO healthcare_consultations (id, company_id, patient_id, module, consultation_date, reason, diagnosis, treatment_plan, notes, status, created_by, created_at, updated_at) VALUES ('cardio-consult-000005', 'company-0001', 'hc-patient-cardio-01577', 'cardiology', 1705609252044, 'Douleur thoracique', 'Cardiomyopathie dilatee', 'Plan de traitement cardiologique', 'Consultation cardiologie', 'scheduled', 'user-admin-001', 1766786874875, 1766786874875);
INSERT OR IGNORE INTO healthcare_consultations (id, company_id, patient_id, module, consultation_date, reason, diagnosis, treatment_plan, notes, status, created_by, created_at, updated_at) VALUES ('cardio-consult-000006', 'company-0001', 'hc-patient-cardio-00452', 'cardiology', 1760073088325, 'Suivi', 'Valvulopathie', 'Plan de traitement cardiologique', 'Consultation cardiologie', 'scheduled', 'user-admin-001', 1766786874875, 1766786874875);
INSERT OR IGNORE INTO healthcare_consultations (id, company_id, patient_id, module, consultation_date, reason, diagnosis, treatment_plan, notes, status, created_by, created_at, updated_at) VALUES ('cardio-consult-000007', 'company-0001', 'hc-patient-cardio-00299', 'cardiology', 1705322327166, 'Dyspnee', 'Cardiomyopathie dilatee', 'Plan de traitement cardiologique', 'Consultation cardiologie', 'scheduled', 'user-admin-001', 1766786874875, 1766786874875);
INSERT OR IGNORE INTO healthcare_consultations (id, company_id, patient_id, module, consultation_date, reason, diagnosis, treatment_plan, notes, status, created_by, created_at, updated_at) VALUES ('cardio-consult-000008', 'company-0001', 'hc-patient-cardio-00234', 'cardiology', 1761473249228, 'Controle post-intervention', 'Endocardite', 'Plan de traitement cardiologique', 'Consultation cardiologie', 'completed', 'user-admin-001', 1766786874875, 1766786874875);
INSERT OR IGNORE INTO healthcare_consultations (id, company_id, patient_id, module, consultation_date, reason, diagnosis, treatment_plan, notes, status, created_by, created_at, updated_at) VALUES ('cardio-consult-000009', 'company-0001', 'hc-patient-cardio-00343', 'cardiology', 1734449736052, 'Douleur thoracique', 'Cardiomyopathie dilatee', 'Plan de traitement cardiologique', 'Consultation cardiologie', 'scheduled', 'user-admin-001', 1766786874875, 1766786874875);
INSERT OR IGNORE INTO healthcare_consultations (id, company_id, patient_id, module, consultation_date, reason, diagnosis, treatment_plan, notes, status, created_by, created_at, updated_at) VALUES ('cardio-consult-000010', 'company-0001', 'hc-patient-cardio-00957', 'cardiology', 1710431206963, 'Syncope', 'Insuffisance cardiaque', 'Plan de traitement cardiologique', 'Consultation cardiologie', 'cancelled', 'user-admin-001', 1766786874875, 1766786874875);
INSERT OR IGNORE INTO healthcare_consultations (id, company_id, patient_id, module, consultation_date, reason, diagnosis, treatment_plan, notes, status, created_by, created_at, updated_at) VALUES ('cardio-consult-000011', 'company-0001', 'hc-patient-cardio-01345', 'cardiology', 1723863876508, 'Suivi', 'Syndrome coronarien aigu', 'Plan de traitement cardiologique', 'Consultation cardiologie', 'completed', 'user-admin-001', 1766786874875, 1766786874875);
INSERT OR IGNORE INTO healthcare_consultations (id, company_id, patient_id, module, consultation_date, reason, diagnosis, treatment_plan, notes, status, created_by, created_at, updated_at) VALUES ('cardio-consult-000012', 'company-0001', 'hc-patient-cardio-01836', 'cardiology', 1743629153769, 'Syncope', 'Endocardite', 'Plan de traitement cardiologique', 'Consultation cardiologie', 'scheduled', 'user-admin-001', 1766786874875, 1766786874875);
INSERT OR IGNORE INTO healthcare_consultations (id, company_id, patient_id, module, consultation_date, reason, diagnosis, treatment_plan, notes, status, created_by, created_at, updated_at) VALUES ('cardio-consult-000013', 'company-0001', 'hc-patient-cardio-00164', 'cardiology', 1744491931324, 'Controle post-intervention', 'Cardiopathie ischemique', 'Plan de traitement cardiologique', 'Consultation cardiologie', 'cancelled', 'user-admin-001', 1766786874875, 1766786874875);
INSERT OR IGNORE INTO healthcare_consultations (id, company_id, patient_id, module, consultation_date, reason, diagnosis, treatment_plan, notes, status, created_by, created_at, updated_at) VALUES ('cardio-consult-000014', 'company-0001', 'hc-patient-cardio-00253', 'cardiology', 1764155021656, 'Suivi', 'Cardiomyopathie dilatee', 'Plan de traitement cardiologique', 'Consultation cardiologie', 'completed', 'user-admin-001', 1766786874875, 1766786874875);
INSERT OR IGNORE INTO healthcare_consultations (id, company_id, patient_id, module, consultation_date, reason, diagnosis, treatment_plan, notes, status, created_by, created_at, updated_at) VALUES ('cardio-consult-000015', 'company-0001', 'hc-patient-cardio-00156', 'cardiology', 1739428503193, 'Controle post-intervention', 'Arythmie ventriculaire', 'Plan de traitement cardiologique', 'Consultation cardiologie', 'scheduled', 'user-admin-001', 1766786874875, 1766786874875);
INSERT OR IGNORE INTO healthcare_consultations (id, company_id, patient_id, module, consultation_date, reason, diagnosis, treatment_plan, notes, status, created_by, created_at, updated_at) VALUES ('cardio-consult-000016', 'company-0001', 'hc-patient-cardio-00534', 'cardiology', 1723847287927, 'Syncope', 'Cardiopathie ischemique', 'Plan de traitement cardiologique', 'Consultation cardiologie', 'completed', 'user-admin-001', 1766786874875, 1766786874875);
INSERT OR IGNORE INTO healthcare_consultations (id, company_id, patient_id, module, consultation_date, reason, diagnosis, treatment_plan, notes, status, created_by, created_at, updated_at) VALUES ('cardio-consult-000017', 'company-0001', 'hc-patient-cardio-00720', 'cardiology', 1710789585385, 'Syncope', 'Fibrillation auriculaire', 'Plan de traitement cardiologique', 'Consultation cardiologie', 'completed', 'user-admin-001', 1766786874876, 1766786874876);
INSERT OR IGNORE INTO healthcare_consultations (id, company_id, patient_id, module, consultation_date, reason, diagnosis, treatment_plan, notes, status, created_by, created_at, updated_at) VALUES ('cardio-consult-000018', 'company-0001', 'hc-patient-cardio-01659', 'cardiology', 1708661654957, 'Controle post-intervention', 'Hypertension arterielle', 'Plan de traitement cardiologique', 'Consultation cardiologie', 'cancelled', 'user-admin-001', 1766786874876, 1766786874876);
INSERT OR IGNORE INTO healthcare_consultations (id, company_id, patient_id, module, consultation_date, reason, diagnosis, treatment_plan, notes, status, created_by, created_at, updated_at) VALUES ('cardio-consult-000019', 'company-0001', 'hc-patient-cardio-01586', 'cardiology', 1717889479165, 'Douleur thoracique', 'Valvulopathie', 'Plan de traitement cardiologique', 'Consultation cardiologie', 'cancelled', 'user-admin-001', 1766786874876, 1766786874876);
INSERT OR IGNORE INTO healthcare_consultations (id, company_id, patient_id, module, consultation_date, reason, diagnosis, treatment_plan, notes, status, created_by, created_at, updated_at) VALUES ('cardio-consult-000020', 'company-0001', 'hc-patient-cardio-00271', 'cardiology', 1744228033051, 'Douleur thoracique', 'Cardiopathie ischemique', 'Plan de traitement cardiologique', 'Consultation cardiologie', 'scheduled', 'user-admin-001', 1766786874876, 1766786874876);
INSERT OR IGNORE INTO healthcare_consultations (id, company_id, patient_id, module, consultation_date, reason, diagnosis, treatment_plan, notes, status, created_by, created_at, updated_at) VALUES ('cardio-consult-000021', 'company-0001', 'hc-patient-cardio-01794', 'cardiology', 1744141653502, 'Dyspnee', 'Fibrillation auriculaire', 'Plan de traitement cardiologique', 'Consultation cardiologie', 'cancelled', 'user-admin-001', 1766786874876, 1766786874876);
INSERT OR IGNORE INTO healthcare_consultations (id, company_id, patient_id, module, consultation_date, reason, diagnosis, treatment_plan, notes, status, created_by, created_at, updated_at) VALUES ('cardio-consult-000022', 'company-0001', 'hc-patient-cardio-00990', 'cardiology', 1717925705818, 'Palpitations', 'Pericardite', 'Plan de traitement cardiologique', 'Consultation cardiologie', 'cancelled', 'user-admin-001', 1766786874876, 1766786874876);
INSERT OR IGNORE INTO healthcare_consultations (id, company_id, patient_id, module, consultation_date, reason, diagnosis, treatment_plan, notes, status, created_by, created_at, updated_at) VALUES ('cardio-consult-000023', 'company-0001', 'hc-patient-cardio-01692', 'cardiology', 1763749993542, 'Dyspnee', 'Valvulopathie', 'Plan de traitement cardiologique', 'Consultation cardiologie', 'cancelled', 'user-admin-001', 1766786874876, 1766786874876);
INSERT OR IGNORE INTO healthcare_consultations (id, company_id, patient_id, module, consultation_date, reason, diagnosis, treatment_plan, notes, status, created_by, created_at, updated_at) VALUES ('cardio-consult-000024', 'company-0001', 'hc-patient-cardio-00261', 'cardiology', 1734402891483, 'Dyspnee', 'Syndrome coronarien aigu', 'Plan de traitement cardiologique', 'Consultation cardiologie', 'cancelled', 'user-admin-001', 1766786874876, 1766786874876);
INSERT OR IGNORE INTO healthcare_consultations (id, company_id, patient_id, module, consultation_date, reason, diagnosis, treatment_plan, notes, status, created_by, created_at, updated_at) VALUES ('cardio-consult-000025', 'company-0001', 'hc-patient-cardio-01132', 'cardiology', 1729527593278, 'Palpitations', 'Hypertension arterielle', 'Plan de traitement cardiologique', 'Consultation cardiologie', 'completed', 'user-admin-001', 1766786874876, 1766786874876);
INSERT OR IGNORE INTO healthcare_consultations (id, company_id, patient_id, module, consultation_date, reason, diagnosis, treatment_plan, notes, status, created_by, created_at, updated_at) VALUES ('cardio-consult-000026', 'company-0001', 'hc-patient-cardio-01204', 'cardiology', 1714444813488, 'Palpitations', 'Pericardite', 'Plan de traitement cardiologique', 'Consultation cardiologie', 'cancelled', 'user-admin-001', 1766786874876, 1766786874876);
INSERT OR IGNORE INTO healthcare_consultations (id, company_id, patient_id, module, consultation_date, reason, diagnosis, treatment_plan, notes, status, created_by, created_at, updated_at) VALUES ('cardio-consult-000027', 'company-0001', 'hc-patient-cardio-00848', 'cardiology', 1717298185770, 'Suivi', 'Syndrome coronarien aigu', 'Plan de traitement cardiologique', 'Consultation cardiologie', 'cancelled', 'user-admin-001', 1766786874876, 1766786874876);
INSERT OR IGNORE INTO healthcare_consultations (id, company_id, patient_id, module, consultation_date, reason, diagnosis, treatment_plan, notes, status, created_by, created_at, updated_at) VALUES ('cardio-consult-000028', 'company-0001', 'hc-patient-cardio-01050', 'cardiology', 1739624080199, 'Suivi', 'Fibrillation auriculaire', 'Plan de traitement cardiologique', 'Consultation cardiologie', 'completed', 'user-admin-001', 1766786874876, 1766786874876);
INSERT OR IGNORE INTO healthcare_consultations (id, company_id, patient_id, module, consultation_date, reason, diagnosis, treatment_plan, notes, status, created_by, created_at, updated_at) VALUES ('cardio-consult-000029', 'company-0001', 'hc-patient-cardio-01583', 'cardiology', 1723587275775, 'Douleur thoracique', 'Cardiopathie ischemique', 'Plan de traitement cardiologique', 'Consultation cardiologie', 'cancelled', 'user-admin-001', 1766786874876, 1766786874876);
INSERT OR IGNORE INTO healthcare_consultations (id, company_id, patient_id, module, consultation_date, reason, diagnosis, treatment_plan, notes, status, created_by, created_at, updated_at) VALUES ('cardio-consult-000030', 'company-0001', 'hc-patient-cardio-00909', 'cardiology', 1743303366425, 'Palpitations', 'Cardiomyopathie dilatee', 'Plan de traitement cardiologique', 'Consultation cardiologie', 'completed', 'user-admin-001', 1766786874876, 1766786874876);
INSERT OR IGNORE INTO healthcare_consultations (id, company_id, patient_id, module, consultation_date, reason, diagnosis, treatment_plan, notes, status, created_by, created_at, updated_at) VALUES ('cardio-consult-000031', 'company-0001', 'hc-patient-cardio-01850', 'cardiology', 1760328125974, 'Suivi', 'Fibrillation auriculaire', 'Plan de traitement cardiologique', 'Consultation cardiologie', 'completed', 'user-admin-001', 1766786874876, 1766786874876);
INSERT OR IGNORE INTO healthcare_consultations (id, company_id, patient_id, module, consultation_date, reason, diagnosis, treatment_plan, notes, status, created_by, created_at, updated_at) VALUES ('cardio-consult-000032', 'company-0001', 'hc-patient-cardio-00157', 'cardiology', 1766034338795, 'Palpitations', 'Fibrillation auriculaire', 'Plan de traitement cardiologique', 'Consultation cardiologie', 'completed', 'user-admin-001', 1766786874876, 1766786874876);
INSERT OR IGNORE INTO healthcare_consultations (id, company_id, patient_id, module, consultation_date, reason, diagnosis, treatment_plan, notes, status, created_by, created_at, updated_at) VALUES ('cardio-consult-000033', 'company-0001', 'hc-patient-cardio-01763', 'cardiology', 1764660927564, 'Controle post-intervention', 'Insuffisance cardiaque', 'Plan de traitement cardiologique', 'Consultation cardiologie', 'cancelled', 'user-admin-001', 1766786874876, 1766786874876);
INSERT OR IGNORE INTO healthcare_consultations (id, company_id, patient_id, module, consultation_date, reason, diagnosis, treatment_plan, notes, status, created_by, created_at, updated_at) VALUES ('cardio-consult-000034', 'company-0001', 'hc-patient-cardio-00982', 'cardiology', 1726900370541, 'Dyspnee', 'Pericardite', 'Plan de traitement cardiologique', 'Consultation cardiologie', 'scheduled', 'user-admin-001', 1766786874876, 1766786874876);
INSERT OR IGNORE INTO healthcare_consultations (id, company_id, patient_id, module, consultation_date, reason, diagnosis, treatment_plan, notes, status, created_by, created_at, updated_at) VALUES ('cardio-consult-000035', 'company-0001', 'hc-patient-cardio-00977', 'cardiology', 1720342639745, 'Dyspnee', 'Pericardite', 'Plan de traitement cardiologique', 'Consultation cardiologie', 'scheduled', 'user-admin-001', 1766786874876, 1766786874876);
INSERT OR IGNORE INTO healthcare_consultations (id, company_id, patient_id, module, consultation_date, reason, diagnosis, treatment_plan, notes, status, created_by, created_at, updated_at) VALUES ('cardio-consult-000036', 'company-0001', 'hc-patient-cardio-00691', 'cardiology', 1724526948283, 'Suivi', 'Cardiomyopathie dilatee', 'Plan de traitement cardiologique', 'Consultation cardiologie', 'scheduled', 'user-admin-001', 1766786874876, 1766786874876);
INSERT OR IGNORE INTO healthcare_consultations (id, company_id, patient_id, module, consultation_date, reason, diagnosis, treatment_plan, notes, status, created_by, created_at, updated_at) VALUES ('cardio-consult-000037', 'company-0001', 'hc-patient-cardio-01658', 'cardiology', 1755093499666, 'Suivi', 'Cardiomyopathie dilatee', 'Plan de traitement cardiologique', 'Consultation cardiologie', 'cancelled', 'user-admin-001', 1766786874876, 1766786874876);
INSERT OR IGNORE INTO healthcare_consultations (id, company_id, patient_id, module, consultation_date, reason, diagnosis, treatment_plan, notes, status, created_by, created_at, updated_at) VALUES ('cardio-consult-000038', 'company-0001', 'hc-patient-cardio-01904', 'cardiology', 1759363686262, 'Suivi', 'Syndrome coronarien aigu', 'Plan de traitement cardiologique', 'Consultation cardiologie', 'cancelled', 'user-admin-001', 1766786874876, 1766786874876);
INSERT OR IGNORE INTO healthcare_consultations (id, company_id, patient_id, module, consultation_date, reason, diagnosis, treatment_plan, notes, status, created_by, created_at, updated_at) VALUES ('cardio-consult-000039', 'company-0001', 'hc-patient-cardio-00334', 'cardiology', 1707391052129, 'Dyspnee', 'Cardiomyopathie dilatee', 'Plan de traitement cardiologique', 'Consultation cardiologie', 'scheduled', 'user-admin-001', 1766786874876, 1766786874876);
INSERT OR IGNORE INTO healthcare_consultations (id, company_id, patient_id, module, consultation_date, reason, diagnosis, treatment_plan, notes, status, created_by, created_at, updated_at) VALUES ('cardio-consult-000040', 'company-0001', 'hc-patient-cardio-00120', 'cardiology', 1757429526683, 'Syncope', 'Pericardite', 'Plan de traitement cardiologique', 'Consultation cardiologie', 'completed', 'user-admin-001', 1766786874876, 1766786874876);
INSERT OR IGNORE INTO healthcare_consultations (id, company_id, patient_id, module, consultation_date, reason, diagnosis, treatment_plan, notes, status, created_by, created_at, updated_at) VALUES ('cardio-consult-000041', 'company-0001', 'hc-patient-cardio-01296', 'cardiology', 1712523742210, 'Palpitations', 'Pericardite', 'Plan de traitement cardiologique', 'Consultation cardiologie', 'cancelled', 'user-admin-001', 1766786874876, 1766786874876);
INSERT OR IGNORE INTO healthcare_consultations (id, company_id, patient_id, module, consultation_date, reason, diagnosis, treatment_plan, notes, status, created_by, created_at, updated_at) VALUES ('cardio-consult-000042', 'company-0001', 'hc-patient-cardio-00600', 'cardiology', 1760711753195, 'Palpitations', 'Syndrome coronarien aigu', 'Plan de traitement cardiologique', 'Consultation cardiologie', 'cancelled', 'user-admin-001', 1766786874876, 1766786874876);
INSERT OR IGNORE INTO healthcare_consultations (id, company_id, patient_id, module, consultation_date, reason, diagnosis, treatment_plan, notes, status, created_by, created_at, updated_at) VALUES ('cardio-consult-000043', 'company-0001', 'hc-patient-cardio-01708', 'cardiology', 1716925866988, 'Syncope', 'Valvulopathie', 'Plan de traitement cardiologique', 'Consultation cardiologie', 'completed', 'user-admin-001', 1766786874876, 1766786874876);
INSERT OR IGNORE INTO healthcare_consultations (id, company_id, patient_id, module, consultation_date, reason, diagnosis, treatment_plan, notes, status, created_by, created_at, updated_at) VALUES ('cardio-consult-000044', 'company-0001', 'hc-patient-cardio-00670', 'cardiology', 1753916634819, 'Controle post-intervention', 'Cardiomyopathie dilatee', 'Plan de traitement cardiologique', 'Consultation cardiologie', 'cancelled', 'user-admin-001', 1766786874876, 1766786874876);
INSERT OR IGNORE INTO healthcare_consultations (id, company_id, patient_id, module, consultation_date, reason, diagnosis, treatment_plan, notes, status, created_by, created_at, updated_at) VALUES ('cardio-consult-000045', 'company-0001', 'hc-patient-cardio-00701', 'cardiology', 1754416867348, 'Douleur thoracique', 'Syndrome coronarien aigu', 'Plan de traitement cardiologique', 'Consultation cardiologie', 'completed', 'user-admin-001', 1766786874876, 1766786874876);
INSERT OR IGNORE INTO healthcare_consultations (id, company_id, patient_id, module, consultation_date, reason, diagnosis, treatment_plan, notes, status, created_by, created_at, updated_at) VALUES ('cardio-consult-000046', 'company-0001', 'hc-patient-cardio-00843', 'cardiology', 1705432080656, 'Controle post-intervention', 'Endocardite', 'Plan de traitement cardiologique', 'Consultation cardiologie', 'completed', 'user-admin-001', 1766786874876, 1766786874876);
INSERT OR IGNORE INTO healthcare_consultations (id, company_id, patient_id, module, consultation_date, reason, diagnosis, treatment_plan, notes, status, created_by, created_at, updated_at) VALUES ('cardio-consult-000047', 'company-0001', 'hc-patient-cardio-01075', 'cardiology', 1766134277451, 'Controle post-intervention', 'Endocardite', 'Plan de traitement cardiologique', 'Consultation cardiologie', 'cancelled', 'user-admin-001', 1766786874876, 1766786874876);
INSERT OR IGNORE INTO healthcare_consultations (id, company_id, patient_id, module, consultation_date, reason, diagnosis, treatment_plan, notes, status, created_by, created_at, updated_at) VALUES ('cardio-consult-000048', 'company-0001', 'hc-patient-cardio-01468', 'cardiology', 1704643180241, 'Syncope', 'Pericardite', 'Plan de traitement cardiologique', 'Consultation cardiologie', 'scheduled', 'user-admin-001', 1766786874876, 1766786874876);
INSERT OR IGNORE INTO healthcare_consultations (id, company_id, patient_id, module, consultation_date, reason, diagnosis, treatment_plan, notes, status, created_by, created_at, updated_at) VALUES ('cardio-consult-000049', 'company-0001', 'hc-patient-cardio-01528', 'cardiology', 1708532937071, 'Palpitations', 'Fibrillation auriculaire', 'Plan de traitement cardiologique', 'Consultation cardiologie', 'scheduled', 'user-admin-001', 1766786874876, 1766786874876);
INSERT OR IGNORE INTO healthcare_consultations (id, company_id, patient_id, module, consultation_date, reason, diagnosis, treatment_plan, notes, status, created_by, created_at, updated_at) VALUES ('cardio-consult-000050', 'company-0001', 'hc-patient-cardio-01456', 'cardiology', 1727337216071, 'Douleur thoracique', 'Arythmie ventriculaire', 'Plan de traitement cardiologique', 'Consultation cardiologie', 'scheduled', 'user-admin-001', 1766786874876, 1766786874876);
INSERT OR IGNORE INTO healthcare_consultations (id, company_id, patient_id, module, consultation_date, reason, diagnosis, treatment_plan, notes, status, created_by, created_at, updated_at) VALUES ('cardio-consult-000051', 'company-0001', 'hc-patient-cardio-00873', 'cardiology', 1766740986664, 'Dyspnee', 'Cardiomyopathie dilatee', 'Plan de traitement cardiologique', 'Consultation cardiologie', 'scheduled', 'user-admin-001', 1766786874876, 1766786874876);
INSERT OR IGNORE INTO healthcare_consultations (id, company_id, patient_id, module, consultation_date, reason, diagnosis, treatment_plan, notes, status, created_by, created_at, updated_at) VALUES ('cardio-consult-000052', 'company-0001', 'hc-patient-cardio-00231', 'cardiology', 1744094335793, 'Dyspnee', 'Cardiopathie ischemique', 'Plan de traitement cardiologique', 'Consultation cardiologie', 'completed', 'user-admin-001', 1766786874876, 1766786874876);
INSERT OR IGNORE INTO healthcare_consultations (id, company_id, patient_id, module, consultation_date, reason, diagnosis, treatment_plan, notes, status, created_by, created_at, updated_at) VALUES ('cardio-consult-000053', 'company-0001', 'hc-patient-cardio-01410', 'cardiology', 1750307636276, 'Controle post-intervention', 'Hypertension arterielle', 'Plan de traitement cardiologique', 'Consultation cardiologie', 'scheduled', 'user-admin-001', 1766786874876, 1766786874876);
INSERT OR IGNORE INTO healthcare_consultations (id, company_id, patient_id, module, consultation_date, reason, diagnosis, treatment_plan, notes, status, created_by, created_at, updated_at) VALUES ('cardio-consult-000054', 'company-0001', 'hc-patient-cardio-00720', 'cardiology', 1721484240618, 'Syncope', 'Syndrome coronarien aigu', 'Plan de traitement cardiologique', 'Consultation cardiologie', 'completed', 'user-admin-001', 1766786874876, 1766786874876);
INSERT OR IGNORE INTO healthcare_consultations (id, company_id, patient_id, module, consultation_date, reason, diagnosis, treatment_plan, notes, status, created_by, created_at, updated_at) VALUES ('cardio-consult-000055', 'company-0001', 'hc-patient-cardio-01125', 'cardiology', 1709141681754, 'Controle post-intervention', 'Cardiomyopathie dilatee', 'Plan de traitement cardiologique', 'Consultation cardiologie', 'completed', 'user-admin-001', 1766786874876, 1766786874876);
INSERT OR IGNORE INTO healthcare_consultations (id, company_id, patient_id, module, consultation_date, reason, diagnosis, treatment_plan, notes, status, created_by, created_at, updated_at) VALUES ('cardio-consult-000056', 'company-0001', 'hc-patient-cardio-00113', 'cardiology', 1723767162118, 'Syncope', 'Cardiopathie ischemique', 'Plan de traitement cardiologique', 'Consultation cardiologie', 'completed', 'user-admin-001', 1766786874876, 1766786874876);
INSERT OR IGNORE INTO healthcare_consultations (id, company_id, patient_id, module, consultation_date, reason, diagnosis, treatment_plan, notes, status, created_by, created_at, updated_at) VALUES ('cardio-consult-000057', 'company-0001', 'hc-patient-cardio-01889', 'cardiology', 1734734653629, 'Douleur thoracique', 'Cardiomyopathie dilatee', 'Plan de traitement cardiologique', 'Consultation cardiologie', 'completed', 'user-admin-001', 1766786874876, 1766786874876);
INSERT OR IGNORE INTO healthcare_consultations (id, company_id, patient_id, module, consultation_date, reason, diagnosis, treatment_plan, notes, status, created_by, created_at, updated_at) VALUES ('cardio-consult-000058', 'company-0001', 'hc-patient-cardio-00322', 'cardiology', 1731601929248, 'Syncope', 'Arythmie ventriculaire', 'Plan de traitement cardiologique', 'Consultation cardiologie', 'completed', 'user-admin-001', 1766786874876, 1766786874876);
INSERT OR IGNORE INTO healthcare_consultations (id, company_id, patient_id, module, consultation_date, reason, diagnosis, treatment_plan, notes, status, created_by, created_at, updated_at) VALUES ('cardio-consult-000059', 'company-0001', 'hc-patient-cardio-01338', 'cardiology', 1735348130323, 'Douleur thoracique', 'Pericardite', 'Plan de traitement cardiologique', 'Consultation cardiologie', 'cancelled', 'user-admin-001', 1766786874876, 1766786874876);
INSERT OR IGNORE INTO healthcare_consultations (id, company_id, patient_id, module, consultation_date, reason, diagnosis, treatment_plan, notes, status, created_by, created_at, updated_at) VALUES ('cardio-consult-000060', 'company-0001', 'hc-patient-cardio-00236', 'cardiology', 1708620069815, 'Controle post-intervention', 'Hypertension arterielle', 'Plan de traitement cardiologique', 'Consultation cardiologie', 'cancelled', 'user-admin-001', 1766786874876, 1766786874876);
INSERT OR IGNORE INTO healthcare_consultations (id, company_id, patient_id, module, consultation_date, reason, diagnosis, treatment_plan, notes, status, created_by, created_at, updated_at) VALUES ('cardio-consult-000061', 'company-0001', 'hc-patient-cardio-00349', 'cardiology', 1760582585593, 'Dyspnee', 'Pericardite', 'Plan de traitement cardiologique', 'Consultation cardiologie', 'completed', 'user-admin-001', 1766786874876, 1766786874876);
INSERT OR IGNORE INTO healthcare_consultations (id, company_id, patient_id, module, consultation_date, reason, diagnosis, treatment_plan, notes, status, created_by, created_at, updated_at) VALUES ('cardio-consult-000062', 'company-0001', 'hc-patient-cardio-00412', 'cardiology', 1704798897692, 'Syncope', 'Fibrillation auriculaire', 'Plan de traitement cardiologique', 'Consultation cardiologie', 'completed', 'user-admin-001', 1766786874876, 1766786874876);
INSERT OR IGNORE INTO healthcare_consultations (id, company_id, patient_id, module, consultation_date, reason, diagnosis, treatment_plan, notes, status, created_by, created_at, updated_at) VALUES ('cardio-consult-000063', 'company-0001', 'hc-patient-cardio-01329', 'cardiology', 1728026617793, 'Palpitations', 'Hypertension arterielle', 'Plan de traitement cardiologique', 'Consultation cardiologie', 'cancelled', 'user-admin-001', 1766786874876, 1766786874876);
INSERT OR IGNORE INTO healthcare_consultations (id, company_id, patient_id, module, consultation_date, reason, diagnosis, treatment_plan, notes, status, created_by, created_at, updated_at) VALUES ('cardio-consult-000064', 'company-0001', 'hc-patient-cardio-01497', 'cardiology', 1740219007154, 'Suivi', 'Endocardite', 'Plan de traitement cardiologique', 'Consultation cardiologie', 'scheduled', 'user-admin-001', 1766786874876, 1766786874876);
INSERT OR IGNORE INTO healthcare_consultations (id, company_id, patient_id, module, consultation_date, reason, diagnosis, treatment_plan, notes, status, created_by, created_at, updated_at) VALUES ('cardio-consult-000065', 'company-0001', 'hc-patient-cardio-00302', 'cardiology', 1730878885856, 'Dyspnee', 'Insuffisance cardiaque', 'Plan de traitement cardiologique', 'Consultation cardiologie', 'scheduled', 'user-admin-001', 1766786874876, 1766786874876);
INSERT OR IGNORE INTO healthcare_consultations (id, company_id, patient_id, module, consultation_date, reason, diagnosis, treatment_plan, notes, status, created_by, created_at, updated_at) VALUES ('cardio-consult-000066', 'company-0001', 'hc-patient-cardio-01884', 'cardiology', 1730006739637, 'Suivi', 'Cardiomyopathie dilatee', 'Plan de traitement cardiologique', 'Consultation cardiologie', 'completed', 'user-admin-001', 1766786874876, 1766786874876);
INSERT OR IGNORE INTO healthcare_consultations (id, company_id, patient_id, module, consultation_date, reason, diagnosis, treatment_plan, notes, status, created_by, created_at, updated_at) VALUES ('cardio-consult-000067', 'company-0001', 'hc-patient-cardio-01160', 'cardiology', 1725408558108, 'Douleur thoracique', 'Fibrillation auriculaire', 'Plan de traitement cardiologique', 'Consultation cardiologie', 'completed', 'user-admin-001', 1766786874876, 1766786874876);
INSERT OR IGNORE INTO healthcare_consultations (id, company_id, patient_id, module, consultation_date, reason, diagnosis, treatment_plan, notes, status, created_by, created_at, updated_at) VALUES ('cardio-consult-000068', 'company-0001', 'hc-patient-cardio-01673', 'cardiology', 1765586797409, 'Dyspnee', 'Arythmie ventriculaire', 'Plan de traitement cardiologique', 'Consultation cardiologie', 'completed', 'user-admin-001', 1766786874876, 1766786874876);
INSERT OR IGNORE INTO healthcare_consultations (id, company_id, patient_id, module, consultation_date, reason, diagnosis, treatment_plan, notes, status, created_by, created_at, updated_at) VALUES ('cardio-consult-000069', 'company-0001', 'hc-patient-cardio-00846', 'cardiology', 1745023055124, 'Suivi', 'Cardiopathie ischemique', 'Plan de traitement cardiologique', 'Consultation cardiologie', 'scheduled', 'user-admin-001', 1766786874876, 1766786874876);
INSERT OR IGNORE INTO healthcare_consultations (id, company_id, patient_id, module, consultation_date, reason, diagnosis, treatment_plan, notes, status, created_by, created_at, updated_at) VALUES ('cardio-consult-000070', 'company-0001', 'hc-patient-cardio-00383', 'cardiology', 1727218514255, 'Palpitations', 'Hypertension arterielle', 'Plan de traitement cardiologique', 'Consultation cardiologie', 'completed', 'user-admin-001', 1766786874876, 1766786874876);
INSERT OR IGNORE INTO healthcare_consultations (id, company_id, patient_id, module, consultation_date, reason, diagnosis, treatment_plan, notes, status, created_by, created_at, updated_at) VALUES ('cardio-consult-000071', 'company-0001', 'hc-patient-cardio-01449', 'cardiology', 1765593818781, 'Douleur thoracique', 'Cardiopathie ischemique', 'Plan de traitement cardiologique', 'Consultation cardiologie', 'cancelled', 'user-admin-001', 1766786874876, 1766786874876);
INSERT OR IGNORE INTO healthcare_consultations (id, company_id, patient_id, module, consultation_date, reason, diagnosis, treatment_plan, notes, status, created_by, created_at, updated_at) VALUES ('cardio-consult-000072', 'company-0001', 'hc-patient-cardio-00735', 'cardiology', 1717373182026, 'Controle post-intervention', 'Syndrome coronarien aigu', 'Plan de traitement cardiologique', 'Consultation cardiologie', 'cancelled', 'user-admin-001', 1766786874876, 1766786874876);
INSERT OR IGNORE INTO healthcare_consultations (id, company_id, patient_id, module, consultation_date, reason, diagnosis, treatment_plan, notes, status, created_by, created_at, updated_at) VALUES ('cardio-consult-000073', 'company-0001', 'hc-patient-cardio-00669', 'cardiology', 1713847829871, 'Controle post-intervention', 'Insuffisance cardiaque', 'Plan de traitement cardiologique', 'Consultation cardiologie', 'completed', 'user-admin-001', 1766786874876, 1766786874876);
INSERT OR IGNORE INTO healthcare_consultations (id, company_id, patient_id, module, consultation_date, reason, diagnosis, treatment_plan, notes, status, created_by, created_at, updated_at) VALUES ('cardio-consult-000074', 'company-0001', 'hc-patient-cardio-00664', 'cardiology', 1716833412063, 'Controle post-intervention', 'Hypertension arterielle', 'Plan de traitement cardiologique', 'Consultation cardiologie', 'completed', 'user-admin-001', 1766786874876, 1766786874876);
INSERT OR IGNORE INTO healthcare_consultations (id, company_id, patient_id, module, consultation_date, reason, diagnosis, treatment_plan, notes, status, created_by, created_at, updated_at) VALUES ('cardio-consult-000075', 'company-0001', 'hc-patient-cardio-01171', 'cardiology', 1759262557872, 'Douleur thoracique', 'Pericardite', 'Plan de traitement cardiologique', 'Consultation cardiologie', 'completed', 'user-admin-001', 1766786874876, 1766786874876);
INSERT OR IGNORE INTO healthcare_consultations (id, company_id, patient_id, module, consultation_date, reason, diagnosis, treatment_plan, notes, status, created_by, created_at, updated_at) VALUES ('cardio-consult-000076', 'company-0001', 'hc-patient-cardio-01262', 'cardiology', 1753428087280, 'Controle post-intervention', 'Syndrome coronarien aigu', 'Plan de traitement cardiologique', 'Consultation cardiologie', 'cancelled', 'user-admin-001', 1766786874877, 1766786874877);
INSERT OR IGNORE INTO healthcare_consultations (id, company_id, patient_id, module, consultation_date, reason, diagnosis, treatment_plan, notes, status, created_by, created_at, updated_at) VALUES ('cardio-consult-000077', 'company-0001', 'hc-patient-cardio-00964', 'cardiology', 1714046424996, 'Douleur thoracique', 'Hypertension arterielle', 'Plan de traitement cardiologique', 'Consultation cardiologie', 'scheduled', 'user-admin-001', 1766786874877, 1766786874877);
INSERT OR IGNORE INTO healthcare_consultations (id, company_id, patient_id, module, consultation_date, reason, diagnosis, treatment_plan, notes, status, created_by, created_at, updated_at) VALUES ('cardio-consult-000078', 'company-0001', 'hc-patient-cardio-00975', 'cardiology', 1739268209359, 'Suivi', 'Syndrome coronarien aigu', 'Plan de traitement cardiologique', 'Consultation cardiologie', 'scheduled', 'user-admin-001', 1766786874877, 1766786874877);
INSERT OR IGNORE INTO healthcare_consultations (id, company_id, patient_id, module, consultation_date, reason, diagnosis, treatment_plan, notes, status, created_by, created_at, updated_at) VALUES ('cardio-consult-000079', 'company-0001', 'hc-patient-cardio-01838', 'cardiology', 1745064455864, 'Palpitations', 'Pericardite', 'Plan de traitement cardiologique', 'Consultation cardiologie', 'scheduled', 'user-admin-001', 1766786874877, 1766786874877);
INSERT OR IGNORE INTO healthcare_consultations (id, company_id, patient_id, module, consultation_date, reason, diagnosis, treatment_plan, notes, status, created_by, created_at, updated_at) VALUES ('cardio-consult-000080', 'company-0001', 'hc-patient-cardio-00294', 'cardiology', 1727588613561, 'Dyspnee', 'Arythmie ventriculaire', 'Plan de traitement cardiologique', 'Consultation cardiologie', 'completed', 'user-admin-001', 1766786874877, 1766786874877);
INSERT OR IGNORE INTO healthcare_consultations (id, company_id, patient_id, module, consultation_date, reason, diagnosis, treatment_plan, notes, status, created_by, created_at, updated_at) VALUES ('cardio-consult-000081', 'company-0001', 'hc-patient-cardio-01022', 'cardiology', 1745018831187, 'Controle post-intervention', 'Insuffisance cardiaque', 'Plan de traitement cardiologique', 'Consultation cardiologie', 'completed', 'user-admin-001', 1766786874877, 1766786874877);
INSERT OR IGNORE INTO healthcare_consultations (id, company_id, patient_id, module, consultation_date, reason, diagnosis, treatment_plan, notes, status, created_by, created_at, updated_at) VALUES ('cardio-consult-000082', 'company-0001', 'hc-patient-cardio-01359', 'cardiology', 1748419160323, 'Controle post-intervention', 'Arythmie ventriculaire', 'Plan de traitement cardiologique', 'Consultation cardiologie', 'cancelled', 'user-admin-001', 1766786874877, 1766786874877);
INSERT OR IGNORE INTO healthcare_consultations (id, company_id, patient_id, module, consultation_date, reason, diagnosis, treatment_plan, notes, status, created_by, created_at, updated_at) VALUES ('cardio-consult-000083', 'company-0001', 'hc-patient-cardio-00915', 'cardiology', 1725887302690, 'Suivi', 'Arythmie ventriculaire', 'Plan de traitement cardiologique', 'Consultation cardiologie', 'cancelled', 'user-admin-001', 1766786874877, 1766786874877);
INSERT OR IGNORE INTO healthcare_consultations (id, company_id, patient_id, module, consultation_date, reason, diagnosis, treatment_plan, notes, status, created_by, created_at, updated_at) VALUES ('cardio-consult-000084', 'company-0001', 'hc-patient-cardio-01026', 'cardiology', 1719922888392, 'Palpitations', 'Insuffisance cardiaque', 'Plan de traitement cardiologique', 'Consultation cardiologie', 'cancelled', 'user-admin-001', 1766786874877, 1766786874877);
INSERT OR IGNORE INTO healthcare_consultations (id, company_id, patient_id, module, consultation_date, reason, diagnosis, treatment_plan, notes, status, created_by, created_at, updated_at) VALUES ('cardio-consult-000085', 'company-0001', 'hc-patient-cardio-01546', 'cardiology', 1725271899186, 'Suivi', 'Hypertension arterielle', 'Plan de traitement cardiologique', 'Consultation cardiologie', 'cancelled', 'user-admin-001', 1766786874877, 1766786874877);
INSERT OR IGNORE INTO healthcare_consultations (id, company_id, patient_id, module, consultation_date, reason, diagnosis, treatment_plan, notes, status, created_by, created_at, updated_at) VALUES ('cardio-consult-000086', 'company-0001', 'hc-patient-cardio-01778', 'cardiology', 1724026806792, 'Suivi', 'Hypertension arterielle', 'Plan de traitement cardiologique', 'Consultation cardiologie', 'scheduled', 'user-admin-001', 1766786874877, 1766786874877);
INSERT OR IGNORE INTO healthcare_consultations (id, company_id, patient_id, module, consultation_date, reason, diagnosis, treatment_plan, notes, status, created_by, created_at, updated_at) VALUES ('cardio-consult-000087', 'company-0001', 'hc-patient-cardio-01029', 'cardiology', 1741226459023, 'Controle post-intervention', 'Syndrome coronarien aigu', 'Plan de traitement cardiologique', 'Consultation cardiologie', 'cancelled', 'user-admin-001', 1766786874877, 1766786874877);
INSERT OR IGNORE INTO healthcare_consultations (id, company_id, patient_id, module, consultation_date, reason, diagnosis, treatment_plan, notes, status, created_by, created_at, updated_at) VALUES ('cardio-consult-000088', 'company-0001', 'hc-patient-cardio-00874', 'cardiology', 1735355367169, 'Suivi', 'Endocardite', 'Plan de traitement cardiologique', 'Consultation cardiologie', 'completed', 'user-admin-001', 1766786874877, 1766786874877);
INSERT OR IGNORE INTO healthcare_consultations (id, company_id, patient_id, module, consultation_date, reason, diagnosis, treatment_plan, notes, status, created_by, created_at, updated_at) VALUES ('cardio-consult-000089', 'company-0001', 'hc-patient-cardio-00819', 'cardiology', 1715869108222, 'Controle post-intervention', 'Hypertension arterielle', 'Plan de traitement cardiologique', 'Consultation cardiologie', 'scheduled', 'user-admin-001', 1766786874877, 1766786874877);
INSERT OR IGNORE INTO healthcare_consultations (id, company_id, patient_id, module, consultation_date, reason, diagnosis, treatment_plan, notes, status, created_by, created_at, updated_at) VALUES ('cardio-consult-000090', 'company-0001', 'hc-patient-cardio-01076', 'cardiology', 1751752210369, 'Dyspnee', 'Valvulopathie', 'Plan de traitement cardiologique', 'Consultation cardiologie', 'cancelled', 'user-admin-001', 1766786874877, 1766786874877);
INSERT OR IGNORE INTO healthcare_consultations (id, company_id, patient_id, module, consultation_date, reason, diagnosis, treatment_plan, notes, status, created_by, created_at, updated_at) VALUES ('cardio-consult-000091', 'company-0001', 'hc-patient-cardio-01526', 'cardiology', 1766737460632, 'Syncope', 'Endocardite', 'Plan de traitement cardiologique', 'Consultation cardiologie', 'scheduled', 'user-admin-001', 1766786874877, 1766786874877);
INSERT OR IGNORE INTO healthcare_consultations (id, company_id, patient_id, module, consultation_date, reason, diagnosis, treatment_plan, notes, status, created_by, created_at, updated_at) VALUES ('cardio-consult-000092', 'company-0001', 'hc-patient-cardio-00745', 'cardiology', 1722702414508, 'Controle post-intervention', 'Endocardite', 'Plan de traitement cardiologique', 'Consultation cardiologie', 'scheduled', 'user-admin-001', 1766786874877, 1766786874877);
INSERT OR IGNORE INTO healthcare_consultations (id, company_id, patient_id, module, consultation_date, reason, diagnosis, treatment_plan, notes, status, created_by, created_at, updated_at) VALUES ('cardio-consult-000093', 'company-0001', 'hc-patient-cardio-01402', 'cardiology', 1741567990405, 'Syncope', 'Hypertension arterielle', 'Plan de traitement cardiologique', 'Consultation cardiologie', 'cancelled', 'user-admin-001', 1766786874877, 1766786874877);
INSERT OR IGNORE INTO healthcare_consultations (id, company_id, patient_id, module, consultation_date, reason, diagnosis, treatment_plan, notes, status, created_by, created_at, updated_at) VALUES ('cardio-consult-000094', 'company-0001', 'hc-patient-cardio-00520', 'cardiology', 1741218870726, 'Dyspnee', 'Cardiopathie ischemique', 'Plan de traitement cardiologique', 'Consultation cardiologie', 'cancelled', 'user-admin-001', 1766786874877, 1766786874877);
INSERT OR IGNORE INTO healthcare_consultations (id, company_id, patient_id, module, consultation_date, reason, diagnosis, treatment_plan, notes, status, created_by, created_at, updated_at) VALUES ('cardio-consult-000095', 'company-0001', 'hc-patient-cardio-01408', 'cardiology', 1766997450602, 'Dyspnee', 'Valvulopathie', 'Plan de traitement cardiologique', 'Consultation cardiologie', 'cancelled', 'user-admin-001', 1766786874877, 1766786874877);
INSERT OR IGNORE INTO healthcare_consultations (id, company_id, patient_id, module, consultation_date, reason, diagnosis, treatment_plan, notes, status, created_by, created_at, updated_at) VALUES ('cardio-consult-000096', 'company-0001', 'hc-patient-cardio-00168', 'cardiology', 1714179691148, 'Suivi', 'Pericardite', 'Plan de traitement cardiologique', 'Consultation cardiologie', 'completed', 'user-admin-001', 1766786874877, 1766786874877);
INSERT OR IGNORE INTO healthcare_consultations (id, company_id, patient_id, module, consultation_date, reason, diagnosis, treatment_plan, notes, status, created_by, created_at, updated_at) VALUES ('cardio-consult-000097', 'company-0001', 'hc-patient-cardio-01879', 'cardiology', 1728234478910, 'Dyspnee', 'Insuffisance cardiaque', 'Plan de traitement cardiologique', 'Consultation cardiologie', 'scheduled', 'user-admin-001', 1766786874877, 1766786874877);
INSERT OR IGNORE INTO healthcare_consultations (id, company_id, patient_id, module, consultation_date, reason, diagnosis, treatment_plan, notes, status, created_by, created_at, updated_at) VALUES ('cardio-consult-000098', 'company-0001', 'hc-patient-cardio-01790', 'cardiology', 1708349680372, 'Douleur thoracique', 'Fibrillation auriculaire', 'Plan de traitement cardiologique', 'Consultation cardiologie', 'cancelled', 'user-admin-001', 1766786874877, 1766786874877);
INSERT OR IGNORE INTO healthcare_consultations (id, company_id, patient_id, module, consultation_date, reason, diagnosis, treatment_plan, notes, status, created_by, created_at, updated_at) VALUES ('cardio-consult-000099', 'company-0001', 'hc-patient-cardio-00013', 'cardiology', 1726664461349, 'Dyspnee', 'Hypertension arterielle', 'Plan de traitement cardiologique', 'Consultation cardiologie', 'scheduled', 'user-admin-001', 1766786874877, 1766786874877);
INSERT OR IGNORE INTO healthcare_consultations (id, company_id, patient_id, module, consultation_date, reason, diagnosis, treatment_plan, notes, status, created_by, created_at, updated_at) VALUES ('cardio-consult-000100', 'company-0001', 'hc-patient-cardio-00850', 'cardiology', 1731281196091, 'Suivi', 'Endocardite', 'Plan de traitement cardiologique', 'Consultation cardiologie', 'scheduled', 'user-admin-001', 1766786874877, 1766786874877);
INSERT OR IGNORE INTO healthcare_consultations (id, company_id, patient_id, module, consultation_date, reason, diagnosis, treatment_plan, notes, status, created_by, created_at, updated_at) VALUES ('cardio-consult-000101', 'company-0001', 'hc-patient-cardio-00004', 'cardiology', 1753474683429, 'Suivi', 'Fibrillation auriculaire', 'Plan de traitement cardiologique', 'Consultation cardiologie', 'cancelled', 'user-admin-001', 1766786874877, 1766786874877);
INSERT OR IGNORE INTO healthcare_consultations (id, company_id, patient_id, module, consultation_date, reason, diagnosis, treatment_plan, notes, status, created_by, created_at, updated_at) VALUES ('cardio-consult-000102', 'company-0001', 'hc-patient-cardio-00538', 'cardiology', 1732553524550, 'Palpitations', 'Pericardite', 'Plan de traitement cardiologique', 'Consultation cardiologie', 'cancelled', 'user-admin-001', 1766786874877, 1766786874877);
INSERT OR IGNORE INTO healthcare_consultations (id, company_id, patient_id, module, consultation_date, reason, diagnosis, treatment_plan, notes, status, created_by, created_at, updated_at) VALUES ('cardio-consult-000103', 'company-0001', 'hc-patient-cardio-00176', 'cardiology', 1732046529537, 'Palpitations', 'Syndrome coronarien aigu', 'Plan de traitement cardiologique', 'Consultation cardiologie', 'scheduled', 'user-admin-001', 1766786874877, 1766786874877);
INSERT OR IGNORE INTO healthcare_consultations (id, company_id, patient_id, module, consultation_date, reason, diagnosis, treatment_plan, notes, status, created_by, created_at, updated_at) VALUES ('cardio-consult-000104', 'company-0001', 'hc-patient-cardio-00820', 'cardiology', 1713580681396, 'Palpitations', 'Syndrome coronarien aigu', 'Plan de traitement cardiologique', 'Consultation cardiologie', 'completed', 'user-admin-001', 1766786874877, 1766786874877);
INSERT OR IGNORE INTO healthcare_consultations (id, company_id, patient_id, module, consultation_date, reason, diagnosis, treatment_plan, notes, status, created_by, created_at, updated_at) VALUES ('cardio-consult-000105', 'company-0001', 'hc-patient-cardio-00614', 'cardiology', 1756041517900, 'Suivi', 'Arythmie ventriculaire', 'Plan de traitement cardiologique', 'Consultation cardiologie', 'scheduled', 'user-admin-001', 1766786874877, 1766786874877);
INSERT OR IGNORE INTO healthcare_consultations (id, company_id, patient_id, module, consultation_date, reason, diagnosis, treatment_plan, notes, status, created_by, created_at, updated_at) VALUES ('cardio-consult-000106', 'company-0001', 'hc-patient-cardio-00872', 'cardiology', 1712788212442, 'Syncope', 'Syndrome coronarien aigu', 'Plan de traitement cardiologique', 'Consultation cardiologie', 'scheduled', 'user-admin-001', 1766786874877, 1766786874877);
INSERT OR IGNORE INTO healthcare_consultations (id, company_id, patient_id, module, consultation_date, reason, diagnosis, treatment_plan, notes, status, created_by, created_at, updated_at) VALUES ('cardio-consult-000107', 'company-0001', 'hc-patient-cardio-01712', 'cardiology', 1752122746861, 'Palpitations', 'Cardiopathie ischemique', 'Plan de traitement cardiologique', 'Consultation cardiologie', 'cancelled', 'user-admin-001', 1766786874877, 1766786874877);
INSERT OR IGNORE INTO healthcare_consultations (id, company_id, patient_id, module, consultation_date, reason, diagnosis, treatment_plan, notes, status, created_by, created_at, updated_at) VALUES ('cardio-consult-000108', 'company-0001', 'hc-patient-cardio-00545', 'cardiology', 1753530988204, 'Controle post-intervention', 'Pericardite', 'Plan de traitement cardiologique', 'Consultation cardiologie', 'completed', 'user-admin-001', 1766786874877, 1766786874877);
INSERT OR IGNORE INTO healthcare_consultations (id, company_id, patient_id, module, consultation_date, reason, diagnosis, treatment_plan, notes, status, created_by, created_at, updated_at) VALUES ('cardio-consult-000109', 'company-0001', 'hc-patient-cardio-01029', 'cardiology', 1714762682607, 'Palpitations', 'Fibrillation auriculaire', 'Plan de traitement cardiologique', 'Consultation cardiologie', 'completed', 'user-admin-001', 1766786874877, 1766786874877);
INSERT OR IGNORE INTO healthcare_consultations (id, company_id, patient_id, module, consultation_date, reason, diagnosis, treatment_plan, notes, status, created_by, created_at, updated_at) VALUES ('cardio-consult-000110', 'company-0001', 'hc-patient-cardio-00947', 'cardiology', 1738045866227, 'Douleur thoracique', 'Cardiopathie ischemique', 'Plan de traitement cardiologique', 'Consultation cardiologie', 'cancelled', 'user-admin-001', 1766786874877, 1766786874877);
INSERT OR IGNORE INTO healthcare_consultations (id, company_id, patient_id, module, consultation_date, reason, diagnosis, treatment_plan, notes, status, created_by, created_at, updated_at) VALUES ('cardio-consult-000111', 'company-0001', 'hc-patient-cardio-01621', 'cardiology', 1738340232259, 'Syncope', 'Hypertension arterielle', 'Plan de traitement cardiologique', 'Consultation cardiologie', 'scheduled', 'user-admin-001', 1766786874877, 1766786874877);
INSERT OR IGNORE INTO healthcare_consultations (id, company_id, patient_id, module, consultation_date, reason, diagnosis, treatment_plan, notes, status, created_by, created_at, updated_at) VALUES ('cardio-consult-000112', 'company-0001', 'hc-patient-cardio-00676', 'cardiology', 1734483688717, 'Controle post-intervention', 'Pericardite', 'Plan de traitement cardiologique', 'Consultation cardiologie', 'completed', 'user-admin-001', 1766786874877, 1766786874877);
INSERT OR IGNORE INTO healthcare_consultations (id, company_id, patient_id, module, consultation_date, reason, diagnosis, treatment_plan, notes, status, created_by, created_at, updated_at) VALUES ('cardio-consult-000113', 'company-0001', 'hc-patient-cardio-00402', 'cardiology', 1764980370915, 'Controle post-intervention', 'Cardiopathie ischemique', 'Plan de traitement cardiologique', 'Consultation cardiologie', 'cancelled', 'user-admin-001', 1766786874877, 1766786874877);
INSERT OR IGNORE INTO healthcare_consultations (id, company_id, patient_id, module, consultation_date, reason, diagnosis, treatment_plan, notes, status, created_by, created_at, updated_at) VALUES ('cardio-consult-000114', 'company-0001', 'hc-patient-cardio-00382', 'cardiology', 1766151682727, 'Douleur thoracique', 'Endocardite', 'Plan de traitement cardiologique', 'Consultation cardiologie', 'cancelled', 'user-admin-001', 1766786874877, 1766786874877);
INSERT OR IGNORE INTO healthcare_consultations (id, company_id, patient_id, module, consultation_date, reason, diagnosis, treatment_plan, notes, status, created_by, created_at, updated_at) VALUES ('cardio-consult-000115', 'company-0001', 'hc-patient-cardio-00518', 'cardiology', 1724014153849, 'Palpitations', 'Syndrome coronarien aigu', 'Plan de traitement cardiologique', 'Consultation cardiologie', 'cancelled', 'user-admin-001', 1766786874877, 1766786874877);
INSERT OR IGNORE INTO healthcare_consultations (id, company_id, patient_id, module, consultation_date, reason, diagnosis, treatment_plan, notes, status, created_by, created_at, updated_at) VALUES ('cardio-consult-000116', 'company-0001', 'hc-patient-cardio-00183', 'cardiology', 1748376523670, 'Controle post-intervention', 'Syndrome coronarien aigu', 'Plan de traitement cardiologique', 'Consultation cardiologie', 'scheduled', 'user-admin-001', 1766786874877, 1766786874877);
INSERT OR IGNORE INTO healthcare_consultations (id, company_id, patient_id, module, consultation_date, reason, diagnosis, treatment_plan, notes, status, created_by, created_at, updated_at) VALUES ('cardio-consult-000117', 'company-0001', 'hc-patient-cardio-00758', 'cardiology', 1756622875398, 'Syncope', 'Cardiomyopathie dilatee', 'Plan de traitement cardiologique', 'Consultation cardiologie', 'completed', 'user-admin-001', 1766786874877, 1766786874877);
INSERT OR IGNORE INTO healthcare_consultations (id, company_id, patient_id, module, consultation_date, reason, diagnosis, treatment_plan, notes, status, created_by, created_at, updated_at) VALUES ('cardio-consult-000118', 'company-0001', 'hc-patient-cardio-00865', 'cardiology', 1710674597261, 'Douleur thoracique', 'Cardiomyopathie dilatee', 'Plan de traitement cardiologique', 'Consultation cardiologie', 'scheduled', 'user-admin-001', 1766786874877, 1766786874877);
INSERT OR IGNORE INTO healthcare_consultations (id, company_id, patient_id, module, consultation_date, reason, diagnosis, treatment_plan, notes, status, created_by, created_at, updated_at) VALUES ('cardio-consult-000119', 'company-0001', 'hc-patient-cardio-01525', 'cardiology', 1715883708535, 'Syncope', 'Syndrome coronarien aigu', 'Plan de traitement cardiologique', 'Consultation cardiologie', 'cancelled', 'user-admin-001', 1766786874877, 1766786874877);
INSERT OR IGNORE INTO healthcare_consultations (id, company_id, patient_id, module, consultation_date, reason, diagnosis, treatment_plan, notes, status, created_by, created_at, updated_at) VALUES ('cardio-consult-000120', 'company-0001', 'hc-patient-cardio-00649', 'cardiology', 1706814165980, 'Suivi', 'Pericardite', 'Plan de traitement cardiologique', 'Consultation cardiologie', 'scheduled', 'user-admin-001', 1766786874877, 1766786874877);
INSERT OR IGNORE INTO healthcare_consultations (id, company_id, patient_id, module, consultation_date, reason, diagnosis, treatment_plan, notes, status, created_by, created_at, updated_at) VALUES ('cardio-consult-000121', 'company-0001', 'hc-patient-cardio-00239', 'cardiology', 1725191012271, 'Suivi', 'Cardiomyopathie dilatee', 'Plan de traitement cardiologique', 'Consultation cardiologie', 'cancelled', 'user-admin-001', 1766786874877, 1766786874877);
INSERT OR IGNORE INTO healthcare_consultations (id, company_id, patient_id, module, consultation_date, reason, diagnosis, treatment_plan, notes, status, created_by, created_at, updated_at) VALUES ('cardio-consult-000122', 'company-0001', 'hc-patient-cardio-00681', 'cardiology', 1763367698654, 'Suivi', 'Cardiopathie ischemique', 'Plan de traitement cardiologique', 'Consultation cardiologie', 'scheduled', 'user-admin-001', 1766786874877, 1766786874877);
INSERT OR IGNORE INTO healthcare_consultations (id, company_id, patient_id, module, consultation_date, reason, diagnosis, treatment_plan, notes, status, created_by, created_at, updated_at) VALUES ('cardio-consult-000123', 'company-0001', 'hc-patient-cardio-00181', 'cardiology', 1722375826622, 'Douleur thoracique', 'Valvulopathie', 'Plan de traitement cardiologique', 'Consultation cardiologie', 'cancelled', 'user-admin-001', 1766786874877, 1766786874877);
INSERT OR IGNORE INTO healthcare_consultations (id, company_id, patient_id, module, consultation_date, reason, diagnosis, treatment_plan, notes, status, created_by, created_at, updated_at) VALUES ('cardio-consult-000124', 'company-0001', 'hc-patient-cardio-00294', 'cardiology', 1752300653382, 'Palpitations', 'Cardiopathie ischemique', 'Plan de traitement cardiologique', 'Consultation cardiologie', 'completed', 'user-admin-001', 1766786874877, 1766786874877);
INSERT OR IGNORE INTO healthcare_consultations (id, company_id, patient_id, module, consultation_date, reason, diagnosis, treatment_plan, notes, status, created_by, created_at, updated_at) VALUES ('cardio-consult-000125', 'company-0001', 'hc-patient-cardio-01146', 'cardiology', 1746499291155, 'Suivi', 'Fibrillation auriculaire', 'Plan de traitement cardiologique', 'Consultation cardiologie', 'cancelled', 'user-admin-001', 1766786874877, 1766786874877);
INSERT OR IGNORE INTO healthcare_consultations (id, company_id, patient_id, module, consultation_date, reason, diagnosis, treatment_plan, notes, status, created_by, created_at, updated_at) VALUES ('cardio-consult-000126', 'company-0001', 'hc-patient-cardio-01359', 'cardiology', 1742820770308, 'Suivi', 'Arythmie ventriculaire', 'Plan de traitement cardiologique', 'Consultation cardiologie', 'scheduled', 'user-admin-001', 1766786874877, 1766786874877);
INSERT OR IGNORE INTO healthcare_consultations (id, company_id, patient_id, module, consultation_date, reason, diagnosis, treatment_plan, notes, status, created_by, created_at, updated_at) VALUES ('cardio-consult-000127', 'company-0001', 'hc-patient-cardio-00979', 'cardiology', 1725430747892, 'Controle post-intervention', 'Hypertension arterielle', 'Plan de traitement cardiologique', 'Consultation cardiologie', 'scheduled', 'user-admin-001', 1766786874877, 1766786874877);
INSERT OR IGNORE INTO healthcare_consultations (id, company_id, patient_id, module, consultation_date, reason, diagnosis, treatment_plan, notes, status, created_by, created_at, updated_at) VALUES ('cardio-consult-000128', 'company-0001', 'hc-patient-cardio-00490', 'cardiology', 1755962494221, 'Dyspnee', 'Fibrillation auriculaire', 'Plan de traitement cardiologique', 'Consultation cardiologie', 'scheduled', 'user-admin-001', 1766786874877, 1766786874877);
INSERT OR IGNORE INTO healthcare_consultations (id, company_id, patient_id, module, consultation_date, reason, diagnosis, treatment_plan, notes, status, created_by, created_at, updated_at) VALUES ('cardio-consult-000129', 'company-0001', 'hc-patient-cardio-00588', 'cardiology', 1740119376177, 'Palpitations', 'Cardiopathie ischemique', 'Plan de traitement cardiologique', 'Consultation cardiologie', 'scheduled', 'user-admin-001', 1766786874877, 1766786874877);
INSERT OR IGNORE INTO healthcare_consultations (id, company_id, patient_id, module, consultation_date, reason, diagnosis, treatment_plan, notes, status, created_by, created_at, updated_at) VALUES ('cardio-consult-000130', 'company-0001', 'hc-patient-cardio-01379', 'cardiology', 1715691259653, 'Douleur thoracique', 'Cardiopathie ischemique', 'Plan de traitement cardiologique', 'Consultation cardiologie', 'scheduled', 'user-admin-001', 1766786874877, 1766786874877);
INSERT OR IGNORE INTO healthcare_consultations (id, company_id, patient_id, module, consultation_date, reason, diagnosis, treatment_plan, notes, status, created_by, created_at, updated_at) VALUES ('cardio-consult-000131', 'company-0001', 'hc-patient-cardio-00865', 'cardiology', 1737071397541, 'Dyspnee', 'Fibrillation auriculaire', 'Plan de traitement cardiologique', 'Consultation cardiologie', 'completed', 'user-admin-001', 1766786874877, 1766786874877);
INSERT OR IGNORE INTO healthcare_consultations (id, company_id, patient_id, module, consultation_date, reason, diagnosis, treatment_plan, notes, status, created_by, created_at, updated_at) VALUES ('cardio-consult-000132', 'company-0001', 'hc-patient-cardio-00555', 'cardiology', 1716782108386, 'Controle post-intervention', 'Insuffisance cardiaque', 'Plan de traitement cardiologique', 'Consultation cardiologie', 'scheduled', 'user-admin-001', 1766786874877, 1766786874877);
INSERT OR IGNORE INTO healthcare_consultations (id, company_id, patient_id, module, consultation_date, reason, diagnosis, treatment_plan, notes, status, created_by, created_at, updated_at) VALUES ('cardio-consult-000133', 'company-0001', 'hc-patient-cardio-01695', 'cardiology', 1721881123960, 'Syncope', 'Insuffisance cardiaque', 'Plan de traitement cardiologique', 'Consultation cardiologie', 'scheduled', 'user-admin-001', 1766786874877, 1766786874877);
INSERT OR IGNORE INTO healthcare_consultations (id, company_id, patient_id, module, consultation_date, reason, diagnosis, treatment_plan, notes, status, created_by, created_at, updated_at) VALUES ('cardio-consult-000134', 'company-0001', 'hc-patient-cardio-01152', 'cardiology', 1738810942556, 'Suivi', 'Endocardite', 'Plan de traitement cardiologique', 'Consultation cardiologie', 'cancelled', 'user-admin-001', 1766786874877, 1766786874877);
INSERT OR IGNORE INTO healthcare_consultations (id, company_id, patient_id, module, consultation_date, reason, diagnosis, treatment_plan, notes, status, created_by, created_at, updated_at) VALUES ('cardio-consult-000135', 'company-0001', 'hc-patient-cardio-00450', 'cardiology', 1715414442318, 'Douleur thoracique', 'Hypertension arterielle', 'Plan de traitement cardiologique', 'Consultation cardiologie', 'completed', 'user-admin-001', 1766786874877, 1766786874877);
INSERT OR IGNORE INTO healthcare_consultations (id, company_id, patient_id, module, consultation_date, reason, diagnosis, treatment_plan, notes, status, created_by, created_at, updated_at) VALUES ('cardio-consult-000136', 'company-0001', 'hc-patient-cardio-00961', 'cardiology', 1717721264135, 'Controle post-intervention', 'Arythmie ventriculaire', 'Plan de traitement cardiologique', 'Consultation cardiologie', 'completed', 'user-admin-001', 1766786874877, 1766786874877);
INSERT OR IGNORE INTO healthcare_consultations (id, company_id, patient_id, module, consultation_date, reason, diagnosis, treatment_plan, notes, status, created_by, created_at, updated_at) VALUES ('cardio-consult-000137', 'company-0001', 'hc-patient-cardio-01575', 'cardiology', 1716601013011, 'Palpitations', 'Cardiomyopathie dilatee', 'Plan de traitement cardiologique', 'Consultation cardiologie', 'scheduled', 'user-admin-001', 1766786874877, 1766786874877);
INSERT OR IGNORE INTO healthcare_consultations (id, company_id, patient_id, module, consultation_date, reason, diagnosis, treatment_plan, notes, status, created_by, created_at, updated_at) VALUES ('cardio-consult-000138', 'company-0001', 'hc-patient-cardio-01663', 'cardiology', 1735084347363, 'Dyspnee', 'Cardiomyopathie dilatee', 'Plan de traitement cardiologique', 'Consultation cardiologie', 'completed', 'user-admin-001', 1766786874877, 1766786874877);
INSERT OR IGNORE INTO healthcare_consultations (id, company_id, patient_id, module, consultation_date, reason, diagnosis, treatment_plan, notes, status, created_by, created_at, updated_at) VALUES ('cardio-consult-000139', 'company-0001', 'hc-patient-cardio-01368', 'cardiology', 1758540083890, 'Controle post-intervention', 'Endocardite', 'Plan de traitement cardiologique', 'Consultation cardiologie', 'cancelled', 'user-admin-001', 1766786874877, 1766786874877);
INSERT OR IGNORE INTO healthcare_consultations (id, company_id, patient_id, module, consultation_date, reason, diagnosis, treatment_plan, notes, status, created_by, created_at, updated_at) VALUES ('cardio-consult-000140', 'company-0001', 'hc-patient-cardio-00726', 'cardiology', 1729133654267, 'Suivi', 'Cardiopathie ischemique', 'Plan de traitement cardiologique', 'Consultation cardiologie', 'scheduled', 'user-admin-001', 1766786874877, 1766786874877);
INSERT OR IGNORE INTO healthcare_consultations (id, company_id, patient_id, module, consultation_date, reason, diagnosis, treatment_plan, notes, status, created_by, created_at, updated_at) VALUES ('cardio-consult-000141', 'company-0001', 'hc-patient-cardio-01458', 'cardiology', 1728856542372, 'Douleur thoracique', 'Endocardite', 'Plan de traitement cardiologique', 'Consultation cardiologie', 'cancelled', 'user-admin-001', 1766786874877, 1766786874877);
INSERT OR IGNORE INTO healthcare_consultations (id, company_id, patient_id, module, consultation_date, reason, diagnosis, treatment_plan, notes, status, created_by, created_at, updated_at) VALUES ('cardio-consult-000142', 'company-0001', 'hc-patient-cardio-01056', 'cardiology', 1758333112724, 'Douleur thoracique', 'Endocardite', 'Plan de traitement cardiologique', 'Consultation cardiologie', 'cancelled', 'user-admin-001', 1766786874877, 1766786874877);
INSERT OR IGNORE INTO healthcare_consultations (id, company_id, patient_id, module, consultation_date, reason, diagnosis, treatment_plan, notes, status, created_by, created_at, updated_at) VALUES ('cardio-consult-000143', 'company-0001', 'hc-patient-cardio-01256', 'cardiology', 1726098652359, 'Dyspnee', 'Cardiomyopathie dilatee', 'Plan de traitement cardiologique', 'Consultation cardiologie', 'cancelled', 'user-admin-001', 1766786874877, 1766786874877);
INSERT OR IGNORE INTO healthcare_consultations (id, company_id, patient_id, module, consultation_date, reason, diagnosis, treatment_plan, notes, status, created_by, created_at, updated_at) VALUES ('cardio-consult-000144', 'company-0001', 'hc-patient-cardio-00538', 'cardiology', 1746961101537, 'Controle post-intervention', 'Arythmie ventriculaire', 'Plan de traitement cardiologique', 'Consultation cardiologie', 'scheduled', 'user-admin-001', 1766786874877, 1766786874877);
INSERT OR IGNORE INTO healthcare_consultations (id, company_id, patient_id, module, consultation_date, reason, diagnosis, treatment_plan, notes, status, created_by, created_at, updated_at) VALUES ('cardio-consult-000145', 'company-0001', 'hc-patient-cardio-01745', 'cardiology', 1758783110166, 'Suivi', 'Valvulopathie', 'Plan de traitement cardiologique', 'Consultation cardiologie', 'completed', 'user-admin-001', 1766786874877, 1766786874877);
INSERT OR IGNORE INTO healthcare_consultations (id, company_id, patient_id, module, consultation_date, reason, diagnosis, treatment_plan, notes, status, created_by, created_at, updated_at) VALUES ('cardio-consult-000146', 'company-0001', 'hc-patient-cardio-01609', 'cardiology', 1754968010277, 'Syncope', 'Hypertension arterielle', 'Plan de traitement cardiologique', 'Consultation cardiologie', 'scheduled', 'user-admin-001', 1766786874877, 1766786874877);
INSERT OR IGNORE INTO healthcare_consultations (id, company_id, patient_id, module, consultation_date, reason, diagnosis, treatment_plan, notes, status, created_by, created_at, updated_at) VALUES ('cardio-consult-000147', 'company-0001', 'hc-patient-cardio-01579', 'cardiology', 1723838416072, 'Douleur thoracique', 'Hypertension arterielle', 'Plan de traitement cardiologique', 'Consultation cardiologie', 'completed', 'user-admin-001', 1766786874877, 1766786874877);
INSERT OR IGNORE INTO healthcare_consultations (id, company_id, patient_id, module, consultation_date, reason, diagnosis, treatment_plan, notes, status, created_by, created_at, updated_at) VALUES ('cardio-consult-000148', 'company-0001', 'hc-patient-cardio-01347', 'cardiology', 1749260818805, 'Palpitations', 'Cardiopathie ischemique', 'Plan de traitement cardiologique', 'Consultation cardiologie', 'completed', 'user-admin-001', 1766786874877, 1766786874877);
INSERT OR IGNORE INTO healthcare_consultations (id, company_id, patient_id, module, consultation_date, reason, diagnosis, treatment_plan, notes, status, created_by, created_at, updated_at) VALUES ('cardio-consult-000149', 'company-0001', 'hc-patient-cardio-01402', 'cardiology', 1766033021408, 'Controle post-intervention', 'Hypertension arterielle', 'Plan de traitement cardiologique', 'Consultation cardiologie', 'cancelled', 'user-admin-001', 1766786874877, 1766786874877);
INSERT OR IGNORE INTO healthcare_consultations (id, company_id, patient_id, module, consultation_date, reason, diagnosis, treatment_plan, notes, status, created_by, created_at, updated_at) VALUES ('cardio-consult-000150', 'company-0001', 'hc-patient-cardio-00880', 'cardiology', 1719617595874, 'Suivi', 'Syndrome coronarien aigu', 'Plan de traitement cardiologique', 'Consultation cardiologie', 'scheduled', 'user-admin-001', 1766786874877, 1766786874877);
INSERT OR IGNORE INTO healthcare_consultations (id, company_id, patient_id, module, consultation_date, reason, diagnosis, treatment_plan, notes, status, created_by, created_at, updated_at) VALUES ('cardio-consult-000151', 'company-0001', 'hc-patient-cardio-01737', 'cardiology', 1727784481808, 'Suivi', 'Endocardite', 'Plan de traitement cardiologique', 'Consultation cardiologie', 'completed', 'user-admin-001', 1766786874877, 1766786874877);
INSERT OR IGNORE INTO healthcare_consultations (id, company_id, patient_id, module, consultation_date, reason, diagnosis, treatment_plan, notes, status, created_by, created_at, updated_at) VALUES ('cardio-consult-000152', 'company-0001', 'hc-patient-cardio-00091', 'cardiology', 1722493120451, 'Suivi', 'Insuffisance cardiaque', 'Plan de traitement cardiologique', 'Consultation cardiologie', 'cancelled', 'user-admin-001', 1766786874877, 1766786874877);
INSERT OR IGNORE INTO healthcare_consultations (id, company_id, patient_id, module, consultation_date, reason, diagnosis, treatment_plan, notes, status, created_by, created_at, updated_at) VALUES ('cardio-consult-000153', 'company-0001', 'hc-patient-cardio-00464', 'cardiology', 1740132646689, 'Douleur thoracique', 'Valvulopathie', 'Plan de traitement cardiologique', 'Consultation cardiologie', 'completed', 'user-admin-001', 1766786874877, 1766786874877);
INSERT OR IGNORE INTO healthcare_consultations (id, company_id, patient_id, module, consultation_date, reason, diagnosis, treatment_plan, notes, status, created_by, created_at, updated_at) VALUES ('cardio-consult-000154', 'company-0001', 'hc-patient-cardio-01362', 'cardiology', 1734985735079, 'Controle post-intervention', 'Arythmie ventriculaire', 'Plan de traitement cardiologique', 'Consultation cardiologie', 'completed', 'user-admin-001', 1766786874877, 1766786874877);
INSERT OR IGNORE INTO healthcare_consultations (id, company_id, patient_id, module, consultation_date, reason, diagnosis, treatment_plan, notes, status, created_by, created_at, updated_at) VALUES ('cardio-consult-000155', 'company-0001', 'hc-patient-cardio-01865', 'cardiology', 1715800731447, 'Palpitations', 'Cardiomyopathie dilatee', 'Plan de traitement cardiologique', 'Consultation cardiologie', 'cancelled', 'user-admin-001', 1766786874877, 1766786874877);
INSERT OR IGNORE INTO healthcare_consultations (id, company_id, patient_id, module, consultation_date, reason, diagnosis, treatment_plan, notes, status, created_by, created_at, updated_at) VALUES ('cardio-consult-000156', 'company-0001', 'hc-patient-cardio-00468', 'cardiology', 1712343775873, 'Controle post-intervention', 'Hypertension arterielle', 'Plan de traitement cardiologique', 'Consultation cardiologie', 'cancelled', 'user-admin-001', 1766786874877, 1766786874877);
INSERT OR IGNORE INTO healthcare_consultations (id, company_id, patient_id, module, consultation_date, reason, diagnosis, treatment_plan, notes, status, created_by, created_at, updated_at) VALUES ('cardio-consult-000157', 'company-0001', 'hc-patient-cardio-00956', 'cardiology', 1712883681459, 'Dyspnee', 'Syndrome coronarien aigu', 'Plan de traitement cardiologique', 'Consultation cardiologie', 'cancelled', 'user-admin-001', 1766786874877, 1766786874877);
INSERT OR IGNORE INTO healthcare_consultations (id, company_id, patient_id, module, consultation_date, reason, diagnosis, treatment_plan, notes, status, created_by, created_at, updated_at) VALUES ('cardio-consult-000158', 'company-0001', 'hc-patient-cardio-00001', 'cardiology', 1721354291470, 'Dyspnee', 'Cardiomyopathie dilatee', 'Plan de traitement cardiologique', 'Consultation cardiologie', 'completed', 'user-admin-001', 1766786874877, 1766786874877);
INSERT OR IGNORE INTO healthcare_consultations (id, company_id, patient_id, module, consultation_date, reason, diagnosis, treatment_plan, notes, status, created_by, created_at, updated_at) VALUES ('cardio-consult-000159', 'company-0001', 'hc-patient-cardio-00684', 'cardiology', 1720472300650, 'Controle post-intervention', 'Hypertension arterielle', 'Plan de traitement cardiologique', 'Consultation cardiologie', 'cancelled', 'user-admin-001', 1766786874877, 1766786874877);
INSERT OR IGNORE INTO healthcare_consultations (id, company_id, patient_id, module, consultation_date, reason, diagnosis, treatment_plan, notes, status, created_by, created_at, updated_at) VALUES ('cardio-consult-000160', 'company-0001', 'hc-patient-cardio-01203', 'cardiology', 1709566891041, 'Palpitations', 'Pericardite', 'Plan de traitement cardiologique', 'Consultation cardiologie', 'cancelled', 'user-admin-001', 1766786874877, 1766786874877);
INSERT OR IGNORE INTO healthcare_consultations (id, company_id, patient_id, module, consultation_date, reason, diagnosis, treatment_plan, notes, status, created_by, created_at, updated_at) VALUES ('cardio-consult-000161', 'company-0001', 'hc-patient-cardio-01928', 'cardiology', 1763961376859, 'Douleur thoracique', 'Arythmie ventriculaire', 'Plan de traitement cardiologique', 'Consultation cardiologie', 'cancelled', 'user-admin-001', 1766786874877, 1766786874877);
INSERT OR IGNORE INTO healthcare_consultations (id, company_id, patient_id, module, consultation_date, reason, diagnosis, treatment_plan, notes, status, created_by, created_at, updated_at) VALUES ('cardio-consult-000162', 'company-0001', 'hc-patient-cardio-00785', 'cardiology', 1727250967235, 'Controle post-intervention', 'Endocardite', 'Plan de traitement cardiologique', 'Consultation cardiologie', 'cancelled', 'user-admin-001', 1766786874877, 1766786874877);
INSERT OR IGNORE INTO healthcare_consultations (id, company_id, patient_id, module, consultation_date, reason, diagnosis, treatment_plan, notes, status, created_by, created_at, updated_at) VALUES ('cardio-consult-000163', 'company-0001', 'hc-patient-cardio-01155', 'cardiology', 1760260029164, 'Suivi', 'Endocardite', 'Plan de traitement cardiologique', 'Consultation cardiologie', 'completed', 'user-admin-001', 1766786874877, 1766786874877);
INSERT OR IGNORE INTO healthcare_consultations (id, company_id, patient_id, module, consultation_date, reason, diagnosis, treatment_plan, notes, status, created_by, created_at, updated_at) VALUES ('cardio-consult-000164', 'company-0001', 'hc-patient-cardio-01749', 'cardiology', 1727856512312, 'Dyspnee', 'Fibrillation auriculaire', 'Plan de traitement cardiologique', 'Consultation cardiologie', 'scheduled', 'user-admin-001', 1766786874877, 1766786874877);
INSERT OR IGNORE INTO healthcare_consultations (id, company_id, patient_id, module, consultation_date, reason, diagnosis, treatment_plan, notes, status, created_by, created_at, updated_at) VALUES ('cardio-consult-000165', 'company-0001', 'hc-patient-cardio-00712', 'cardiology', 1722376321526, 'Palpitations', 'Cardiomyopathie dilatee', 'Plan de traitement cardiologique', 'Consultation cardiologie', 'scheduled', 'user-admin-001', 1766786874877, 1766786874877);
INSERT OR IGNORE INTO healthcare_consultations (id, company_id, patient_id, module, consultation_date, reason, diagnosis, treatment_plan, notes, status, created_by, created_at, updated_at) VALUES ('cardio-consult-000166', 'company-0001', 'hc-patient-cardio-00930', 'cardiology', 1759251742929, 'Douleur thoracique', 'Hypertension arterielle', 'Plan de traitement cardiologique', 'Consultation cardiologie', 'completed', 'user-admin-001', 1766786874877, 1766786874877);
INSERT OR IGNORE INTO healthcare_consultations (id, company_id, patient_id, module, consultation_date, reason, diagnosis, treatment_plan, notes, status, created_by, created_at, updated_at) VALUES ('cardio-consult-000167', 'company-0001', 'hc-patient-cardio-01892', 'cardiology', 1727366193368, 'Douleur thoracique', 'Pericardite', 'Plan de traitement cardiologique', 'Consultation cardiologie', 'cancelled', 'user-admin-001', 1766786874877, 1766786874877);
INSERT OR IGNORE INTO healthcare_consultations (id, company_id, patient_id, module, consultation_date, reason, diagnosis, treatment_plan, notes, status, created_by, created_at, updated_at) VALUES ('cardio-consult-000168', 'company-0001', 'hc-patient-cardio-01945', 'cardiology', 1718096794644, 'Douleur thoracique', 'Arythmie ventriculaire', 'Plan de traitement cardiologique', 'Consultation cardiologie', 'cancelled', 'user-admin-001', 1766786874877, 1766786874877);
INSERT OR IGNORE INTO healthcare_consultations (id, company_id, patient_id, module, consultation_date, reason, diagnosis, treatment_plan, notes, status, created_by, created_at, updated_at) VALUES ('cardio-consult-000169', 'company-0001', 'hc-patient-cardio-01182', 'cardiology', 1704559126122, 'Syncope', 'Cardiopathie ischemique', 'Plan de traitement cardiologique', 'Consultation cardiologie', 'cancelled', 'user-admin-001', 1766786874877, 1766786874877);
INSERT OR IGNORE INTO healthcare_consultations (id, company_id, patient_id, module, consultation_date, reason, diagnosis, treatment_plan, notes, status, created_by, created_at, updated_at) VALUES ('cardio-consult-000170', 'company-0001', 'hc-patient-cardio-00664', 'cardiology', 1732257824199, 'Controle post-intervention', 'Valvulopathie', 'Plan de traitement cardiologique', 'Consultation cardiologie', 'cancelled', 'user-admin-001', 1766786874877, 1766786874877);
INSERT OR IGNORE INTO healthcare_consultations (id, company_id, patient_id, module, consultation_date, reason, diagnosis, treatment_plan, notes, status, created_by, created_at, updated_at) VALUES ('cardio-consult-000171', 'company-0001', 'hc-patient-cardio-00952', 'cardiology', 1757923129792, 'Douleur thoracique', 'Syndrome coronarien aigu', 'Plan de traitement cardiologique', 'Consultation cardiologie', 'scheduled', 'user-admin-001', 1766786874877, 1766786874877);
INSERT OR IGNORE INTO healthcare_consultations (id, company_id, patient_id, module, consultation_date, reason, diagnosis, treatment_plan, notes, status, created_by, created_at, updated_at) VALUES ('cardio-consult-000172', 'company-0001', 'hc-patient-cardio-01980', 'cardiology', 1759165914686, 'Controle post-intervention', 'Pericardite', 'Plan de traitement cardiologique', 'Consultation cardiologie', 'scheduled', 'user-admin-001', 1766786874877, 1766786874877);
INSERT OR IGNORE INTO healthcare_consultations (id, company_id, patient_id, module, consultation_date, reason, diagnosis, treatment_plan, notes, status, created_by, created_at, updated_at) VALUES ('cardio-consult-000173', 'company-0001', 'hc-patient-cardio-00904', 'cardiology', 1731785778109, 'Dyspnee', 'Cardiopathie ischemique', 'Plan de traitement cardiologique', 'Consultation cardiologie', 'scheduled', 'user-admin-001', 1766786874877, 1766786874877);
INSERT OR IGNORE INTO healthcare_consultations (id, company_id, patient_id, module, consultation_date, reason, diagnosis, treatment_plan, notes, status, created_by, created_at, updated_at) VALUES ('cardio-consult-000174', 'company-0001', 'hc-patient-cardio-01802', 'cardiology', 1707567795857, 'Dyspnee', 'Hypertension arterielle', 'Plan de traitement cardiologique', 'Consultation cardiologie', 'completed', 'user-admin-001', 1766786874877, 1766786874877);
INSERT OR IGNORE INTO healthcare_consultations (id, company_id, patient_id, module, consultation_date, reason, diagnosis, treatment_plan, notes, status, created_by, created_at, updated_at) VALUES ('cardio-consult-000175', 'company-0001', 'hc-patient-cardio-01824', 'cardiology', 1745697360472, 'Suivi', 'Insuffisance cardiaque', 'Plan de traitement cardiologique', 'Consultation cardiologie', 'completed', 'user-admin-001', 1766786874877, 1766786874877);
INSERT OR IGNORE INTO healthcare_consultations (id, company_id, patient_id, module, consultation_date, reason, diagnosis, treatment_plan, notes, status, created_by, created_at, updated_at) VALUES ('cardio-consult-000176', 'company-0001', 'hc-patient-cardio-00638', 'cardiology', 1743341592487, 'Palpitations', 'Pericardite', 'Plan de traitement cardiologique', 'Consultation cardiologie', 'scheduled', 'user-admin-001', 1766786874877, 1766786874877);
INSERT OR IGNORE INTO healthcare_consultations (id, company_id, patient_id, module, consultation_date, reason, diagnosis, treatment_plan, notes, status, created_by, created_at, updated_at) VALUES ('cardio-consult-000177', 'company-0001', 'hc-patient-cardio-01480', 'cardiology', 1732604423817, 'Controle post-intervention', 'Insuffisance cardiaque', 'Plan de traitement cardiologique', 'Consultation cardiologie', 'cancelled', 'user-admin-001', 1766786874877, 1766786874877);
INSERT OR IGNORE INTO healthcare_consultations (id, company_id, patient_id, module, consultation_date, reason, diagnosis, treatment_plan, notes, status, created_by, created_at, updated_at) VALUES ('cardio-consult-000178', 'company-0001', 'hc-patient-cardio-00311', 'cardiology', 1725658715576, 'Palpitations', 'Fibrillation auriculaire', 'Plan de traitement cardiologique', 'Consultation cardiologie', 'scheduled', 'user-admin-001', 1766786874877, 1766786874877);
INSERT OR IGNORE INTO healthcare_consultations (id, company_id, patient_id, module, consultation_date, reason, diagnosis, treatment_plan, notes, status, created_by, created_at, updated_at) VALUES ('cardio-consult-000179', 'company-0001', 'hc-patient-cardio-00690', 'cardiology', 1764694737096, 'Suivi', 'Pericardite', 'Plan de traitement cardiologique', 'Consultation cardiologie', 'cancelled', 'user-admin-001', 1766786874877, 1766786874877);
INSERT OR IGNORE INTO healthcare_consultations (id, company_id, patient_id, module, consultation_date, reason, diagnosis, treatment_plan, notes, status, created_by, created_at, updated_at) VALUES ('cardio-consult-000180', 'company-0001', 'hc-patient-cardio-01092', 'cardiology', 1738290226834, 'Palpitations', 'Valvulopathie', 'Plan de traitement cardiologique', 'Consultation cardiologie', 'completed', 'user-admin-001', 1766786874878, 1766786874878);
INSERT OR IGNORE INTO healthcare_consultations (id, company_id, patient_id, module, consultation_date, reason, diagnosis, treatment_plan, notes, status, created_by, created_at, updated_at) VALUES ('cardio-consult-000181', 'company-0001', 'hc-patient-cardio-01296', 'cardiology', 1720348323625, 'Douleur thoracique', 'Endocardite', 'Plan de traitement cardiologique', 'Consultation cardiologie', 'scheduled', 'user-admin-001', 1766786874878, 1766786874878);
INSERT OR IGNORE INTO healthcare_consultations (id, company_id, patient_id, module, consultation_date, reason, diagnosis, treatment_plan, notes, status, created_by, created_at, updated_at) VALUES ('cardio-consult-000182', 'company-0001', 'hc-patient-cardio-00242', 'cardiology', 1744539892479, 'Dyspnee', 'Valvulopathie', 'Plan de traitement cardiologique', 'Consultation cardiologie', 'cancelled', 'user-admin-001', 1766786874878, 1766786874878);
INSERT OR IGNORE INTO healthcare_consultations (id, company_id, patient_id, module, consultation_date, reason, diagnosis, treatment_plan, notes, status, created_by, created_at, updated_at) VALUES ('cardio-consult-000183', 'company-0001', 'hc-patient-cardio-00996', 'cardiology', 1737009696276, 'Dyspnee', 'Endocardite', 'Plan de traitement cardiologique', 'Consultation cardiologie', 'cancelled', 'user-admin-001', 1766786874878, 1766786874878);
INSERT OR IGNORE INTO healthcare_consultations (id, company_id, patient_id, module, consultation_date, reason, diagnosis, treatment_plan, notes, status, created_by, created_at, updated_at) VALUES ('cardio-consult-000184', 'company-0001', 'hc-patient-cardio-01183', 'cardiology', 1753648166511, 'Syncope', 'Cardiopathie ischemique', 'Plan de traitement cardiologique', 'Consultation cardiologie', 'scheduled', 'user-admin-001', 1766786874878, 1766786874878);
INSERT OR IGNORE INTO healthcare_consultations (id, company_id, patient_id, module, consultation_date, reason, diagnosis, treatment_plan, notes, status, created_by, created_at, updated_at) VALUES ('cardio-consult-000185', 'company-0001', 'hc-patient-cardio-00696', 'cardiology', 1732155856612, 'Syncope', 'Valvulopathie', 'Plan de traitement cardiologique', 'Consultation cardiologie', 'scheduled', 'user-admin-001', 1766786874878, 1766786874878);
INSERT OR IGNORE INTO healthcare_consultations (id, company_id, patient_id, module, consultation_date, reason, diagnosis, treatment_plan, notes, status, created_by, created_at, updated_at) VALUES ('cardio-consult-000186', 'company-0001', 'hc-patient-cardio-00802', 'cardiology', 1757213719099, 'Dyspnee', 'Syndrome coronarien aigu', 'Plan de traitement cardiologique', 'Consultation cardiologie', 'completed', 'user-admin-001', 1766786874878, 1766786874878);
INSERT OR IGNORE INTO healthcare_consultations (id, company_id, patient_id, module, consultation_date, reason, diagnosis, treatment_plan, notes, status, created_by, created_at, updated_at) VALUES ('cardio-consult-000187', 'company-0001', 'hc-patient-cardio-01733', 'cardiology', 1709366709069, 'Douleur thoracique', 'Insuffisance cardiaque', 'Plan de traitement cardiologique', 'Consultation cardiologie', 'scheduled', 'user-admin-001', 1766786874878, 1766786874878);
INSERT OR IGNORE INTO healthcare_consultations (id, company_id, patient_id, module, consultation_date, reason, diagnosis, treatment_plan, notes, status, created_by, created_at, updated_at) VALUES ('cardio-consult-000188', 'company-0001', 'hc-patient-cardio-01684', 'cardiology', 1710853347835, 'Douleur thoracique', 'Endocardite', 'Plan de traitement cardiologique', 'Consultation cardiologie', 'completed', 'user-admin-001', 1766786874878, 1766786874878);
INSERT OR IGNORE INTO healthcare_consultations (id, company_id, patient_id, module, consultation_date, reason, diagnosis, treatment_plan, notes, status, created_by, created_at, updated_at) VALUES ('cardio-consult-000189', 'company-0001', 'hc-patient-cardio-00762', 'cardiology', 1730498618278, 'Controle post-intervention', 'Hypertension arterielle', 'Plan de traitement cardiologique', 'Consultation cardiologie', 'completed', 'user-admin-001', 1766786874878, 1766786874878);
INSERT OR IGNORE INTO healthcare_consultations (id, company_id, patient_id, module, consultation_date, reason, diagnosis, treatment_plan, notes, status, created_by, created_at, updated_at) VALUES ('cardio-consult-000190', 'company-0001', 'hc-patient-cardio-00469', 'cardiology', 1744293526325, 'Dyspnee', 'Endocardite', 'Plan de traitement cardiologique', 'Consultation cardiologie', 'scheduled', 'user-admin-001', 1766786874878, 1766786874878);
INSERT OR IGNORE INTO healthcare_consultations (id, company_id, patient_id, module, consultation_date, reason, diagnosis, treatment_plan, notes, status, created_by, created_at, updated_at) VALUES ('cardio-consult-000191', 'company-0001', 'hc-patient-cardio-00205', 'cardiology', 1748879649987, 'Controle post-intervention', 'Insuffisance cardiaque', 'Plan de traitement cardiologique', 'Consultation cardiologie', 'completed', 'user-admin-001', 1766786874878, 1766786874878);
INSERT OR IGNORE INTO healthcare_consultations (id, company_id, patient_id, module, consultation_date, reason, diagnosis, treatment_plan, notes, status, created_by, created_at, updated_at) VALUES ('cardio-consult-000192', 'company-0001', 'hc-patient-cardio-00514', 'cardiology', 1738173646655, 'Douleur thoracique', 'Arythmie ventriculaire', 'Plan de traitement cardiologique', 'Consultation cardiologie', 'scheduled', 'user-admin-001', 1766786874878, 1766786874878);
INSERT OR IGNORE INTO healthcare_consultations (id, company_id, patient_id, module, consultation_date, reason, diagnosis, treatment_plan, notes, status, created_by, created_at, updated_at) VALUES ('cardio-consult-000193', 'company-0001', 'hc-patient-cardio-01893', 'cardiology', 1710422276879, 'Suivi', 'Cardiomyopathie dilatee', 'Plan de traitement cardiologique', 'Consultation cardiologie', 'scheduled', 'user-admin-001', 1766786874878, 1766786874878);
INSERT OR IGNORE INTO healthcare_consultations (id, company_id, patient_id, module, consultation_date, reason, diagnosis, treatment_plan, notes, status, created_by, created_at, updated_at) VALUES ('cardio-consult-000194', 'company-0001', 'hc-patient-cardio-00592', 'cardiology', 1724998524141, 'Palpitations', 'Hypertension arterielle', 'Plan de traitement cardiologique', 'Consultation cardiologie', 'completed', 'user-admin-001', 1766786874878, 1766786874878);
INSERT OR IGNORE INTO healthcare_consultations (id, company_id, patient_id, module, consultation_date, reason, diagnosis, treatment_plan, notes, status, created_by, created_at, updated_at) VALUES ('cardio-consult-000195', 'company-0001', 'hc-patient-cardio-00597', 'cardiology', 1738289121874, 'Syncope', 'Fibrillation auriculaire', 'Plan de traitement cardiologique', 'Consultation cardiologie', 'cancelled', 'user-admin-001', 1766786874878, 1766786874878);
INSERT OR IGNORE INTO healthcare_consultations (id, company_id, patient_id, module, consultation_date, reason, diagnosis, treatment_plan, notes, status, created_by, created_at, updated_at) VALUES ('cardio-consult-000196', 'company-0001', 'hc-patient-cardio-01427', 'cardiology', 1723396681691, 'Suivi', 'Cardiopathie ischemique', 'Plan de traitement cardiologique', 'Consultation cardiologie', 'scheduled', 'user-admin-001', 1766786874878, 1766786874878);
INSERT OR IGNORE INTO healthcare_consultations (id, company_id, patient_id, module, consultation_date, reason, diagnosis, treatment_plan, notes, status, created_by, created_at, updated_at) VALUES ('cardio-consult-000197', 'company-0001', 'hc-patient-cardio-00046', 'cardiology', 1758823368004, 'Controle post-intervention', 'Fibrillation auriculaire', 'Plan de traitement cardiologique', 'Consultation cardiologie', 'completed', 'user-admin-001', 1766786874878, 1766786874878);
INSERT OR IGNORE INTO healthcare_consultations (id, company_id, patient_id, module, consultation_date, reason, diagnosis, treatment_plan, notes, status, created_by, created_at, updated_at) VALUES ('cardio-consult-000198', 'company-0001', 'hc-patient-cardio-01576', 'cardiology', 1742062140844, 'Controle post-intervention', 'Pericardite', 'Plan de traitement cardiologique', 'Consultation cardiologie', 'completed', 'user-admin-001', 1766786874878, 1766786874878);
INSERT OR IGNORE INTO healthcare_consultations (id, company_id, patient_id, module, consultation_date, reason, diagnosis, treatment_plan, notes, status, created_by, created_at, updated_at) VALUES ('cardio-consult-000199', 'company-0001', 'hc-patient-cardio-01227', 'cardiology', 1741830341228, 'Douleur thoracique', 'Fibrillation auriculaire', 'Plan de traitement cardiologique', 'Consultation cardiologie', 'cancelled', 'user-admin-001', 1766786874878, 1766786874878);
INSERT OR IGNORE INTO healthcare_consultations (id, company_id, patient_id, module, consultation_date, reason, diagnosis, treatment_plan, notes, status, created_by, created_at, updated_at) VALUES ('cardio-consult-000200', 'company-0001', 'hc-patient-cardio-01635', 'cardiology', 1750616544361, 'Palpitations', 'Cardiopathie ischemique', 'Plan de traitement cardiologique', 'Consultation cardiologie', 'scheduled', 'user-admin-001', 1766786874878, 1766786874878);
INSERT OR IGNORE INTO healthcare_consultations (id, company_id, patient_id, module, consultation_date, reason, diagnosis, treatment_plan, notes, status, created_by, created_at, updated_at) VALUES ('cardio-consult-000201', 'company-0001', 'hc-patient-cardio-00876', 'cardiology', 1739518094735, 'Dyspnee', 'Cardiopathie ischemique', 'Plan de traitement cardiologique', 'Consultation cardiologie', 'completed', 'user-admin-001', 1766786874878, 1766786874878);
INSERT OR IGNORE INTO healthcare_consultations (id, company_id, patient_id, module, consultation_date, reason, diagnosis, treatment_plan, notes, status, created_by, created_at, updated_at) VALUES ('cardio-consult-000202', 'company-0001', 'hc-patient-cardio-00991', 'cardiology', 1705606746810, 'Syncope', 'Cardiopathie ischemique', 'Plan de traitement cardiologique', 'Consultation cardiologie', 'cancelled', 'user-admin-001', 1766786874878, 1766786874878);
INSERT OR IGNORE INTO healthcare_consultations (id, company_id, patient_id, module, consultation_date, reason, diagnosis, treatment_plan, notes, status, created_by, created_at, updated_at) VALUES ('cardio-consult-000203', 'company-0001', 'hc-patient-cardio-00680', 'cardiology', 1734730701584, 'Controle post-intervention', 'Pericardite', 'Plan de traitement cardiologique', 'Consultation cardiologie', 'scheduled', 'user-admin-001', 1766786874878, 1766786874878);
INSERT OR IGNORE INTO healthcare_consultations (id, company_id, patient_id, module, consultation_date, reason, diagnosis, treatment_plan, notes, status, created_by, created_at, updated_at) VALUES ('cardio-consult-000204', 'company-0001', 'hc-patient-cardio-00114', 'cardiology', 1735320313875, 'Controle post-intervention', 'Valvulopathie', 'Plan de traitement cardiologique', 'Consultation cardiologie', 'completed', 'user-admin-001', 1766786874878, 1766786874878);
INSERT OR IGNORE INTO healthcare_consultations (id, company_id, patient_id, module, consultation_date, reason, diagnosis, treatment_plan, notes, status, created_by, created_at, updated_at) VALUES ('cardio-consult-000205', 'company-0001', 'hc-patient-cardio-00463', 'cardiology', 1726250350361, 'Dyspnee', 'Hypertension arterielle', 'Plan de traitement cardiologique', 'Consultation cardiologie', 'cancelled', 'user-admin-001', 1766786874878, 1766786874878);
INSERT OR IGNORE INTO healthcare_consultations (id, company_id, patient_id, module, consultation_date, reason, diagnosis, treatment_plan, notes, status, created_by, created_at, updated_at) VALUES ('cardio-consult-000206', 'company-0001', 'hc-patient-cardio-00017', 'cardiology', 1732262683751, 'Suivi', 'Endocardite', 'Plan de traitement cardiologique', 'Consultation cardiologie', 'scheduled', 'user-admin-001', 1766786874878, 1766786874878);
INSERT OR IGNORE INTO healthcare_consultations (id, company_id, patient_id, module, consultation_date, reason, diagnosis, treatment_plan, notes, status, created_by, created_at, updated_at) VALUES ('cardio-consult-000207', 'company-0001', 'hc-patient-cardio-00556', 'cardiology', 1722368649156, 'Dyspnee', 'Cardiopathie ischemique', 'Plan de traitement cardiologique', 'Consultation cardiologie', 'completed', 'user-admin-001', 1766786874878, 1766786874878);
INSERT OR IGNORE INTO healthcare_consultations (id, company_id, patient_id, module, consultation_date, reason, diagnosis, treatment_plan, notes, status, created_by, created_at, updated_at) VALUES ('cardio-consult-000208', 'company-0001', 'hc-patient-cardio-00380', 'cardiology', 1722466478674, 'Syncope', 'Valvulopathie', 'Plan de traitement cardiologique', 'Consultation cardiologie', 'completed', 'user-admin-001', 1766786874878, 1766786874878);
INSERT OR IGNORE INTO healthcare_consultations (id, company_id, patient_id, module, consultation_date, reason, diagnosis, treatment_plan, notes, status, created_by, created_at, updated_at) VALUES ('cardio-consult-000209', 'company-0001', 'hc-patient-cardio-00286', 'cardiology', 1755708324267, 'Palpitations', 'Pericardite', 'Plan de traitement cardiologique', 'Consultation cardiologie', 'completed', 'user-admin-001', 1766786874878, 1766786874878);
INSERT OR IGNORE INTO healthcare_consultations (id, company_id, patient_id, module, consultation_date, reason, diagnosis, treatment_plan, notes, status, created_by, created_at, updated_at) VALUES ('cardio-consult-000210', 'company-0001', 'hc-patient-cardio-01781', 'cardiology', 1705419934310, 'Controle post-intervention', 'Valvulopathie', 'Plan de traitement cardiologique', 'Consultation cardiologie', 'completed', 'user-admin-001', 1766786874878, 1766786874878);
INSERT OR IGNORE INTO healthcare_consultations (id, company_id, patient_id, module, consultation_date, reason, diagnosis, treatment_plan, notes, status, created_by, created_at, updated_at) VALUES ('cardio-consult-000211', 'company-0001', 'hc-patient-cardio-00231', 'cardiology', 1724716687624, 'Douleur thoracique', 'Hypertension arterielle', 'Plan de traitement cardiologique', 'Consultation cardiologie', 'cancelled', 'user-admin-001', 1766786874878, 1766786874878);
INSERT OR IGNORE INTO healthcare_consultations (id, company_id, patient_id, module, consultation_date, reason, diagnosis, treatment_plan, notes, status, created_by, created_at, updated_at) VALUES ('cardio-consult-000212', 'company-0001', 'hc-patient-cardio-01748', 'cardiology', 1711021654870, 'Controle post-intervention', 'Cardiomyopathie dilatee', 'Plan de traitement cardiologique', 'Consultation cardiologie', 'cancelled', 'user-admin-001', 1766786874878, 1766786874878);
INSERT OR IGNORE INTO healthcare_consultations (id, company_id, patient_id, module, consultation_date, reason, diagnosis, treatment_plan, notes, status, created_by, created_at, updated_at) VALUES ('cardio-consult-000213', 'company-0001', 'hc-patient-cardio-01686', 'cardiology', 1711568964720, 'Dyspnee', 'Fibrillation auriculaire', 'Plan de traitement cardiologique', 'Consultation cardiologie', 'completed', 'user-admin-001', 1766786874878, 1766786874878);
INSERT OR IGNORE INTO healthcare_consultations (id, company_id, patient_id, module, consultation_date, reason, diagnosis, treatment_plan, notes, status, created_by, created_at, updated_at) VALUES ('cardio-consult-000214', 'company-0001', 'hc-patient-cardio-01725', 'cardiology', 1739944712550, 'Suivi', 'Arythmie ventriculaire', 'Plan de traitement cardiologique', 'Consultation cardiologie', 'completed', 'user-admin-001', 1766786874878, 1766786874878);
INSERT OR IGNORE INTO healthcare_consultations (id, company_id, patient_id, module, consultation_date, reason, diagnosis, treatment_plan, notes, status, created_by, created_at, updated_at) VALUES ('cardio-consult-000215', 'company-0001', 'hc-patient-cardio-01884', 'cardiology', 1721466204056, 'Palpitations', 'Cardiomyopathie dilatee', 'Plan de traitement cardiologique', 'Consultation cardiologie', 'scheduled', 'user-admin-001', 1766786874878, 1766786874878);
INSERT OR IGNORE INTO healthcare_consultations (id, company_id, patient_id, module, consultation_date, reason, diagnosis, treatment_plan, notes, status, created_by, created_at, updated_at) VALUES ('cardio-consult-000216', 'company-0001', 'hc-patient-cardio-00693', 'cardiology', 1754753144040, 'Palpitations', 'Syndrome coronarien aigu', 'Plan de traitement cardiologique', 'Consultation cardiologie', 'scheduled', 'user-admin-001', 1766786874878, 1766786874878);
INSERT OR IGNORE INTO healthcare_consultations (id, company_id, patient_id, module, consultation_date, reason, diagnosis, treatment_plan, notes, status, created_by, created_at, updated_at) VALUES ('cardio-consult-000217', 'company-0001', 'hc-patient-cardio-00346', 'cardiology', 1716566582046, 'Suivi', 'Insuffisance cardiaque', 'Plan de traitement cardiologique', 'Consultation cardiologie', 'scheduled', 'user-admin-001', 1766786874878, 1766786874878);
INSERT OR IGNORE INTO healthcare_consultations (id, company_id, patient_id, module, consultation_date, reason, diagnosis, treatment_plan, notes, status, created_by, created_at, updated_at) VALUES ('cardio-consult-000218', 'company-0001', 'hc-patient-cardio-00701', 'cardiology', 1710520878726, 'Suivi', 'Cardiopathie ischemique', 'Plan de traitement cardiologique', 'Consultation cardiologie', 'scheduled', 'user-admin-001', 1766786874878, 1766786874878);
INSERT OR IGNORE INTO healthcare_consultations (id, company_id, patient_id, module, consultation_date, reason, diagnosis, treatment_plan, notes, status, created_by, created_at, updated_at) VALUES ('cardio-consult-000219', 'company-0001', 'hc-patient-cardio-01907', 'cardiology', 1737891367551, 'Douleur thoracique', 'Syndrome coronarien aigu', 'Plan de traitement cardiologique', 'Consultation cardiologie', 'scheduled', 'user-admin-001', 1766786874878, 1766786874878);
INSERT OR IGNORE INTO healthcare_consultations (id, company_id, patient_id, module, consultation_date, reason, diagnosis, treatment_plan, notes, status, created_by, created_at, updated_at) VALUES ('cardio-consult-000220', 'company-0001', 'hc-patient-cardio-00419', 'cardiology', 1715376271087, 'Suivi', 'Syndrome coronarien aigu', 'Plan de traitement cardiologique', 'Consultation cardiologie', 'scheduled', 'user-admin-001', 1766786874878, 1766786874878);
INSERT OR IGNORE INTO healthcare_consultations (id, company_id, patient_id, module, consultation_date, reason, diagnosis, treatment_plan, notes, status, created_by, created_at, updated_at) VALUES ('cardio-consult-000221', 'company-0001', 'hc-patient-cardio-00255', 'cardiology', 1716909715839, 'Dyspnee', 'Insuffisance cardiaque', 'Plan de traitement cardiologique', 'Consultation cardiologie', 'cancelled', 'user-admin-001', 1766786874878, 1766786874878);
INSERT OR IGNORE INTO healthcare_consultations (id, company_id, patient_id, module, consultation_date, reason, diagnosis, treatment_plan, notes, status, created_by, created_at, updated_at) VALUES ('cardio-consult-000222', 'company-0001', 'hc-patient-cardio-01132', 'cardiology', 1709791770644, 'Douleur thoracique', 'Endocardite', 'Plan de traitement cardiologique', 'Consultation cardiologie', 'scheduled', 'user-admin-001', 1766786874878, 1766786874878);
INSERT OR IGNORE INTO healthcare_consultations (id, company_id, patient_id, module, consultation_date, reason, diagnosis, treatment_plan, notes, status, created_by, created_at, updated_at) VALUES ('cardio-consult-000223', 'company-0001', 'hc-patient-cardio-01477', 'cardiology', 1741562907647, 'Dyspnee', 'Pericardite', 'Plan de traitement cardiologique', 'Consultation cardiologie', 'cancelled', 'user-admin-001', 1766786874878, 1766786874878);
INSERT OR IGNORE INTO healthcare_consultations (id, company_id, patient_id, module, consultation_date, reason, diagnosis, treatment_plan, notes, status, created_by, created_at, updated_at) VALUES ('cardio-consult-000224', 'company-0001', 'hc-patient-cardio-00118', 'cardiology', 1709029225052, 'Palpitations', 'Valvulopathie', 'Plan de traitement cardiologique', 'Consultation cardiologie', 'cancelled', 'user-admin-001', 1766786874878, 1766786874878);
INSERT OR IGNORE INTO healthcare_consultations (id, company_id, patient_id, module, consultation_date, reason, diagnosis, treatment_plan, notes, status, created_by, created_at, updated_at) VALUES ('cardio-consult-000225', 'company-0001', 'hc-patient-cardio-00260', 'cardiology', 1748350678372, 'Palpitations', 'Pericardite', 'Plan de traitement cardiologique', 'Consultation cardiologie', 'scheduled', 'user-admin-001', 1766786874878, 1766786874878);
INSERT OR IGNORE INTO healthcare_consultations (id, company_id, patient_id, module, consultation_date, reason, diagnosis, treatment_plan, notes, status, created_by, created_at, updated_at) VALUES ('cardio-consult-000226', 'company-0001', 'hc-patient-cardio-00347', 'cardiology', 1714208792610, 'Dyspnee', 'Pericardite', 'Plan de traitement cardiologique', 'Consultation cardiologie', 'cancelled', 'user-admin-001', 1766786874878, 1766786874878);
INSERT OR IGNORE INTO healthcare_consultations (id, company_id, patient_id, module, consultation_date, reason, diagnosis, treatment_plan, notes, status, created_by, created_at, updated_at) VALUES ('cardio-consult-000227', 'company-0001', 'hc-patient-cardio-00095', 'cardiology', 1757065318122, 'Dyspnee', 'Insuffisance cardiaque', 'Plan de traitement cardiologique', 'Consultation cardiologie', 'completed', 'user-admin-001', 1766786874878, 1766786874878);
INSERT OR IGNORE INTO healthcare_consultations (id, company_id, patient_id, module, consultation_date, reason, diagnosis, treatment_plan, notes, status, created_by, created_at, updated_at) VALUES ('cardio-consult-000228', 'company-0001', 'hc-patient-cardio-01852', 'cardiology', 1732521361380, 'Dyspnee', 'Fibrillation auriculaire', 'Plan de traitement cardiologique', 'Consultation cardiologie', 'scheduled', 'user-admin-001', 1766786874878, 1766786874878);
INSERT OR IGNORE INTO healthcare_consultations (id, company_id, patient_id, module, consultation_date, reason, diagnosis, treatment_plan, notes, status, created_by, created_at, updated_at) VALUES ('cardio-consult-000229', 'company-0001', 'hc-patient-cardio-01353', 'cardiology', 1732465939161, 'Syncope', 'Insuffisance cardiaque', 'Plan de traitement cardiologique', 'Consultation cardiologie', 'scheduled', 'user-admin-001', 1766786874878, 1766786874878);
INSERT OR IGNORE INTO healthcare_consultations (id, company_id, patient_id, module, consultation_date, reason, diagnosis, treatment_plan, notes, status, created_by, created_at, updated_at) VALUES ('cardio-consult-000230', 'company-0001', 'hc-patient-cardio-01098', 'cardiology', 1747820930022, 'Dyspnee', 'Hypertension arterielle', 'Plan de traitement cardiologique', 'Consultation cardiologie', 'scheduled', 'user-admin-001', 1766786874878, 1766786874878);
INSERT OR IGNORE INTO healthcare_consultations (id, company_id, patient_id, module, consultation_date, reason, diagnosis, treatment_plan, notes, status, created_by, created_at, updated_at) VALUES ('cardio-consult-000231', 'company-0001', 'hc-patient-cardio-00419', 'cardiology', 1718201651679, 'Controle post-intervention', 'Fibrillation auriculaire', 'Plan de traitement cardiologique', 'Consultation cardiologie', 'completed', 'user-admin-001', 1766786874878, 1766786874878);
INSERT OR IGNORE INTO healthcare_consultations (id, company_id, patient_id, module, consultation_date, reason, diagnosis, treatment_plan, notes, status, created_by, created_at, updated_at) VALUES ('cardio-consult-000232', 'company-0001', 'hc-patient-cardio-00449', 'cardiology', 1731321278010, 'Syncope', 'Endocardite', 'Plan de traitement cardiologique', 'Consultation cardiologie', 'scheduled', 'user-admin-001', 1766786874878, 1766786874878);
INSERT OR IGNORE INTO healthcare_consultations (id, company_id, patient_id, module, consultation_date, reason, diagnosis, treatment_plan, notes, status, created_by, created_at, updated_at) VALUES ('cardio-consult-000233', 'company-0001', 'hc-patient-cardio-01818', 'cardiology', 1750770892044, 'Syncope', 'Arythmie ventriculaire', 'Plan de traitement cardiologique', 'Consultation cardiologie', 'cancelled', 'user-admin-001', 1766786874878, 1766786874878);
INSERT OR IGNORE INTO healthcare_consultations (id, company_id, patient_id, module, consultation_date, reason, diagnosis, treatment_plan, notes, status, created_by, created_at, updated_at) VALUES ('cardio-consult-000234', 'company-0001', 'hc-patient-cardio-00430', 'cardiology', 1744412537835, 'Syncope', 'Hypertension arterielle', 'Plan de traitement cardiologique', 'Consultation cardiologie', 'completed', 'user-admin-001', 1766786874878, 1766786874878);
INSERT OR IGNORE INTO healthcare_consultations (id, company_id, patient_id, module, consultation_date, reason, diagnosis, treatment_plan, notes, status, created_by, created_at, updated_at) VALUES ('cardio-consult-000235', 'company-0001', 'hc-patient-cardio-00482', 'cardiology', 1704873124725, 'Syncope', 'Syndrome coronarien aigu', 'Plan de traitement cardiologique', 'Consultation cardiologie', 'completed', 'user-admin-001', 1766786874878, 1766786874878);
INSERT OR IGNORE INTO healthcare_consultations (id, company_id, patient_id, module, consultation_date, reason, diagnosis, treatment_plan, notes, status, created_by, created_at, updated_at) VALUES ('cardio-consult-000236', 'company-0001', 'hc-patient-cardio-00708', 'cardiology', 1727242203147, 'Dyspnee', 'Syndrome coronarien aigu', 'Plan de traitement cardiologique', 'Consultation cardiologie', 'scheduled', 'user-admin-001', 1766786874878, 1766786874878);
INSERT OR IGNORE INTO healthcare_consultations (id, company_id, patient_id, module, consultation_date, reason, diagnosis, treatment_plan, notes, status, created_by, created_at, updated_at) VALUES ('cardio-consult-000237', 'company-0001', 'hc-patient-cardio-00284', 'cardiology', 1711675344000, 'Syncope', 'Syndrome coronarien aigu', 'Plan de traitement cardiologique', 'Consultation cardiologie', 'cancelled', 'user-admin-001', 1766786874878, 1766786874878);
INSERT OR IGNORE INTO healthcare_consultations (id, company_id, patient_id, module, consultation_date, reason, diagnosis, treatment_plan, notes, status, created_by, created_at, updated_at) VALUES ('cardio-consult-000238', 'company-0001', 'hc-patient-cardio-01364', 'cardiology', 1739132675676, 'Controle post-intervention', 'Valvulopathie', 'Plan de traitement cardiologique', 'Consultation cardiologie', 'cancelled', 'user-admin-001', 1766786874878, 1766786874878);
INSERT OR IGNORE INTO healthcare_consultations (id, company_id, patient_id, module, consultation_date, reason, diagnosis, treatment_plan, notes, status, created_by, created_at, updated_at) VALUES ('cardio-consult-000239', 'company-0001', 'hc-patient-cardio-00466', 'cardiology', 1738643700045, 'Douleur thoracique', 'Insuffisance cardiaque', 'Plan de traitement cardiologique', 'Consultation cardiologie', 'cancelled', 'user-admin-001', 1766786874878, 1766786874878);
INSERT OR IGNORE INTO healthcare_consultations (id, company_id, patient_id, module, consultation_date, reason, diagnosis, treatment_plan, notes, status, created_by, created_at, updated_at) VALUES ('cardio-consult-000240', 'company-0001', 'hc-patient-cardio-00238', 'cardiology', 1729096086070, 'Dyspnee', 'Syndrome coronarien aigu', 'Plan de traitement cardiologique', 'Consultation cardiologie', 'cancelled', 'user-admin-001', 1766786874878, 1766786874878);
INSERT OR IGNORE INTO healthcare_consultations (id, company_id, patient_id, module, consultation_date, reason, diagnosis, treatment_plan, notes, status, created_by, created_at, updated_at) VALUES ('cardio-consult-000241', 'company-0001', 'hc-patient-cardio-01492', 'cardiology', 1706178263144, 'Suivi', 'Insuffisance cardiaque', 'Plan de traitement cardiologique', 'Consultation cardiologie', 'scheduled', 'user-admin-001', 1766786874878, 1766786874878);
INSERT OR IGNORE INTO healthcare_consultations (id, company_id, patient_id, module, consultation_date, reason, diagnosis, treatment_plan, notes, status, created_by, created_at, updated_at) VALUES ('cardio-consult-000242', 'company-0001', 'hc-patient-cardio-00444', 'cardiology', 1756497917820, 'Controle post-intervention', 'Arythmie ventriculaire', 'Plan de traitement cardiologique', 'Consultation cardiologie', 'scheduled', 'user-admin-001', 1766786874878, 1766786874878);
INSERT OR IGNORE INTO healthcare_consultations (id, company_id, patient_id, module, consultation_date, reason, diagnosis, treatment_plan, notes, status, created_by, created_at, updated_at) VALUES ('cardio-consult-000243', 'company-0001', 'hc-patient-cardio-00572', 'cardiology', 1710692490567, 'Suivi', 'Arythmie ventriculaire', 'Plan de traitement cardiologique', 'Consultation cardiologie', 'scheduled', 'user-admin-001', 1766786874878, 1766786874878);
INSERT OR IGNORE INTO healthcare_consultations (id, company_id, patient_id, module, consultation_date, reason, diagnosis, treatment_plan, notes, status, created_by, created_at, updated_at) VALUES ('cardio-consult-000244', 'company-0001', 'hc-patient-cardio-01700', 'cardiology', 1740309205173, 'Controle post-intervention', 'Cardiopathie ischemique', 'Plan de traitement cardiologique', 'Consultation cardiologie', 'cancelled', 'user-admin-001', 1766786874878, 1766786874878);
INSERT OR IGNORE INTO healthcare_consultations (id, company_id, patient_id, module, consultation_date, reason, diagnosis, treatment_plan, notes, status, created_by, created_at, updated_at) VALUES ('cardio-consult-000245', 'company-0001', 'hc-patient-cardio-01098', 'cardiology', 1765822057567, 'Douleur thoracique', 'Fibrillation auriculaire', 'Plan de traitement cardiologique', 'Consultation cardiologie', 'cancelled', 'user-admin-001', 1766786874878, 1766786874878);
INSERT OR IGNORE INTO healthcare_consultations (id, company_id, patient_id, module, consultation_date, reason, diagnosis, treatment_plan, notes, status, created_by, created_at, updated_at) VALUES ('cardio-consult-000246', 'company-0001', 'hc-patient-cardio-01414', 'cardiology', 1762758729761, 'Suivi', 'Cardiomyopathie dilatee', 'Plan de traitement cardiologique', 'Consultation cardiologie', 'scheduled', 'user-admin-001', 1766786874878, 1766786874878);
INSERT OR IGNORE INTO healthcare_consultations (id, company_id, patient_id, module, consultation_date, reason, diagnosis, treatment_plan, notes, status, created_by, created_at, updated_at) VALUES ('cardio-consult-000247', 'company-0001', 'hc-patient-cardio-01641', 'cardiology', 1730043284211, 'Dyspnee', 'Arythmie ventriculaire', 'Plan de traitement cardiologique', 'Consultation cardiologie', 'scheduled', 'user-admin-001', 1766786874878, 1766786874878);
INSERT OR IGNORE INTO healthcare_consultations (id, company_id, patient_id, module, consultation_date, reason, diagnosis, treatment_plan, notes, status, created_by, created_at, updated_at) VALUES ('cardio-consult-000248', 'company-0001', 'hc-patient-cardio-01008', 'cardiology', 1714798829812, 'Palpitations', 'Valvulopathie', 'Plan de traitement cardiologique', 'Consultation cardiologie', 'scheduled', 'user-admin-001', 1766786874878, 1766786874878);
INSERT OR IGNORE INTO healthcare_consultations (id, company_id, patient_id, module, consultation_date, reason, diagnosis, treatment_plan, notes, status, created_by, created_at, updated_at) VALUES ('cardio-consult-000249', 'company-0001', 'hc-patient-cardio-00162', 'cardiology', 1723669767250, 'Suivi', 'Cardiomyopathie dilatee', 'Plan de traitement cardiologique', 'Consultation cardiologie', 'cancelled', 'user-admin-001', 1766786874878, 1766786874878);
INSERT OR IGNORE INTO healthcare_consultations (id, company_id, patient_id, module, consultation_date, reason, diagnosis, treatment_plan, notes, status, created_by, created_at, updated_at) VALUES ('cardio-consult-000250', 'company-0001', 'hc-patient-cardio-00844', 'cardiology', 1725651635782, 'Palpitations', 'Hypertension arterielle', 'Plan de traitement cardiologique', 'Consultation cardiologie', 'scheduled', 'user-admin-001', 1766786874878, 1766786874878);
INSERT OR IGNORE INTO healthcare_consultations (id, company_id, patient_id, module, consultation_date, reason, diagnosis, treatment_plan, notes, status, created_by, created_at, updated_at) VALUES ('cardio-consult-000251', 'company-0001', 'hc-patient-cardio-01859', 'cardiology', 1738169721042, 'Douleur thoracique', 'Cardiomyopathie dilatee', 'Plan de traitement cardiologique', 'Consultation cardiologie', 'scheduled', 'user-admin-001', 1766786874878, 1766786874878);
INSERT OR IGNORE INTO healthcare_consultations (id, company_id, patient_id, module, consultation_date, reason, diagnosis, treatment_plan, notes, status, created_by, created_at, updated_at) VALUES ('cardio-consult-000252', 'company-0001', 'hc-patient-cardio-00661', 'cardiology', 1722804457747, 'Douleur thoracique', 'Valvulopathie', 'Plan de traitement cardiologique', 'Consultation cardiologie', 'scheduled', 'user-admin-001', 1766786874878, 1766786874878);
INSERT OR IGNORE INTO healthcare_consultations (id, company_id, patient_id, module, consultation_date, reason, diagnosis, treatment_plan, notes, status, created_by, created_at, updated_at) VALUES ('cardio-consult-000253', 'company-0001', 'hc-patient-cardio-00874', 'cardiology', 1763998243177, 'Syncope', 'Valvulopathie', 'Plan de traitement cardiologique', 'Consultation cardiologie', 'scheduled', 'user-admin-001', 1766786874878, 1766786874878);
INSERT OR IGNORE INTO healthcare_consultations (id, company_id, patient_id, module, consultation_date, reason, diagnosis, treatment_plan, notes, status, created_by, created_at, updated_at) VALUES ('cardio-consult-000254', 'company-0001', 'hc-patient-cardio-01464', 'cardiology', 1717564924190, 'Douleur thoracique', 'Arythmie ventriculaire', 'Plan de traitement cardiologique', 'Consultation cardiologie', 'scheduled', 'user-admin-001', 1766786874878, 1766786874878);
INSERT OR IGNORE INTO healthcare_consultations (id, company_id, patient_id, module, consultation_date, reason, diagnosis, treatment_plan, notes, status, created_by, created_at, updated_at) VALUES ('cardio-consult-000255', 'company-0001', 'hc-patient-cardio-01501', 'cardiology', 1751522423613, 'Controle post-intervention', 'Endocardite', 'Plan de traitement cardiologique', 'Consultation cardiologie', 'cancelled', 'user-admin-001', 1766786874878, 1766786874878);
INSERT OR IGNORE INTO healthcare_consultations (id, company_id, patient_id, module, consultation_date, reason, diagnosis, treatment_plan, notes, status, created_by, created_at, updated_at) VALUES ('cardio-consult-000256', 'company-0001', 'hc-patient-cardio-00552', 'cardiology', 1758681551625, 'Controle post-intervention', 'Cardiopathie ischemique', 'Plan de traitement cardiologique', 'Consultation cardiologie', 'scheduled', 'user-admin-001', 1766786874878, 1766786874878);
INSERT OR IGNORE INTO healthcare_consultations (id, company_id, patient_id, module, consultation_date, reason, diagnosis, treatment_plan, notes, status, created_by, created_at, updated_at) VALUES ('cardio-consult-000257', 'company-0001', 'hc-patient-cardio-01786', 'cardiology', 1731788079552, 'Dyspnee', 'Fibrillation auriculaire', 'Plan de traitement cardiologique', 'Consultation cardiologie', 'completed', 'user-admin-001', 1766786874878, 1766786874878);
INSERT OR IGNORE INTO healthcare_consultations (id, company_id, patient_id, module, consultation_date, reason, diagnosis, treatment_plan, notes, status, created_by, created_at, updated_at) VALUES ('cardio-consult-000258', 'company-0001', 'hc-patient-cardio-01895', 'cardiology', 1746279972844, 'Douleur thoracique', 'Cardiomyopathie dilatee', 'Plan de traitement cardiologique', 'Consultation cardiologie', 'scheduled', 'user-admin-001', 1766786874878, 1766786874878);
INSERT OR IGNORE INTO healthcare_consultations (id, company_id, patient_id, module, consultation_date, reason, diagnosis, treatment_plan, notes, status, created_by, created_at, updated_at) VALUES ('cardio-consult-000259', 'company-0001', 'hc-patient-cardio-00799', 'cardiology', 1761204314497, 'Syncope', 'Syndrome coronarien aigu', 'Plan de traitement cardiologique', 'Consultation cardiologie', 'cancelled', 'user-admin-001', 1766786874878, 1766786874878);
INSERT OR IGNORE INTO healthcare_consultations (id, company_id, patient_id, module, consultation_date, reason, diagnosis, treatment_plan, notes, status, created_by, created_at, updated_at) VALUES ('cardio-consult-000260', 'company-0001', 'hc-patient-cardio-00181', 'cardiology', 1733158388279, 'Syncope', 'Insuffisance cardiaque', 'Plan de traitement cardiologique', 'Consultation cardiologie', 'scheduled', 'user-admin-001', 1766786874878, 1766786874878);
INSERT OR IGNORE INTO healthcare_consultations (id, company_id, patient_id, module, consultation_date, reason, diagnosis, treatment_plan, notes, status, created_by, created_at, updated_at) VALUES ('cardio-consult-000261', 'company-0001', 'hc-patient-cardio-00074', 'cardiology', 1733038409574, 'Suivi', 'Insuffisance cardiaque', 'Plan de traitement cardiologique', 'Consultation cardiologie', 'completed', 'user-admin-001', 1766786874878, 1766786874878);
INSERT OR IGNORE INTO healthcare_consultations (id, company_id, patient_id, module, consultation_date, reason, diagnosis, treatment_plan, notes, status, created_by, created_at, updated_at) VALUES ('cardio-consult-000262', 'company-0001', 'hc-patient-cardio-01446', 'cardiology', 1766147531166, 'Douleur thoracique', 'Valvulopathie', 'Plan de traitement cardiologique', 'Consultation cardiologie', 'completed', 'user-admin-001', 1766786874878, 1766786874878);
INSERT OR IGNORE INTO healthcare_consultations (id, company_id, patient_id, module, consultation_date, reason, diagnosis, treatment_plan, notes, status, created_by, created_at, updated_at) VALUES ('cardio-consult-000263', 'company-0001', 'hc-patient-cardio-01152', 'cardiology', 1740605658917, 'Controle post-intervention', 'Valvulopathie', 'Plan de traitement cardiologique', 'Consultation cardiologie', 'completed', 'user-admin-001', 1766786874878, 1766786874878);
INSERT OR IGNORE INTO healthcare_consultations (id, company_id, patient_id, module, consultation_date, reason, diagnosis, treatment_plan, notes, status, created_by, created_at, updated_at) VALUES ('cardio-consult-000264', 'company-0001', 'hc-patient-cardio-00635', 'cardiology', 1758120032663, 'Palpitations', 'Cardiopathie ischemique', 'Plan de traitement cardiologique', 'Consultation cardiologie', 'cancelled', 'user-admin-001', 1766786874878, 1766786874878);
INSERT OR IGNORE INTO healthcare_consultations (id, company_id, patient_id, module, consultation_date, reason, diagnosis, treatment_plan, notes, status, created_by, created_at, updated_at) VALUES ('cardio-consult-000265', 'company-0001', 'hc-patient-cardio-01334', 'cardiology', 1717821883352, 'Syncope', 'Fibrillation auriculaire', 'Plan de traitement cardiologique', 'Consultation cardiologie', 'cancelled', 'user-admin-001', 1766786874878, 1766786874878);
INSERT OR IGNORE INTO healthcare_consultations (id, company_id, patient_id, module, consultation_date, reason, diagnosis, treatment_plan, notes, status, created_by, created_at, updated_at) VALUES ('cardio-consult-000266', 'company-0001', 'hc-patient-cardio-00217', 'cardiology', 1704605510262, 'Suivi', 'Endocardite', 'Plan de traitement cardiologique', 'Consultation cardiologie', 'cancelled', 'user-admin-001', 1766786874878, 1766786874878);
INSERT OR IGNORE INTO healthcare_consultations (id, company_id, patient_id, module, consultation_date, reason, diagnosis, treatment_plan, notes, status, created_by, created_at, updated_at) VALUES ('cardio-consult-000267', 'company-0001', 'hc-patient-cardio-00154', 'cardiology', 1724616210365, 'Douleur thoracique', 'Pericardite', 'Plan de traitement cardiologique', 'Consultation cardiologie', 'completed', 'user-admin-001', 1766786874878, 1766786874878);
INSERT OR IGNORE INTO healthcare_consultations (id, company_id, patient_id, module, consultation_date, reason, diagnosis, treatment_plan, notes, status, created_by, created_at, updated_at) VALUES ('cardio-consult-000268', 'company-0001', 'hc-patient-cardio-00403', 'cardiology', 1748011614764, 'Palpitations', 'Arythmie ventriculaire', 'Plan de traitement cardiologique', 'Consultation cardiologie', 'scheduled', 'user-admin-001', 1766786874878, 1766786874878);
INSERT OR IGNORE INTO healthcare_consultations (id, company_id, patient_id, module, consultation_date, reason, diagnosis, treatment_plan, notes, status, created_by, created_at, updated_at) VALUES ('cardio-consult-000269', 'company-0001', 'hc-patient-cardio-00115', 'cardiology', 1710537536867, 'Palpitations', 'Arythmie ventriculaire', 'Plan de traitement cardiologique', 'Consultation cardiologie', 'cancelled', 'user-admin-001', 1766786874878, 1766786874878);
INSERT OR IGNORE INTO healthcare_consultations (id, company_id, patient_id, module, consultation_date, reason, diagnosis, treatment_plan, notes, status, created_by, created_at, updated_at) VALUES ('cardio-consult-000270', 'company-0001', 'hc-patient-cardio-00056', 'cardiology', 1750312552550, 'Douleur thoracique', 'Cardiopathie ischemique', 'Plan de traitement cardiologique', 'Consultation cardiologie', 'cancelled', 'user-admin-001', 1766786874878, 1766786874878);
INSERT OR IGNORE INTO healthcare_consultations (id, company_id, patient_id, module, consultation_date, reason, diagnosis, treatment_plan, notes, status, created_by, created_at, updated_at) VALUES ('cardio-consult-000271', 'company-0001', 'hc-patient-cardio-00026', 'cardiology', 1760760606912, 'Syncope', 'Arythmie ventriculaire', 'Plan de traitement cardiologique', 'Consultation cardiologie', 'scheduled', 'user-admin-001', 1766786874878, 1766786874878);
INSERT OR IGNORE INTO healthcare_consultations (id, company_id, patient_id, module, consultation_date, reason, diagnosis, treatment_plan, notes, status, created_by, created_at, updated_at) VALUES ('cardio-consult-000272', 'company-0001', 'hc-patient-cardio-01727', 'cardiology', 1711572115960, 'Controle post-intervention', 'Fibrillation auriculaire', 'Plan de traitement cardiologique', 'Consultation cardiologie', 'cancelled', 'user-admin-001', 1766786874878, 1766786874878);
INSERT OR IGNORE INTO healthcare_consultations (id, company_id, patient_id, module, consultation_date, reason, diagnosis, treatment_plan, notes, status, created_by, created_at, updated_at) VALUES ('cardio-consult-000273', 'company-0001', 'hc-patient-cardio-00223', 'cardiology', 1733513744407, 'Suivi', 'Insuffisance cardiaque', 'Plan de traitement cardiologique', 'Consultation cardiologie', 'scheduled', 'user-admin-001', 1766786874878, 1766786874878);
INSERT OR IGNORE INTO healthcare_consultations (id, company_id, patient_id, module, consultation_date, reason, diagnosis, treatment_plan, notes, status, created_by, created_at, updated_at) VALUES ('cardio-consult-000274', 'company-0001', 'hc-patient-cardio-00619', 'cardiology', 1730651837201, 'Controle post-intervention', 'Pericardite', 'Plan de traitement cardiologique', 'Consultation cardiologie', 'completed', 'user-admin-001', 1766786874878, 1766786874878);
INSERT OR IGNORE INTO healthcare_consultations (id, company_id, patient_id, module, consultation_date, reason, diagnosis, treatment_plan, notes, status, created_by, created_at, updated_at) VALUES ('cardio-consult-000275', 'company-0001', 'hc-patient-cardio-00361', 'cardiology', 1764582868262, 'Palpitations', 'Endocardite', 'Plan de traitement cardiologique', 'Consultation cardiologie', 'cancelled', 'user-admin-001', 1766786874878, 1766786874878);
INSERT OR IGNORE INTO healthcare_consultations (id, company_id, patient_id, module, consultation_date, reason, diagnosis, treatment_plan, notes, status, created_by, created_at, updated_at) VALUES ('cardio-consult-000276', 'company-0001', 'hc-patient-cardio-01877', 'cardiology', 1740614744291, 'Suivi', 'Cardiopathie ischemique', 'Plan de traitement cardiologique', 'Consultation cardiologie', 'cancelled', 'user-admin-001', 1766786874878, 1766786874878);
INSERT OR IGNORE INTO healthcare_consultations (id, company_id, patient_id, module, consultation_date, reason, diagnosis, treatment_plan, notes, status, created_by, created_at, updated_at) VALUES ('cardio-consult-000277', 'company-0001', 'hc-patient-cardio-00405', 'cardiology', 1741857287517, 'Controle post-intervention', 'Valvulopathie', 'Plan de traitement cardiologique', 'Consultation cardiologie', 'cancelled', 'user-admin-001', 1766786874878, 1766786874878);
INSERT OR IGNORE INTO healthcare_consultations (id, company_id, patient_id, module, consultation_date, reason, diagnosis, treatment_plan, notes, status, created_by, created_at, updated_at) VALUES ('cardio-consult-000278', 'company-0001', 'hc-patient-cardio-01110', 'cardiology', 1706367266966, 'Dyspnee', 'Fibrillation auriculaire', 'Plan de traitement cardiologique', 'Consultation cardiologie', 'completed', 'user-admin-001', 1766786874878, 1766786874878);
INSERT OR IGNORE INTO healthcare_consultations (id, company_id, patient_id, module, consultation_date, reason, diagnosis, treatment_plan, notes, status, created_by, created_at, updated_at) VALUES ('cardio-consult-000279', 'company-0001', 'hc-patient-cardio-01201', 'cardiology', 1721399372238, 'Palpitations', 'Arythmie ventriculaire', 'Plan de traitement cardiologique', 'Consultation cardiologie', 'cancelled', 'user-admin-001', 1766786874878, 1766786874878);
INSERT OR IGNORE INTO healthcare_consultations (id, company_id, patient_id, module, consultation_date, reason, diagnosis, treatment_plan, notes, status, created_by, created_at, updated_at) VALUES ('cardio-consult-000280', 'company-0001', 'hc-patient-cardio-00161', 'cardiology', 1765461284977, 'Dyspnee', 'Pericardite', 'Plan de traitement cardiologique', 'Consultation cardiologie', 'cancelled', 'user-admin-001', 1766786874878, 1766786874878);
INSERT OR IGNORE INTO healthcare_consultations (id, company_id, patient_id, module, consultation_date, reason, diagnosis, treatment_plan, notes, status, created_by, created_at, updated_at) VALUES ('cardio-consult-000281', 'company-0001', 'hc-patient-cardio-00500', 'cardiology', 1716503497751, 'Controle post-intervention', 'Syndrome coronarien aigu', 'Plan de traitement cardiologique', 'Consultation cardiologie', 'completed', 'user-admin-001', 1766786874878, 1766786874878);
INSERT OR IGNORE INTO healthcare_consultations (id, company_id, patient_id, module, consultation_date, reason, diagnosis, treatment_plan, notes, status, created_by, created_at, updated_at) VALUES ('cardio-consult-000282', 'company-0001', 'hc-patient-cardio-01853', 'cardiology', 1763314456507, 'Dyspnee', 'Syndrome coronarien aigu', 'Plan de traitement cardiologique', 'Consultation cardiologie', 'scheduled', 'user-admin-001', 1766786874879, 1766786874879);
INSERT OR IGNORE INTO healthcare_consultations (id, company_id, patient_id, module, consultation_date, reason, diagnosis, treatment_plan, notes, status, created_by, created_at, updated_at) VALUES ('cardio-consult-000283', 'company-0001', 'hc-patient-cardio-00560', 'cardiology', 1710584324972, 'Controle post-intervention', 'Arythmie ventriculaire', 'Plan de traitement cardiologique', 'Consultation cardiologie', 'cancelled', 'user-admin-001', 1766786874879, 1766786874879);
INSERT OR IGNORE INTO healthcare_consultations (id, company_id, patient_id, module, consultation_date, reason, diagnosis, treatment_plan, notes, status, created_by, created_at, updated_at) VALUES ('cardio-consult-000284', 'company-0001', 'hc-patient-cardio-00175', 'cardiology', 1737791037080, 'Palpitations', 'Syndrome coronarien aigu', 'Plan de traitement cardiologique', 'Consultation cardiologie', 'cancelled', 'user-admin-001', 1766786874879, 1766786874879);
INSERT OR IGNORE INTO healthcare_consultations (id, company_id, patient_id, module, consultation_date, reason, diagnosis, treatment_plan, notes, status, created_by, created_at, updated_at) VALUES ('cardio-consult-000285', 'company-0001', 'hc-patient-cardio-00664', 'cardiology', 1745686253670, 'Douleur thoracique', 'Endocardite', 'Plan de traitement cardiologique', 'Consultation cardiologie', 'cancelled', 'user-admin-001', 1766786874879, 1766786874879);
INSERT OR IGNORE INTO healthcare_consultations (id, company_id, patient_id, module, consultation_date, reason, diagnosis, treatment_plan, notes, status, created_by, created_at, updated_at) VALUES ('cardio-consult-000286', 'company-0001', 'hc-patient-cardio-01939', 'cardiology', 1751550606264, 'Douleur thoracique', 'Syndrome coronarien aigu', 'Plan de traitement cardiologique', 'Consultation cardiologie', 'cancelled', 'user-admin-001', 1766786874879, 1766786874879);
INSERT OR IGNORE INTO healthcare_consultations (id, company_id, patient_id, module, consultation_date, reason, diagnosis, treatment_plan, notes, status, created_by, created_at, updated_at) VALUES ('cardio-consult-000287', 'company-0001', 'hc-patient-cardio-00347', 'cardiology', 1746293991261, 'Palpitations', 'Syndrome coronarien aigu', 'Plan de traitement cardiologique', 'Consultation cardiologie', 'completed', 'user-admin-001', 1766786874879, 1766786874879);
INSERT OR IGNORE INTO healthcare_consultations (id, company_id, patient_id, module, consultation_date, reason, diagnosis, treatment_plan, notes, status, created_by, created_at, updated_at) VALUES ('cardio-consult-000288', 'company-0001', 'hc-patient-cardio-00251', 'cardiology', 1728957141561, 'Dyspnee', 'Endocardite', 'Plan de traitement cardiologique', 'Consultation cardiologie', 'completed', 'user-admin-001', 1766786874879, 1766786874879);
INSERT OR IGNORE INTO healthcare_consultations (id, company_id, patient_id, module, consultation_date, reason, diagnosis, treatment_plan, notes, status, created_by, created_at, updated_at) VALUES ('cardio-consult-000289', 'company-0001', 'hc-patient-cardio-00369', 'cardiology', 1763865268410, 'Dyspnee', 'Hypertension arterielle', 'Plan de traitement cardiologique', 'Consultation cardiologie', 'completed', 'user-admin-001', 1766786874879, 1766786874879);
INSERT OR IGNORE INTO healthcare_consultations (id, company_id, patient_id, module, consultation_date, reason, diagnosis, treatment_plan, notes, status, created_by, created_at, updated_at) VALUES ('cardio-consult-000290', 'company-0001', 'hc-patient-cardio-00733', 'cardiology', 1740674977961, 'Controle post-intervention', 'Cardiomyopathie dilatee', 'Plan de traitement cardiologique', 'Consultation cardiologie', 'cancelled', 'user-admin-001', 1766786874879, 1766786874879);
INSERT OR IGNORE INTO healthcare_consultations (id, company_id, patient_id, module, consultation_date, reason, diagnosis, treatment_plan, notes, status, created_by, created_at, updated_at) VALUES ('cardio-consult-000291', 'company-0001', 'hc-patient-cardio-00938', 'cardiology', 1725663733663, 'Suivi', 'Cardiomyopathie dilatee', 'Plan de traitement cardiologique', 'Consultation cardiologie', 'cancelled', 'user-admin-001', 1766786874879, 1766786874879);
INSERT OR IGNORE INTO healthcare_consultations (id, company_id, patient_id, module, consultation_date, reason, diagnosis, treatment_plan, notes, status, created_by, created_at, updated_at) VALUES ('cardio-consult-000292', 'company-0001', 'hc-patient-cardio-00209', 'cardiology', 1712093183991, 'Douleur thoracique', 'Syndrome coronarien aigu', 'Plan de traitement cardiologique', 'Consultation cardiologie', 'completed', 'user-admin-001', 1766786874879, 1766786874879);
INSERT OR IGNORE INTO healthcare_consultations (id, company_id, patient_id, module, consultation_date, reason, diagnosis, treatment_plan, notes, status, created_by, created_at, updated_at) VALUES ('cardio-consult-000293', 'company-0001', 'hc-patient-cardio-00258', 'cardiology', 1711843035224, 'Controle post-intervention', 'Insuffisance cardiaque', 'Plan de traitement cardiologique', 'Consultation cardiologie', 'completed', 'user-admin-001', 1766786874879, 1766786874879);
INSERT OR IGNORE INTO healthcare_consultations (id, company_id, patient_id, module, consultation_date, reason, diagnosis, treatment_plan, notes, status, created_by, created_at, updated_at) VALUES ('cardio-consult-000294', 'company-0001', 'hc-patient-cardio-00542', 'cardiology', 1763417302946, 'Controle post-intervention', 'Arythmie ventriculaire', 'Plan de traitement cardiologique', 'Consultation cardiologie', 'scheduled', 'user-admin-001', 1766786874879, 1766786874879);
INSERT OR IGNORE INTO healthcare_consultations (id, company_id, patient_id, module, consultation_date, reason, diagnosis, treatment_plan, notes, status, created_by, created_at, updated_at) VALUES ('cardio-consult-000295', 'company-0001', 'hc-patient-cardio-01334', 'cardiology', 1713685474290, 'Dyspnee', 'Syndrome coronarien aigu', 'Plan de traitement cardiologique', 'Consultation cardiologie', 'scheduled', 'user-admin-001', 1766786874879, 1766786874879);
INSERT OR IGNORE INTO healthcare_consultations (id, company_id, patient_id, module, consultation_date, reason, diagnosis, treatment_plan, notes, status, created_by, created_at, updated_at) VALUES ('cardio-consult-000296', 'company-0001', 'hc-patient-cardio-00052', 'cardiology', 1717059413615, 'Suivi', 'Pericardite', 'Plan de traitement cardiologique', 'Consultation cardiologie', 'scheduled', 'user-admin-001', 1766786874879, 1766786874879);
INSERT OR IGNORE INTO healthcare_consultations (id, company_id, patient_id, module, consultation_date, reason, diagnosis, treatment_plan, notes, status, created_by, created_at, updated_at) VALUES ('cardio-consult-000297', 'company-0001', 'hc-patient-cardio-01875', 'cardiology', 1728928326845, 'Controle post-intervention', 'Insuffisance cardiaque', 'Plan de traitement cardiologique', 'Consultation cardiologie', 'completed', 'user-admin-001', 1766786874879, 1766786874879);
INSERT OR IGNORE INTO healthcare_consultations (id, company_id, patient_id, module, consultation_date, reason, diagnosis, treatment_plan, notes, status, created_by, created_at, updated_at) VALUES ('cardio-consult-000298', 'company-0001', 'hc-patient-cardio-01354', 'cardiology', 1705636718103, 'Suivi', 'Pericardite', 'Plan de traitement cardiologique', 'Consultation cardiologie', 'scheduled', 'user-admin-001', 1766786874879, 1766786874879);
INSERT OR IGNORE INTO healthcare_consultations (id, company_id, patient_id, module, consultation_date, reason, diagnosis, treatment_plan, notes, status, created_by, created_at, updated_at) VALUES ('cardio-consult-000299', 'company-0001', 'hc-patient-cardio-00888', 'cardiology', 1755336262453, 'Dyspnee', 'Cardiomyopathie dilatee', 'Plan de traitement cardiologique', 'Consultation cardiologie', 'cancelled', 'user-admin-001', 1766786874879, 1766786874879);
INSERT OR IGNORE INTO healthcare_consultations (id, company_id, patient_id, module, consultation_date, reason, diagnosis, treatment_plan, notes, status, created_by, created_at, updated_at) VALUES ('cardio-consult-000300', 'company-0001', 'hc-patient-cardio-01143', 'cardiology', 1754287113718, 'Controle post-intervention', 'Hypertension arterielle', 'Plan de traitement cardiologique', 'Consultation cardiologie', 'cancelled', 'user-admin-001', 1766786874879, 1766786874879);
INSERT OR IGNORE INTO healthcare_consultations (id, company_id, patient_id, module, consultation_date, reason, diagnosis, treatment_plan, notes, status, created_by, created_at, updated_at) VALUES ('cardio-consult-000301', 'company-0001', 'hc-patient-cardio-01347', 'cardiology', 1764308395488, 'Controle post-intervention', 'Arythmie ventriculaire', 'Plan de traitement cardiologique', 'Consultation cardiologie', 'scheduled', 'user-admin-001', 1766786874879, 1766786874879);
INSERT OR IGNORE INTO healthcare_consultations (id, company_id, patient_id, module, consultation_date, reason, diagnosis, treatment_plan, notes, status, created_by, created_at, updated_at) VALUES ('cardio-consult-000302', 'company-0001', 'hc-patient-cardio-01617', 'cardiology', 1733805185914, 'Suivi', 'Hypertension arterielle', 'Plan de traitement cardiologique', 'Consultation cardiologie', 'cancelled', 'user-admin-001', 1766786874879, 1766786874879);
INSERT OR IGNORE INTO healthcare_consultations (id, company_id, patient_id, module, consultation_date, reason, diagnosis, treatment_plan, notes, status, created_by, created_at, updated_at) VALUES ('cardio-consult-000303', 'company-0001', 'hc-patient-cardio-00560', 'cardiology', 1735166061943, 'Douleur thoracique', 'Fibrillation auriculaire', 'Plan de traitement cardiologique', 'Consultation cardiologie', 'completed', 'user-admin-001', 1766786874879, 1766786874879);
INSERT OR IGNORE INTO healthcare_consultations (id, company_id, patient_id, module, consultation_date, reason, diagnosis, treatment_plan, notes, status, created_by, created_at, updated_at) VALUES ('cardio-consult-000304', 'company-0001', 'hc-patient-cardio-01940', 'cardiology', 1718310745531, 'Controle post-intervention', 'Fibrillation auriculaire', 'Plan de traitement cardiologique', 'Consultation cardiologie', 'cancelled', 'user-admin-001', 1766786874879, 1766786874879);
INSERT OR IGNORE INTO healthcare_consultations (id, company_id, patient_id, module, consultation_date, reason, diagnosis, treatment_plan, notes, status, created_by, created_at, updated_at) VALUES ('cardio-consult-000305', 'company-0001', 'hc-patient-cardio-00887', 'cardiology', 1722530036490, 'Controle post-intervention', 'Cardiopathie ischemique', 'Plan de traitement cardiologique', 'Consultation cardiologie', 'completed', 'user-admin-001', 1766786874879, 1766786874879);
INSERT OR IGNORE INTO healthcare_consultations (id, company_id, patient_id, module, consultation_date, reason, diagnosis, treatment_plan, notes, status, created_by, created_at, updated_at) VALUES ('cardio-consult-000306', 'company-0001', 'hc-patient-cardio-00827', 'cardiology', 1725263064157, 'Dyspnee', 'Syndrome coronarien aigu', 'Plan de traitement cardiologique', 'Consultation cardiologie', 'scheduled', 'user-admin-001', 1766786874879, 1766786874879);
INSERT OR IGNORE INTO healthcare_consultations (id, company_id, patient_id, module, consultation_date, reason, diagnosis, treatment_plan, notes, status, created_by, created_at, updated_at) VALUES ('cardio-consult-000307', 'company-0001', 'hc-patient-cardio-00495', 'cardiology', 1713788975553, 'Syncope', 'Fibrillation auriculaire', 'Plan de traitement cardiologique', 'Consultation cardiologie', 'cancelled', 'user-admin-001', 1766786874879, 1766786874879);
INSERT OR IGNORE INTO healthcare_consultations (id, company_id, patient_id, module, consultation_date, reason, diagnosis, treatment_plan, notes, status, created_by, created_at, updated_at) VALUES ('cardio-consult-000308', 'company-0001', 'hc-patient-cardio-00257', 'cardiology', 1711925678565, 'Douleur thoracique', 'Syndrome coronarien aigu', 'Plan de traitement cardiologique', 'Consultation cardiologie', 'completed', 'user-admin-001', 1766786874879, 1766786874879);
INSERT OR IGNORE INTO healthcare_consultations (id, company_id, patient_id, module, consultation_date, reason, diagnosis, treatment_plan, notes, status, created_by, created_at, updated_at) VALUES ('cardio-consult-000309', 'company-0001', 'hc-patient-cardio-00437', 'cardiology', 1731971671592, 'Suivi', 'Cardiopathie ischemique', 'Plan de traitement cardiologique', 'Consultation cardiologie', 'completed', 'user-admin-001', 1766786874879, 1766786874879);
INSERT OR IGNORE INTO healthcare_consultations (id, company_id, patient_id, module, consultation_date, reason, diagnosis, treatment_plan, notes, status, created_by, created_at, updated_at) VALUES ('cardio-consult-000310', 'company-0001', 'hc-patient-cardio-00563', 'cardiology', 1725553971821, 'Controle post-intervention', 'Insuffisance cardiaque', 'Plan de traitement cardiologique', 'Consultation cardiologie', 'completed', 'user-admin-001', 1766786874879, 1766786874879);
INSERT OR IGNORE INTO healthcare_consultations (id, company_id, patient_id, module, consultation_date, reason, diagnosis, treatment_plan, notes, status, created_by, created_at, updated_at) VALUES ('cardio-consult-000311', 'company-0001', 'hc-patient-cardio-01856', 'cardiology', 1729539395497, 'Syncope', 'Cardiopathie ischemique', 'Plan de traitement cardiologique', 'Consultation cardiologie', 'completed', 'user-admin-001', 1766786874879, 1766786874879);
INSERT OR IGNORE INTO healthcare_consultations (id, company_id, patient_id, module, consultation_date, reason, diagnosis, treatment_plan, notes, status, created_by, created_at, updated_at) VALUES ('cardio-consult-000312', 'company-0001', 'hc-patient-cardio-01618', 'cardiology', 1739237943019, 'Palpitations', 'Endocardite', 'Plan de traitement cardiologique', 'Consultation cardiologie', 'completed', 'user-admin-001', 1766786874879, 1766786874879);
INSERT OR IGNORE INTO healthcare_consultations (id, company_id, patient_id, module, consultation_date, reason, diagnosis, treatment_plan, notes, status, created_by, created_at, updated_at) VALUES ('cardio-consult-000313', 'company-0001', 'hc-patient-cardio-01456', 'cardiology', 1738615648440, 'Palpitations', 'Hypertension arterielle', 'Plan de traitement cardiologique', 'Consultation cardiologie', 'cancelled', 'user-admin-001', 1766786874879, 1766786874879);
INSERT OR IGNORE INTO healthcare_consultations (id, company_id, patient_id, module, consultation_date, reason, diagnosis, treatment_plan, notes, status, created_by, created_at, updated_at) VALUES ('cardio-consult-000314', 'company-0001', 'hc-patient-cardio-01330', 'cardiology', 1726354514243, 'Controle post-intervention', 'Cardiomyopathie dilatee', 'Plan de traitement cardiologique', 'Consultation cardiologie', 'scheduled', 'user-admin-001', 1766786874879, 1766786874879);
INSERT OR IGNORE INTO healthcare_consultations (id, company_id, patient_id, module, consultation_date, reason, diagnosis, treatment_plan, notes, status, created_by, created_at, updated_at) VALUES ('cardio-consult-000315', 'company-0001', 'hc-patient-cardio-00950', 'cardiology', 1729205937237, 'Palpitations', 'Endocardite', 'Plan de traitement cardiologique', 'Consultation cardiologie', 'cancelled', 'user-admin-001', 1766786874879, 1766786874879);
INSERT OR IGNORE INTO healthcare_consultations (id, company_id, patient_id, module, consultation_date, reason, diagnosis, treatment_plan, notes, status, created_by, created_at, updated_at) VALUES ('cardio-consult-000316', 'company-0001', 'hc-patient-cardio-00877', 'cardiology', 1736225336256, 'Palpitations', 'Fibrillation auriculaire', 'Plan de traitement cardiologique', 'Consultation cardiologie', 'scheduled', 'user-admin-001', 1766786874879, 1766786874879);
INSERT OR IGNORE INTO healthcare_consultations (id, company_id, patient_id, module, consultation_date, reason, diagnosis, treatment_plan, notes, status, created_by, created_at, updated_at) VALUES ('cardio-consult-000317', 'company-0001', 'hc-patient-cardio-00332', 'cardiology', 1733268428709, 'Suivi', 'Hypertension arterielle', 'Plan de traitement cardiologique', 'Consultation cardiologie', 'scheduled', 'user-admin-001', 1766786874879, 1766786874879);
INSERT OR IGNORE INTO healthcare_consultations (id, company_id, patient_id, module, consultation_date, reason, diagnosis, treatment_plan, notes, status, created_by, created_at, updated_at) VALUES ('cardio-consult-000318', 'company-0001', 'hc-patient-cardio-00288', 'cardiology', 1716674086490, 'Syncope', 'Hypertension arterielle', 'Plan de traitement cardiologique', 'Consultation cardiologie', 'cancelled', 'user-admin-001', 1766786874879, 1766786874879);
INSERT OR IGNORE INTO healthcare_consultations (id, company_id, patient_id, module, consultation_date, reason, diagnosis, treatment_plan, notes, status, created_by, created_at, updated_at) VALUES ('cardio-consult-000319', 'company-0001', 'hc-patient-cardio-01301', 'cardiology', 1754780199570, 'Dyspnee', 'Syndrome coronarien aigu', 'Plan de traitement cardiologique', 'Consultation cardiologie', 'completed', 'user-admin-001', 1766786874879, 1766786874879);
INSERT OR IGNORE INTO healthcare_consultations (id, company_id, patient_id, module, consultation_date, reason, diagnosis, treatment_plan, notes, status, created_by, created_at, updated_at) VALUES ('cardio-consult-000320', 'company-0001', 'hc-patient-cardio-00167', 'cardiology', 1749936702182, 'Douleur thoracique', 'Hypertension arterielle', 'Plan de traitement cardiologique', 'Consultation cardiologie', 'scheduled', 'user-admin-001', 1766786874879, 1766786874879);