INSERT OR IGNORE INTO healthcare_patients (id, company_id, first_name, last_name, date_of_birth, gender, email, phone, address, city, medical_record_number, blood_type, allergies, notes, status, created_at, updated_at) VALUES ('hc-patient-cardio-01911', 'company-0001', 'Ahmed', 'Sqalli', -894294921504, 'male', 'ahmed.sqalli.cardio1910@email.com', '+212663964357', 'Adresse 1910', 'Tanger', 'MRN-C001911', 'O+', 'Penicilline', 'Patient cardiologie', 'active', 1767179304409, 1767179304409);
INSERT OR IGNORE INTO cardiology_patients (id, company_id, healthcare_patient_id, primary_diagnosis, secondary_diagnoses, risk_level, has_pacemaker, has_stent, smoking_status, family_history, notes, status, created_at, updated_at) VALUES ('cardio-patient-01911', 'company-0001', 'hc-patient-cardio-01911', 'Hypertension arterielle', 'Syndrome coronarien aigu', 'critical', 1, 1, 'never', 'positive_second_degree', 'Patient cardiologie', 'active', 1767179304409, 1767179304409);
INSERT OR IGNORE INTO healthcare_patients (id, company_id, first_name, last_name, date_of_birth, gender, email, phone, address, city, medical_record_number, blood_type, allergies, notes, status, created_at, updated_at) VALUES ('hc-patient-cardio-01912', 'company-0001', 'Fatima', 'Amrani', 171151333522, 'male', 'fatima.amrani.cardio1911@email.com', '+212656404512', 'Adresse 1911', 'Rabat', 'MRN-C001912', 'A+', 'Aucune', 'Patient cardiologie', 'active', 1767179304409, 1767179304409);
INSERT OR IGNORE INTO cardiology_patients (id, company_id, healthcare_patient_id, primary_diagnosis, secondary_diagnoses, risk_level, has_pacemaker, has_stent, smoking_status, family_history, notes, status, created_at, updated_at) VALUES ('cardio-patient-01912', 'company-0001', 'hc-patient-cardio-01912', 'Valvulopathie', 'Pericardite', 'critical', 0, 0, 'current', 'positive_first_degree', 'Patient cardiologie', 'active', 1767179304409, 1767179304409);
INSERT OR IGNORE INTO healthcare_patients (id, company_id, first_name, last_name, date_of_birth, gender, email, phone, address, city, medical_record_number, blood_type, allergies, notes, status, created_at, updated_at) VALUES ('hc-patient-cardio-01913', 'company-0001', 'Karima', 'Kadiri', -418519188217, 'female', 'karima.kadiri.cardio1912@email.com', '+212647254465', 'Adresse 1912', 'Rabat', 'MRN-C001913', 'B-', 'Aucune', 'Patient cardiologie', 'active', 1767179304409, 1767179304409);
INSERT OR IGNORE INTO cardiology_patients (id, company_id, healthcare_patient_id, primary_diagnosis, secondary_diagnoses, risk_level, has_pacemaker, has_stent, smoking_status, family_history, notes, status, created_at, updated_at) VALUES ('cardio-patient-01913', 'company-0001', 'hc-patient-cardio-01913', 'Cardiomyopathie dilatee', 'Pericardite', 'high', 0, 0, 'former', 'positive_first_degree', 'Patient cardiologie', 'active', 1767179304409, 1767179304409);
INSERT OR IGNORE INTO healthcare_patients (id, company_id, first_name, last_name, date_of_birth, gender, email, phone, address, city, medical_record_number, blood_type, allergies, notes, status, created_at, updated_at) VALUES ('hc-patient-cardio-01914', 'company-0001', 'Khalid', 'Cherkaoui', -22692469006, 'male', 'khalid.cherkaoui.cardio1913@email.com', '+212637428977', 'Adresse 1913', 'Casablanca', 'MRN-C001914', 'AB-', 'Aspirine', 'Patient cardiologie', 'active', 1767179304409, 1767179304409);
INSERT OR IGNORE INTO cardiology_patients (id, company_id, healthcare_patient_id, primary_diagnosis, secondary_diagnoses, risk_level, has_pacemaker, has_stent, smoking_status, family_history, notes, status, created_at, updated_at) VALUES ('cardio-patient-01914', 'company-0001', 'hc-patient-cardio-01914', 'Arythmie ventriculaire', 'Valvulopathie', 'critical', 0, 0, 'former', 'none', 'Patient cardiologie', 'active', 1767179304409, 1767179304409);
INSERT OR IGNORE INTO healthcare_patients (id, company_id, first_name, last_name, date_of_birth, gender, email, phone, address, city, medical_record_number, blood_type, allergies, notes, status, created_at, updated_at) VALUES ('hc-patient-cardio-01915', 'company-0001', 'Karim', 'Alaoui', -750207262527, 'male', 'karim.alaoui.cardio1914@email.com', '+212640197267', 'Adresse 1914', 'Marrakech', 'MRN-C001915', 'A-', 'Iode', 'Patient cardiologie', 'active', 1767179304409, 1767179304409);
INSERT OR IGNORE INTO cardiology_patients (id, company_id, healthcare_patient_id, primary_diagnosis, secondary_diagnoses, risk_level, has_pacemaker, has_stent, smoking_status, family_history, notes, status, created_at, updated_at) VALUES ('cardio-patient-01915', 'company-0001', 'hc-patient-cardio-01915', 'Endocardite', 'Syndrome coronarien aigu', 'medium', 0, 0, 'never', 'none', 'Patient cardiologie', 'active', 1767179304409, 1767179304409);
INSERT OR IGNORE INTO healthcare_patients (id, company_id, first_name, last_name, date_of_birth, gender, email, phone, address, city, medical_record_number, blood_type, allergies, notes, status, created_at, updated_at) VALUES ('hc-patient-cardio-01916', 'company-0001', 'Omar', 'Kettani', 601069184522, 'male', 'omar.kettani.cardio1915@email.com', '+212626738737', 'Adresse 1915', 'Fes', 'MRN-C001916', 'O-', 'Aucune', 'Patient cardiologie', 'active', 1767179304409, 1767179304409);
INSERT OR IGNORE INTO cardiology_patients (id, company_id, healthcare_patient_id, primary_diagnosis, secondary_diagnoses, risk_level, has_pacemaker, has_stent, smoking_status, family_history, notes, status, created_at, updated_at) VALUES ('cardio-patient-01916', 'company-0001', 'hc-patient-cardio-01916', 'Pericardite', 'Endocardite', 'medium', 0, 0, 'current', 'none', 'Patient cardiologie', 'active', 1767179304409, 1767179304409);
INSERT OR IGNORE INTO healthcare_patients (id, company_id, first_name, last_name, date_of_birth, gender, email, phone, address, city, medical_record_number, blood_type, allergies, notes, status, created_at, updated_at) VALUES ('hc-patient-cardio-01917', 'company-0001', 'Sanaa', 'Benkirane', -69812263564, 'male', 'sanaa.benkirane.cardio1916@email.com', '+212655792417', 'Adresse 1916', 'Tanger', 'MRN-C001917', 'B+', 'Aucune', 'Patient cardiologie', 'active', 1767179304409, 1767179304409);
INSERT OR IGNORE INTO cardiology_patients (id, company_id, healthcare_patient_id, primary_diagnosis, secondary_diagnoses, risk_level, has_pacemaker, has_stent, smoking_status, family_history, notes, status, created_at, updated_at) VALUES ('cardio-patient-01917', 'company-0001', 'hc-patient-cardio-01917', 'Cardiopathie ischemique', 'Insuffisance cardiaque', 'critical', 0, 0, 'current', 'positive_second_degree', 'Patient cardiologie', 'active', 1767179304409, 1767179304409);
INSERT OR IGNORE INTO healthcare_patients (id, company_id, first_name, last_name, date_of_birth, gender, email, phone, address, city, medical_record_number, blood_type, allergies, notes, status, created_at, updated_at) VALUES ('hc-patient-cardio-01918', 'company-0001', 'Amina', 'Lahlou', -625891856987, 'female', 'amina.lahlou.cardio1917@email.com', '+212604514347', 'Adresse 1917', 'Agadir', 'MRN-C001918', 'O-', 'Sulfamides', 'Patient cardiologie', 'active', 1767179304409, 1767179304409);
INSERT OR IGNORE INTO cardiology_patients (id, company_id, healthcare_patient_id, primary_diagnosis, secondary_diagnoses, risk_level, has_pacemaker, has_stent, smoking_status, family_history, notes, status, created_at, updated_at) VALUES ('cardio-patient-01918', 'company-0001', 'hc-patient-cardio-01918', 'Pericardite', 'Fibrillation auriculaire', 'medium', 0, 0, 'former', 'positive_second_degree', 'Patient cardiologie', 'active', 1767179304409, 1767179304409);
INSERT OR IGNORE INTO healthcare_patients (id, company_id, first_name, last_name, date_of_birth, gender, email, phone, address, city, medical_record_number, blood_type, allergies, notes, status, created_at, updated_at) VALUES ('hc-patient-cardio-01919', 'company-0001', 'Khalid', 'Benkirane', -111354054898, 'male', 'khalid.benkirane.cardio1918@email.com', '+212609500106', 'Adresse 1918', 'Casablanca', 'MRN-C001919', 'A-', 'Penicilline', 'Patient cardiologie', 'active', 1767179304409, 1767179304409);
INSERT OR IGNORE INTO cardiology_patients (id, company_id, healthcare_patient_id, primary_diagnosis, secondary_diagnoses, risk_level, has_pacemaker, has_stent, smoking_status, family_history, notes, status, created_at, updated_at) VALUES ('cardio-patient-01919', 'company-0001', 'hc-patient-cardio-01919', 'Pericardite', 'Syndrome coronarien aigu', 'medium', 0, 0, 'former', 'positive_first_degree', 'Patient cardiologie', 'active', 1767179304409, 1767179304409);
INSERT OR IGNORE INTO healthcare_patients (id, company_id, first_name, last_name, date_of_birth, gender, email, phone, address, city, medical_record_number, blood_type, allergies, notes, status, created_at, updated_at) VALUES ('hc-patient-cardio-01920', 'company-0001', 'Fatima', 'Zniber', -812818242891, 'female', 'fatima.zniber.cardio1919@email.com', '+212617614732', 'Adresse 1919', 'Marrakech', 'MRN-C001920', 'AB-', 'Aucune', 'Patient cardiologie', 'active', 1767179304409, 1767179304409);
INSERT OR IGNORE INTO cardiology_patients (id, company_id, healthcare_patient_id, primary_diagnosis, secondary_diagnoses, risk_level, has_pacemaker, has_stent, smoking_status, family_history, notes, status, created_at, updated_at) VALUES ('cardio-patient-01920', 'company-0001', 'hc-patient-cardio-01920', 'Cardiomyopathie dilatee', 'Syndrome coronarien aigu', 'critical', 0, 1, 'former', 'none', 'Patient cardiologie', 'active', 1767179304409, 1767179304409);
INSERT OR IGNORE INTO healthcare_patients (id, company_id, first_name, last_name, date_of_birth, gender, email, phone, address, city, medical_record_number, blood_type, allergies, notes, status, created_at, updated_at) VALUES ('hc-patient-cardio-01921', 'company-0001', 'Ahmed', 'Bennani', -507143645959, 'female', 'ahmed.bennani.cardio1920@email.com', '+212657636112', 'Adresse 1920', 'Tanger', 'MRN-C001921', 'A+', 'Aspirine', 'Patient cardiologie', 'active', 1767179304409, 1767179304409);
INSERT OR IGNORE INTO cardiology_patients (id, company_id, healthcare_patient_id, primary_diagnosis, secondary_diagnoses, risk_level, has_pacemaker, has_stent, smoking_status, family_history, notes, status, created_at, updated_at) VALUES ('cardio-patient-01921', 'company-0001', 'hc-patient-cardio-01921', 'Valvulopathie', 'Cardiomyopathie dilatee', 'critical', 0, 0, 'current', 'none', 'Patient cardiologie', 'active', 1767179304409, 1767179304409);
INSERT OR IGNORE INTO healthcare_patients (id, company_id, first_name, last_name, date_of_birth, gender, email, phone, address, city, medical_record_number, blood_type, allergies, notes, status, created_at, updated_at) VALUES ('hc-patient-cardio-01922', 'company-0001', 'Imane', 'Tazi', -250616580500, 'female', 'imane.tazi.cardio1921@email.com', '+212678720142', 'Adresse 1921', 'Fes', 'MRN-C001922', 'O-', 'Aucune', 'Patient cardiologie', 'active', 1767179304409, 1767179304409);
INSERT OR IGNORE INTO cardiology_patients (id, company_id, healthcare_patient_id, primary_diagnosis, secondary_diagnoses, risk_level, has_pacemaker, has_stent, smoking_status, family_history, notes, status, created_at, updated_at) VALUES ('cardio-patient-01922', 'company-0001', 'hc-patient-cardio-01922', 'Valvulopathie', 'Syndrome coronarien aigu', 'critical', 0, 1, 'never', 'none', 'Patient cardiologie', 'active', 1767179304409, 1767179304409);
INSERT OR IGNORE INTO healthcare_patients (id, company_id, first_name, last_name, date_of_birth, gender, email, phone, address, city, medical_record_number, blood_type, allergies, notes, status, created_at, updated_at) VALUES ('hc-patient-cardio-01923', 'company-0001', 'Houda', 'Idrissi', 502957063276, 'male', 'houda.idrissi.cardio1922@email.com', '+212617634739', 'Adresse 1922', 'Tanger', 'MRN-C001923', 'B-', 'Sulfamides', 'Patient cardiologie', 'active', 1767179304409, 1767179304409);
INSERT OR IGNORE INTO cardiology_patients (id, company_id, healthcare_patient_id, primary_diagnosis, secondary_diagnoses, risk_level, has_pacemaker, has_stent, smoking_status, family_history, notes, status, created_at, updated_at) VALUES ('cardio-patient-01923', 'company-0001', 'hc-patient-cardio-01923', 'Valvulopathie', 'Valvulopathie', 'high', 0, 0, 'current', 'positive_second_degree', 'Patient cardiologie', 'active', 1767179304409, 1767179304409);
INSERT OR IGNORE INTO healthcare_patients (id, company_id, first_name, last_name, date_of_birth, gender, email, phone, address, city, medical_record_number, blood_type, allergies, notes, status, created_at, updated_at) VALUES ('hc-patient-cardio-01924', 'company-0001', 'Wafa', 'Benhima', 131143657743, 'female', 'wafa.benhima.cardio1923@email.com', '+212692160829', 'Adresse 1923', 'Marrakech', 'MRN-C001924', 'B-', 'Penicilline', 'Patient cardiologie', 'active', 1767179304409, 1767179304409);
INSERT OR IGNORE INTO cardiology_patients (id, company_id, healthcare_patient_id, primary_diagnosis, secondary_diagnoses, risk_level, has_pacemaker, has_stent, smoking_status, family_history, notes, status, created_at, updated_at) VALUES ('cardio-patient-01924', 'company-0001', 'hc-patient-cardio-01924', 'Hypertension arterielle', 'Hypertension arterielle', 'high', 0, 0, 'current', 'none', 'Patient cardiologie', 'active', 1767179304409, 1767179304409);
INSERT OR IGNORE INTO healthcare_patients (id, company_id, first_name, last_name, date_of_birth, gender, email, phone, address, city, medical_record_number, blood_type, allergies, notes, status, created_at, updated_at) VALUES ('hc-patient-cardio-01925', 'company-0001', 'Youssef', 'Kettani', 636920457866, 'female', 'youssef.kettani.cardio1924@email.com', '+212655845834', 'Adresse 1924', 'Fes', 'MRN-C001925', 'B-', 'Latex', 'Patient cardiologie', 'active', 1767179304409, 1767179304409);
INSERT OR IGNORE INTO cardiology_patients (id, company_id, healthcare_patient_id, primary_diagnosis, secondary_diagnoses, risk_level, has_pacemaker, has_stent, smoking_status, family_history, notes, status, created_at, updated_at) VALUES ('cardio-patient-01925', 'company-0001', 'hc-patient-cardio-01925', 'Valvulopathie', 'Valvulopathie', 'high', 0, 0, 'current', 'none', 'Patient cardiologie', 'active', 1767179304409, 1767179304409);
INSERT OR IGNORE INTO healthcare_patients (id, company_id, first_name, last_name, date_of_birth, gender, email, phone, address, city, medical_record_number, blood_type, allergies, notes, status, created_at, updated_at) VALUES ('hc-patient-cardio-01926', 'company-0001', 'Nadia', 'Chraibi', -946578595080, 'male', 'nadia.chraibi.cardio1925@email.com', '+212671177767', 'Adresse 1925', 'Agadir', 'MRN-C001926', 'O+', 'Aucune', 'Patient cardiologie', 'active', 1767179304409, 1767179304409);
INSERT OR IGNORE INTO cardiology_patients (id, company_id, healthcare_patient_id, primary_diagnosis, secondary_diagnoses, risk_level, has_pacemaker, has_stent, smoking_status, family_history, notes, status, created_at, updated_at) VALUES ('cardio-patient-01926', 'company-0001', 'hc-patient-cardio-01926', 'Arythmie ventriculaire', 'Insuffisance cardiaque', 'high', 0, 0, 'former', 'positive_second_degree', 'Patient cardiologie', 'active', 1767179304409, 1767179304409);
INSERT OR IGNORE INTO healthcare_patients (id, company_id, first_name, last_name, date_of_birth, gender, email, phone, address, city, medical_record_number, blood_type, allergies, notes, status, created_at, updated_at) VALUES ('hc-patient-cardio-01927', 'company-0001', 'Najat', 'Benhima', -544014784131, 'female', 'najat.benhima.cardio1926@email.com', '+212619728184', 'Adresse 1926', 'Casablanca', 'MRN-C001927', 'AB+', 'Sulfamides', 'Patient cardiologie', 'active', 1767179304409, 1767179304409);
INSERT OR IGNORE INTO cardiology_patients (id, company_id, healthcare_patient_id, primary_diagnosis, secondary_diagnoses, risk_level, has_pacemaker, has_stent, smoking_status, family_history, notes, status, created_at, updated_at) VALUES ('cardio-patient-01927', 'company-0001', 'hc-patient-cardio-01927', 'Syndrome coronarien aigu', 'Cardiomyopathie dilatee', 'high', 0, 0, 'former', 'positive_second_degree', 'Patient cardiologie', 'active', 1767179304409, 1767179304409);
INSERT OR IGNORE INTO healthcare_patients (id, company_id, first_name, last_name, date_of_birth, gender, email, phone, address, city, medical_record_number, blood_type, allergies, notes, status, created_at, updated_at) VALUES ('hc-patient-cardio-01928', 'company-0001', 'Zineb', 'Naciri', -790842038607, 'male', 'zineb.naciri.cardio1927@email.com', '+212609962597', 'Adresse 1927', 'Casablanca', 'MRN-C001928', 'AB-', 'Iode', 'Patient cardiologie', 'active', 1767179304409, 1767179304409);
INSERT OR IGNORE INTO cardiology_patients (id, company_id, healthcare_patient_id, primary_diagnosis, secondary_diagnoses, risk_level, has_pacemaker, has_stent, smoking_status, family_history, notes, status, created_at, updated_at) VALUES ('cardio-patient-01928', 'company-0001', 'hc-patient-cardio-01928', 'Arythmie ventriculaire', 'Endocardite', 'low', 0, 1, 'current', 'none', 'Patient cardiologie', 'active', 1767179304409, 1767179304409);
INSERT OR IGNORE INTO healthcare_patients (id, company_id, first_name, last_name, date_of_birth, gender, email, phone, address, city, medical_record_number, blood_type, allergies, notes, status, created_at, updated_at) VALUES ('hc-patient-cardio-01929', 'company-0001', 'Driss', 'Fassi Fihri', -933891538133, 'female', 'driss.fassi fihri.cardio1928@email.com', '+212652198984', 'Adresse 1928', 'Marrakech', 'MRN-C001929', 'A+', 'Sulfamides', 'Patient cardiologie', 'active', 1767179304409, 1767179304409);
INSERT OR IGNORE INTO cardiology_patients (id, company_id, healthcare_patient_id, primary_diagnosis, secondary_diagnoses, risk_level, has_pacemaker, has_stent, smoking_status, family_history, notes, status, created_at, updated_at) VALUES ('cardio-patient-01929', 'company-0001', 'hc-patient-cardio-01929', 'Insuffisance cardiaque', 'Insuffisance cardiaque', 'low', 0, 1, 'current', 'positive_second_degree', 'Patient cardiologie', 'active', 1767179304409, 1767179304409);
INSERT OR IGNORE INTO healthcare_patients (id, company_id, first_name, last_name, date_of_birth, gender, email, phone, address, city, medical_record_number, blood_type, allergies, notes, status, created_at, updated_at) VALUES ('hc-patient-cardio-01930', 'company-0001', 'Ismail', 'Hajji', 261736450158, 'female', 'ismail.hajji.cardio1929@email.com', '+212618184561', 'Adresse 1929', 'Tanger', 'MRN-C001930', 'A-', 'Latex', 'Patient cardiologie', 'active', 1767179304409, 1767179304409);
INSERT OR IGNORE INTO cardiology_patients (id, company_id, healthcare_patient_id, primary_diagnosis, secondary_diagnoses, risk_level, has_pacemaker, has_stent, smoking_status, family_history, notes, status, created_at, updated_at) VALUES ('cardio-patient-01930', 'company-0001', 'hc-patient-cardio-01930', 'Hypertension arterielle', 'Arythmie ventriculaire', 'low', 0, 0, 'former', 'none', 'Patient cardiologie', 'active', 1767179304409, 1767179304409);
INSERT OR IGNORE INTO healthcare_patients (id, company_id, first_name, last_name, date_of_birth, gender, email, phone, address, city, medical_record_number, blood_type, allergies, notes, status, created_at, updated_at) VALUES ('hc-patient-cardio-01931', 'company-0001', 'Mohamed', 'Mansouri', -428524672745, 'male', 'mohamed.mansouri.cardio1930@email.com', '+212613005713', 'Adresse 1930', 'Fes', 'MRN-C001931', 'O-', 'Iode', 'Patient cardiologie', 'active', 1767179304409, 1767179304409);
INSERT OR IGNORE INTO cardiology_patients (id, company_id, healthcare_patient_id, primary_diagnosis, secondary_diagnoses, risk_level, has_pacemaker, has_stent, smoking_status, family_history, notes, status, created_at, updated_at) VALUES ('cardio-patient-01931', 'company-0001', 'hc-patient-cardio-01931', 'Fibrillation auriculaire', 'Insuffisance cardiaque', 'low', 0, 1, 'former', 'positive_first_degree', 'Patient cardiologie', 'active', 1767179304409, 1767179304409);
INSERT OR IGNORE INTO healthcare_patients (id, company_id, first_name, last_name, date_of_birth, gender, email, phone, address, city, medical_record_number, blood_type, allergies, notes, status, created_at, updated_at) VALUES ('hc-patient-cardio-01932', 'company-0001', 'Hafsa', 'Kettani', -840235981716, 'female', 'hafsa.kettani.cardio1931@email.com', '+212695890035', 'Adresse 1931', 'Casablanca', 'MRN-C001932', 'O+', 'Sulfamides', 'Patient cardiologie', 'active', 1767179304409, 1767179304409);
INSERT OR IGNORE INTO cardiology_patients (id, company_id, healthcare_patient_id, primary_diagnosis, secondary_diagnoses, risk_level, has_pacemaker, has_stent, smoking_status, family_history, notes, status, created_at, updated_at) VALUES ('cardio-patient-01932', 'company-0001', 'hc-patient-cardio-01932', 'Valvulopathie', 'Cardiomyopathie dilatee', 'medium', 0, 0, 'current', 'none', 'Patient cardiologie', 'active', 1767179304409, 1767179304409);
INSERT OR IGNORE INTO healthcare_patients (id, company_id, first_name, last_name, date_of_birth, gender, email, phone, address, city, medical_record_number, blood_type, allergies, notes, status, created_at, updated_at) VALUES ('hc-patient-cardio-01933', 'company-0001', 'Farida', 'El Fassi', -444948469529, 'male', 'farida.el fassi.cardio1932@email.com', '+212624994105', 'Adresse 1932', 'Rabat', 'MRN-C001933', 'AB+', 'Aspirine', 'Patient cardiologie', 'active', 1767179304409, 1767179304409);
INSERT OR IGNORE INTO cardiology_patients (id, company_id, healthcare_patient_id, primary_diagnosis, secondary_diagnoses, risk_level, has_pacemaker, has_stent, smoking_status, family_history, notes, status, created_at, updated_at) VALUES ('cardio-patient-01933', 'company-0001', 'hc-patient-cardio-01933', 'Fibrillation auriculaire', 'Hypertension arterielle', 'high', 0, 0, 'never', 'positive_first_degree', 'Patient cardiologie', 'active', 1767179304409, 1767179304409);
INSERT OR IGNORE INTO healthcare_patients (id, company_id, first_name, last_name, date_of_birth, gender, email, phone, address, city, medical_record_number, blood_type, allergies, notes, status, created_at, updated_at) VALUES ('hc-patient-cardio-01934', 'company-0001', 'Sanaa', 'Sefrioui', -456077703003, 'male', 'sanaa.sefrioui.cardio1933@email.com', '+212644376132', 'Adresse 1933', 'Rabat', 'MRN-C001934', 'A-', 'Iode', 'Patient cardiologie', 'active', 1767179304409, 1767179304409);
INSERT OR IGNORE INTO cardiology_patients (id, company_id, healthcare_patient_id, primary_diagnosis, secondary_diagnoses, risk_level, has_pacemaker, has_stent, smoking_status, family_history, notes, status, created_at, updated_at) VALUES ('cardio-patient-01934', 'company-0001', 'hc-patient-cardio-01934', 'Pericardite', 'Cardiomyopathie dilatee', 'critical', 1, 0, 'never', 'positive_second_degree', 'Patient cardiologie', 'active', 1767179304409, 1767179304409);
INSERT OR IGNORE INTO healthcare_patients (id, company_id, first_name, last_name, date_of_birth, gender, email, phone, address, city, medical_record_number, blood_type, allergies, notes, status, created_at, updated_at) VALUES ('hc-patient-cardio-01935', 'company-0001', 'Khalid', 'Sqalli', -867724627437, 'female', 'khalid.sqalli.cardio1934@email.com', '+212635123762', 'Adresse 1934', 'Tanger', 'MRN-C001935', 'AB+', 'Iode', 'Patient cardiologie', 'active', 1767179304409, 1767179304409);
INSERT OR IGNORE INTO cardiology_patients (id, company_id, healthcare_patient_id, primary_diagnosis, secondary_diagnoses, risk_level, has_pacemaker, has_stent, smoking_status, family_history, notes, status, created_at, updated_at) VALUES ('cardio-patient-01935', 'company-0001', 'hc-patient-cardio-01935', 'Hypertension arterielle', 'Cardiomyopathie dilatee', 'low', 0, 0, 'never', 'none', 'Patient cardiologie', 'active', 1767179304409, 1767179304409);
INSERT OR IGNORE INTO healthcare_patients (id, company_id, first_name, last_name, date_of_birth, gender, email, phone, address, city, medical_record_number, blood_type, allergies, notes, status, created_at, updated_at) VALUES ('hc-patient-cardio-01936', 'company-0001', 'Brahim', 'Tahiri', 471741116049, 'male', 'brahim.tahiri.cardio1935@email.com', '+212682202037', 'Adresse 1935', 'Tanger', 'MRN-C001936', 'AB-', 'Aspirine', 'Patient cardiologie', 'active', 1767179304409, 1767179304409);
INSERT OR IGNORE INTO cardiology_patients (id, company_id, healthcare_patient_id, primary_diagnosis, secondary_diagnoses, risk_level, has_pacemaker, has_stent, smoking_status, family_history, notes, status, created_at, updated_at) VALUES ('cardio-patient-01936', 'company-0001', 'hc-patient-cardio-01936', 'Insuffisance cardiaque', 'Arythmie ventriculaire', 'critical', 1, 0, 'current', 'none', 'Patient cardiologie', 'active', 1767179304409, 1767179304409);
INSERT OR IGNORE INTO healthcare_patients (id, company_id, first_name, last_name, date_of_birth, gender, email, phone, address, city, medical_record_number, blood_type, allergies, notes, status, created_at, updated_at) VALUES ('hc-patient-cardio-01937', 'company-0001', 'Najat', 'Lahrichi', 717011391554, 'male', 'najat.lahrichi.cardio1936@email.com', '+212696900482', 'Adresse 1936', 'Casablanca', 'MRN-C001937', 'AB+', 'Sulfamides', 'Patient cardiologie', 'active', 1767179304409, 1767179304409);
INSERT OR IGNORE INTO cardiology_patients (id, company_id, healthcare_patient_id, primary_diagnosis, secondary_diagnoses, risk_level, has_pacemaker, has_stent, smoking_status, family_history, notes, status, created_at, updated_at) VALUES ('cardio-patient-01937', 'company-0001', 'hc-patient-cardio-01937', 'Fibrillation auriculaire', 'Hypertension arterielle', 'high', 0, 1, 'current', 'positive_second_degree', 'Patient cardiologie', 'active', 1767179304409, 1767179304409);
INSERT OR IGNORE INTO healthcare_patients (id, company_id, first_name, last_name, date_of_birth, gender, email, phone, address, city, medical_record_number, blood_type, allergies, notes, status, created_at, updated_at) VALUES ('hc-patient-cardio-01938', 'company-0001', 'Mustapha', 'Alaoui', 545202184046, 'male', 'mustapha.alaoui.cardio1937@email.com', '+212685076507', 'Adresse 1937', 'Agadir', 'MRN-C001938', 'AB+', 'Aucune', 'Patient cardiologie', 'active', 1767179304409, 1767179304409);
INSERT OR IGNORE INTO cardiology_patients (id, company_id, healthcare_patient_id, primary_diagnosis, secondary_diagnoses, risk_level, has_pacemaker, has_stent, smoking_status, family_history, notes, status, created_at, updated_at) VALUES ('cardio-patient-01938', 'company-0001', 'hc-patient-cardio-01938', 'Cardiomyopathie dilatee', 'Endocardite', 'critical', 0, 1, 'current', 'none', 'Patient cardiologie', 'active', 1767179304409, 1767179304409);
INSERT OR IGNORE INTO healthcare_patients (id, company_id, first_name, last_name, date_of_birth, gender, email, phone, address, city, medical_record_number, blood_type, allergies, notes, status, created_at, updated_at) VALUES ('hc-patient-cardio-01939', 'company-0001', 'Laila', 'Alaoui', -356339504200, 'female', 'laila.alaoui.cardio1938@email.com', '+212686721836', 'Adresse 1938', 'Rabat', 'MRN-C001939', 'O-', 'Aspirine', 'Patient cardiologie', 'active', 1767179304409, 1767179304409);
INSERT OR IGNORE INTO cardiology_patients (id, company_id, healthcare_patient_id, primary_diagnosis, secondary_diagnoses, risk_level, has_pacemaker, has_stent, smoking_status, family_history, notes, status, created_at, updated_at) VALUES ('cardio-patient-01939', 'company-0001', 'hc-patient-cardio-01939', 'Insuffisance cardiaque', 'Cardiopathie ischemique', 'critical', 0, 0, 'current', 'none', 'Patient cardiologie', 'active', 1767179304409, 1767179304409);
INSERT OR IGNORE INTO healthcare_patients (id, company_id, first_name, last_name, date_of_birth, gender, email, phone, address, city, medical_record_number, blood_type, allergies, notes, status, created_at, updated_at) VALUES ('hc-patient-cardio-01940', 'company-0001', 'Nabil', 'Chraibi', -188742448133, 'male', 'nabil.chraibi.cardio1939@email.com', '+212623100269', 'Adresse 1939', 'Agadir', 'MRN-C001940', 'O+', 'Sulfamides', 'Patient cardiologie', 'active', 1767179304409, 1767179304409);
INSERT OR IGNORE INTO cardiology_patients (id, company_id, healthcare_patient_id, primary_diagnosis, secondary_diagnoses, risk_level, has_pacemaker, has_stent, smoking_status, family_history, notes, status, created_at, updated_at) VALUES ('cardio-patient-01940', 'company-0001', 'hc-patient-cardio-01940', 'Hypertension arterielle', 'Insuffisance cardiaque', 'low', 0, 0, 'never', 'positive_second_degree', 'Patient cardiologie', 'active', 1767179304409, 1767179304409);
INSERT OR IGNORE INTO healthcare_patients (id, company_id, first_name, last_name, date_of_birth, gender, email, phone, address, city, medical_record_number, blood_type, allergies, notes, status, created_at, updated_at) VALUES ('hc-patient-cardio-01941', 'company-0001', 'Farida', 'Amrani', 341551512804, 'male', 'farida.amrani.cardio1940@email.com', '+212617017677', 'Adresse 1940', 'Tanger', 'MRN-C001941', 'AB+', 'Iode', 'Patient cardiologie', 'active', 1767179304409, 1767179304409);
INSERT OR IGNORE INTO cardiology_patients (id, company_id, healthcare_patient_id, primary_diagnosis, secondary_diagnoses, risk_level, has_pacemaker, has_stent, smoking_status, family_history, notes, status, created_at, updated_at) VALUES ('cardio-patient-01941', 'company-0001', 'hc-patient-cardio-01941', 'Fibrillation auriculaire', 'Syndrome coronarien aigu', 'high', 0, 0, 'current', 'positive_first_degree', 'Patient cardiologie', 'active', 1767179304409, 1767179304409);
INSERT OR IGNORE INTO healthcare_patients (id, company_id, first_name, last_name, date_of_birth, gender, email, phone, address, city, medical_record_number, blood_type, allergies, notes, status, created_at, updated_at) VALUES ('hc-patient-cardio-01942', 'company-0001', 'Jamila', 'Fassi Fihri', 221006978454, 'female', 'jamila.fassi fihri.cardio1941@email.com', '+212604687921', 'Adresse 1941', 'Rabat', 'MRN-C001942', 'O+', 'Iode', 'Patient cardiologie', 'active', 1767179304409, 1767179304409);
INSERT OR IGNORE INTO cardiology_patients (id, company_id, healthcare_patient_id, primary_diagnosis, secondary_diagnoses, risk_level, has_pacemaker, has_stent, smoking_status, family_history, notes, status, created_at, updated_at) VALUES ('cardio-patient-01942', 'company-0001', 'hc-patient-cardio-01942', 'Syndrome coronarien aigu', 'Endocardite', 'critical', 1, 0, 'former', 'none', 'Patient cardiologie', 'active', 1767179304409, 1767179304409);
INSERT OR IGNORE INTO healthcare_patients (id, company_id, first_name, last_name, date_of_birth, gender, email, phone, address, city, medical_record_number, blood_type, allergies, notes, status, created_at, updated_at) VALUES ('hc-patient-cardio-01943', 'company-0001', 'Laila', 'Cherkaoui', 105826945837, 'female', 'laila.cherkaoui.cardio1942@email.com', '+212673879630', 'Adresse 1942', 'Marrakech', 'MRN-C001943', 'B-', 'Sulfamides', 'Patient cardiologie', 'active', 1767179304409, 1767179304409);
INSERT OR IGNORE INTO cardiology_patients (id, company_id, healthcare_patient_id, primary_diagnosis, secondary_diagnoses, risk_level, has_pacemaker, has_stent, smoking_status, family_history, notes, status, created_at, updated_at) VALUES ('cardio-patient-01943', 'company-0001', 'hc-patient-cardio-01943', 'Insuffisance cardiaque', 'Cardiopathie ischemique', 'high', 0, 0, 'former', 'positive_second_degree', 'Patient cardiologie', 'active', 1767179304409, 1767179304409);
INSERT OR IGNORE INTO healthcare_patients (id, company_id, first_name, last_name, date_of_birth, gender, email, phone, address, city, medical_record_number, blood_type, allergies, notes, status, created_at, updated_at) VALUES ('hc-patient-cardio-01944', 'company-0001', 'Samira', 'Lahrichi', -667432370187, 'male', 'samira.lahrichi.cardio1943@email.com', '+212653396346', 'Adresse 1943', 'Tanger', 'MRN-C001944', 'AB-', 'Latex', 'Patient cardiologie', 'active', 1767179304409, 1767179304409);
INSERT OR IGNORE INTO cardiology_patients (id, company_id, healthcare_patient_id, primary_diagnosis, secondary_diagnoses, risk_level, has_pacemaker, has_stent, smoking_status, family_history, notes, status, created_at, updated_at) VALUES ('cardio-patient-01944', 'company-0001', 'hc-patient-cardio-01944', 'Cardiomyopathie dilatee', 'Valvulopathie', 'medium', 1, 0, 'former', 'positive_second_degree', 'Patient cardiologie', 'active', 1767179304409, 1767179304409);
INSERT OR IGNORE INTO healthcare_patients (id, company_id, first_name, last_name, date_of_birth, gender, email, phone, address, city, medical_record_number, blood_type, allergies, notes, status, created_at, updated_at) VALUES ('hc-patient-cardio-01945', 'company-0001', 'Ismail', 'Lahrichi', -433065176163, 'male', 'ismail.lahrichi.cardio1944@email.com', '+212618107235', 'Adresse 1944', 'Fes', 'MRN-C001945', 'A+', 'Sulfamides', 'Patient cardiologie', 'active', 1767179304409, 1767179304409);
INSERT OR IGNORE INTO cardiology_patients (id, company_id, healthcare_patient_id, primary_diagnosis, secondary_diagnoses, risk_level, has_pacemaker, has_stent, smoking_status, family_history, notes, status, created_at, updated_at) VALUES ('cardio-patient-01945', 'company-0001', 'hc-patient-cardio-01945', 'Cardiopathie ischemique', 'Arythmie ventriculaire', 'high', 0, 0, 'former', 'none', 'Patient cardiologie', 'active', 1767179304409, 1767179304409);
INSERT OR IGNORE INTO healthcare_patients (id, company_id, first_name, last_name, date_of_birth, gender, email, phone, address, city, medical_record_number, blood_type, allergies, notes, status, created_at, updated_at) VALUES ('hc-patient-cardio-01946', 'company-0001', 'Younes', 'Hajji', 489426766147, 'female', 'younes.hajji.cardio1945@email.com', '+212691120353', 'Adresse 1945', 'Tanger', 'MRN-C001946', 'B+', 'Iode', 'Patient cardiologie', 'active', 1767179304409, 1767179304409);
INSERT OR IGNORE INTO cardiology_patients (id, company_id, healthcare_patient_id, primary_diagnosis, secondary_diagnoses, risk_level, has_pacemaker, has_stent, smoking_status, family_history, notes, status, created_at, updated_at) VALUES ('cardio-patient-01946', 'company-0001', 'hc-patient-cardio-01946', 'Arythmie ventriculaire', 'Fibrillation auriculaire', 'low', 0, 0, 'never', 'positive_first_degree', 'Patient cardiologie', 'active', 1767179304409, 1767179304409);
INSERT OR IGNORE INTO healthcare_patients (id, company_id, first_name, last_name, date_of_birth, gender, email, phone, address, city, medical_record_number, blood_type, allergies, notes, status, created_at, updated_at) VALUES ('hc-patient-cardio-01947', 'company-0001', 'Sanaa', 'Tazi', 159153968854, 'female', 'sanaa.tazi.cardio1946@email.com', '+212653197388', 'Adresse 1946', 'Casablanca', 'MRN-C001947', 'B+', 'Penicilline', 'Patient cardiologie', 'active', 1767179304409, 1767179304409);
INSERT OR IGNORE INTO cardiology_patients (id, company_id, healthcare_patient_id, primary_diagnosis, secondary_diagnoses, risk_level, has_pacemaker, has_stent, smoking_status, family_history, notes, status, created_at, updated_at) VALUES ('cardio-patient-01947', 'company-0001', 'hc-patient-cardio-01947', 'Arythmie ventriculaire', 'Hypertension arterielle', 'low', 0, 0, 'current', 'none', 'Patient cardiologie', 'active', 1767179304409, 1767179304409);
INSERT OR IGNORE INTO healthcare_patients (id, company_id, first_name, last_name, date_of_birth, gender, email, phone, address, city, medical_record_number, blood_type, allergies, notes, status, created_at, updated_at) VALUES ('hc-patient-cardio-01948', 'company-0001', 'Omar', 'Benjelloun', -173832692500, 'female', 'omar.benjelloun.cardio1947@email.com', '+212648582445', 'Adresse 1947', 'Tanger', 'MRN-C001948', 'O-', 'Aucune', 'Patient cardiologie', 'active', 1767179304409, 1767179304409);
INSERT OR IGNORE INTO cardiology_patients (id, company_id, healthcare_patient_id, primary_diagnosis, secondary_diagnoses, risk_level, has_pacemaker, has_stent, smoking_status, family_history, notes, status, created_at, updated_at) VALUES ('cardio-patient-01948', 'company-0001', 'hc-patient-cardio-01948', 'Arythmie ventriculaire', 'Hypertension arterielle', 'high', 0, 1, 'current', 'none', 'Patient cardiologie', 'active', 1767179304409, 1767179304409);
INSERT OR IGNORE INTO healthcare_patients (id, company_id, first_name, last_name, date_of_birth, gender, email, phone, address, city, medical_record_number, blood_type, allergies, notes, status, created_at, updated_at) VALUES ('hc-patient-cardio-01949', 'company-0001', 'Laila', 'Sefrioui', 121164533200, 'female', 'laila.sefrioui.cardio1948@email.com', '+212600510656', 'Adresse 1948', 'Tanger', 'MRN-C001949', 'A-', 'Latex', 'Patient cardiologie', 'active', 1767179304409, 1767179304409);
INSERT OR IGNORE INTO cardiology_patients (id, company_id, healthcare_patient_id, primary_diagnosis, secondary_diagnoses, risk_level, has_pacemaker, has_stent, smoking_status, family_history, notes, status, created_at, updated_at) VALUES ('cardio-patient-01949', 'company-0001', 'hc-patient-cardio-01949', 'Valvulopathie', 'Cardiomyopathie dilatee', 'medium', 0, 0, 'current', 'positive_first_degree', 'Patient cardiologie', 'active', 1767179304409, 1767179304409);
INSERT OR IGNORE INTO healthcare_patients (id, company_id, first_name, last_name, date_of_birth, gender, email, phone, address, city, medical_record_number, blood_type, allergies, notes, status, created_at, updated_at) VALUES ('hc-patient-cardio-01950', 'company-0001', 'Youssef', 'Berrada', 618483718263, 'male', 'youssef.berrada.cardio1949@email.com', '+212602465970', 'Adresse 1949', 'Fes', 'MRN-C001950', 'B-', 'Iode', 'Patient cardiologie', 'active', 1767179304409, 1767179304409);
INSERT OR IGNORE INTO cardiology_patients (id, company_id, healthcare_patient_id, primary_diagnosis, secondary_diagnoses, risk_level, has_pacemaker, has_stent, smoking_status, family_history, notes, status, created_at, updated_at) VALUES ('cardio-patient-01950', 'company-0001', 'hc-patient-cardio-01950', 'Syndrome coronarien aigu', 'Fibrillation auriculaire', 'high', 0, 0, 'former', 'none', 'Patient cardiologie', 'active', 1767179304409, 1767179304409);
INSERT OR IGNORE INTO healthcare_patients (id, company_id, first_name, last_name, date_of_birth, gender, email, phone, address, city, medical_record_number, blood_type, allergies, notes, status, created_at, updated_at) VALUES ('hc-patient-cardio-01951', 'company-0001', 'Adil', 'Kadiri', -63500992849, 'male', 'adil.kadiri.cardio1950@email.com', '+212619030638', 'Adresse 1950', 'Agadir', 'MRN-C001951', 'B-', 'Iode', 'Patient cardiologie', 'active', 1767179304409, 1767179304409);
INSERT OR IGNORE INTO cardiology_patients (id, company_id, healthcare_patient_id, primary_diagnosis, secondary_diagnoses, risk_level, has_pacemaker, has_stent, smoking_status, family_history, notes, status, created_at, updated_at) VALUES ('cardio-patient-01951', 'company-0001', 'hc-patient-cardio-01951', 'Valvulopathie', 'Arythmie ventriculaire', 'critical', 0, 0, 'former', 'positive_first_degree', 'Patient cardiologie', 'active', 1767179304409, 1767179304409);
INSERT OR IGNORE INTO healthcare_patients (id, company_id, first_name, last_name, date_of_birth, gender, email, phone, address, city, medical_record_number, blood_type, allergies, notes, status, created_at, updated_at) VALUES ('hc-patient-cardio-01952', 'company-0001', 'Wafa', 'Tazi', -670311949475, 'female', 'wafa.tazi.cardio1951@email.com', '+212647502732', 'Adresse 1951', 'Rabat', 'MRN-C001952', 'A-', 'Iode', 'Patient cardiologie', 'active', 1767179304409, 1767179304409);
INSERT OR IGNORE INTO cardiology_patients (id, company_id, healthcare_patient_id, primary_diagnosis, secondary_diagnoses, risk_level, has_pacemaker, has_stent, smoking_status, family_history, notes, status, created_at, updated_at) VALUES ('cardio-patient-01952', 'company-0001', 'hc-patient-cardio-01952', 'Pericardite', 'Cardiopathie ischemique', 'high', 0, 0, 'current', 'positive_second_degree', 'Patient cardiologie', 'active', 1767179304409, 1767179304409);
INSERT OR IGNORE INTO healthcare_patients (id, company_id, first_name, last_name, date_of_birth, gender, email, phone, address, city, medical_record_number, blood_type, allergies, notes, status, created_at, updated_at) VALUES ('hc-patient-cardio-01953', 'company-0001', 'Aicha', 'Bennani', 705108355194, 'male', 'aicha.bennani.cardio1952@email.com', '+212669485171', 'Adresse 1952', 'Tanger', 'MRN-C001953', 'AB+', 'Iode', 'Patient cardiologie', 'active', 1767179304409, 1767179304409);
INSERT OR IGNORE INTO cardiology_patients (id, company_id, healthcare_patient_id, primary_diagnosis, secondary_diagnoses, risk_level, has_pacemaker, has_stent, smoking_status, family_history, notes, status, created_at, updated_at) VALUES ('cardio-patient-01953', 'company-0001', 'hc-patient-cardio-01953', 'Cardiopathie ischemique', 'Fibrillation auriculaire', 'low', 0, 1, 'former', 'positive_second_degree', 'Patient cardiologie', 'active', 1767179304409, 1767179304409);
INSERT OR IGNORE INTO healthcare_patients (id, company_id, first_name, last_name, date_of_birth, gender, email, phone, address, city, medical_record_number, blood_type, allergies, notes, status, created_at, updated_at) VALUES ('hc-patient-cardio-01954', 'company-0001', 'Farida', 'Bennani', 710445866146, 'female', 'farida.bennani.cardio1953@email.com', '+212621259732', 'Adresse 1953', 'Tanger', 'MRN-C001954', 'B+', 'Aspirine', 'Patient cardiologie', 'active', 1767179304409, 1767179304409);
INSERT OR IGNORE INTO cardiology_patients (id, company_id, healthcare_patient_id, primary_diagnosis, secondary_diagnoses, risk_level, has_pacemaker, has_stent, smoking_status, family_history, notes, status, created_at, updated_at) VALUES ('cardio-patient-01954', 'company-0001', 'hc-patient-cardio-01954', 'Hypertension arterielle', 'Insuffisance cardiaque', 'critical', 0, 1, 'current', 'positive_second_degree', 'Patient cardiologie', 'active', 1767179304409, 1767179304409);
INSERT OR IGNORE INTO healthcare_patients (id, company_id, first_name, last_name, date_of_birth, gender, email, phone, address, city, medical_record_number, blood_type, allergies, notes, status, created_at, updated_at) VALUES ('hc-patient-cardio-01955', 'company-0001', 'Jamila', 'Kettani', -189157506005, 'male', 'jamila.kettani.cardio1954@email.com', '+212676935073', 'Adresse 1954', 'Casablanca', 'MRN-C001955', 'O-', 'Aucune', 'Patient cardiologie', 'active', 1767179304409, 1767179304409);
INSERT OR IGNORE INTO cardiology_patients (id, company_id, healthcare_patient_id, primary_diagnosis, secondary_diagnoses, risk_level, has_pacemaker, has_stent, smoking_status, family_history, notes, status, created_at, updated_at) VALUES ('cardio-patient-01955', 'company-0001', 'hc-patient-cardio-01955', 'Valvulopathie', 'Endocardite', 'high', 0, 0, 'current', 'none', 'Patient cardiologie', 'active', 1767179304409, 1767179304409);
INSERT OR IGNORE INTO healthcare_patients (id, company_id, first_name, last_name, date_of_birth, gender, email, phone, address, city, medical_record_number, blood_type, allergies, notes, status, created_at, updated_at) VALUES ('hc-patient-cardio-01956', 'company-0001', 'Amine', 'Sqalli', -295212259657, 'male', 'amine.sqalli.cardio1955@email.com', '+212645182932', 'Adresse 1955', 'Casablanca', 'MRN-C001956', 'A+', 'Latex', 'Patient cardiologie', 'active', 1767179304409, 1767179304409);
INSERT OR IGNORE INTO cardiology_patients (id, company_id, healthcare_patient_id, primary_diagnosis, secondary_diagnoses, risk_level, has_pacemaker, has_stent, smoking_status, family_history, notes, status, created_at, updated_at) VALUES ('cardio-patient-01956', 'company-0001', 'hc-patient-cardio-01956', 'Cardiomyopathie dilatee', 'Pericardite', 'high', 0, 0, 'former', 'positive_second_degree', 'Patient cardiologie', 'active', 1767179304409, 1767179304409);
INSERT OR IGNORE INTO healthcare_patients (id, company_id, first_name, last_name, date_of_birth, gender, email, phone, address, city, medical_record_number, blood_type, allergies, notes, status, created_at, updated_at) VALUES ('hc-patient-cardio-01957', 'company-0001', 'Hassan', 'Lahlou', 805768231094, 'male', 'hassan.lahlou.cardio1956@email.com', '+212689218183', 'Adresse 1956', 'Agadir', 'MRN-C001957', 'B+', 'Penicilline', 'Patient cardiologie', 'active', 1767179304409, 1767179304409);
INSERT OR IGNORE INTO cardiology_patients (id, company_id, healthcare_patient_id, primary_diagnosis, secondary_diagnoses, risk_level, has_pacemaker, has_stent, smoking_status, family_history, notes, status, created_at, updated_at) VALUES ('cardio-patient-01957', 'company-0001', 'hc-patient-cardio-01957', 'Valvulopathie', 'Fibrillation auriculaire', 'medium', 0, 1, 'former', 'none', 'Patient cardiologie', 'active', 1767179304409, 1767179304409);
INSERT OR IGNORE INTO healthcare_patients (id, company_id, first_name, last_name, date_of_birth, gender, email, phone, address, city, medical_record_number, blood_type, allergies, notes, status, created_at, updated_at) VALUES ('hc-patient-cardio-01958', 'company-0001', 'Houda', 'Benjelloun', 921934101138, 'female', 'houda.benjelloun.cardio1957@email.com', '+212686261728', 'Adresse 1957', 'Tanger', 'MRN-C001958', 'AB-', 'Aspirine', 'Patient cardiologie', 'active', 1767179304409, 1767179304409);
INSERT OR IGNORE INTO cardiology_patients (id, company_id, healthcare_patient_id, primary_diagnosis, secondary_diagnoses, risk_level, has_pacemaker, has_stent, smoking_status, family_history, notes, status, created_at, updated_at) VALUES ('cardio-patient-01958', 'company-0001', 'hc-patient-cardio-01958', 'Syndrome coronarien aigu', 'Arythmie ventriculaire', 'critical', 0, 0, 'current', 'none', 'Patient cardiologie', 'active', 1767179304409, 1767179304409);
INSERT OR IGNORE INTO healthcare_patients (id, company_id, first_name, last_name, date_of_birth, gender, email, phone, address, city, medical_record_number, blood_type, allergies, notes, status, created_at, updated_at) VALUES ('hc-patient-cardio-01959', 'company-0001', 'Karima', 'Sefrioui', -23075884478, 'female', 'karima.sefrioui.cardio1958@email.com', '+212692839156', 'Adresse 1958', 'Rabat', 'MRN-C001959', 'B+', 'Latex', 'Patient cardiologie', 'active', 1767179304409, 1767179304409);
INSERT OR IGNORE INTO cardiology_patients (id, company_id, healthcare_patient_id, primary_diagnosis, secondary_diagnoses, risk_level, has_pacemaker, has_stent, smoking_status, family_history, notes, status, created_at, updated_at) VALUES ('cardio-patient-01959', 'company-0001', 'hc-patient-cardio-01959', 'Cardiomyopathie dilatee', 'Cardiopathie ischemique', 'medium', 0, 0, 'former', 'positive_first_degree', 'Patient cardiologie', 'active', 1767179304409, 1767179304409);
INSERT OR IGNORE INTO healthcare_patients (id, company_id, first_name, last_name, date_of_birth, gender, email, phone, address, city, medical_record_number, blood_type, allergies, notes, status, created_at, updated_at) VALUES ('hc-patient-cardio-01960', 'company-0001', 'Malika', 'Zniber', -366448583435, 'female', 'malika.zniber.cardio1959@email.com', '+212642413498', 'Adresse 1959', 'Fes', 'MRN-C001960', 'AB+', 'Aucune', 'Patient cardiologie', 'active', 1767179304409, 1767179304409);
INSERT OR IGNORE INTO cardiology_patients (id, company_id, healthcare_patient_id, primary_diagnosis, secondary_diagnoses, risk_level, has_pacemaker, has_stent, smoking_status, family_history, notes, status, created_at, updated_at) VALUES ('cardio-patient-01960', 'company-0001', 'hc-patient-cardio-01960', 'Syndrome coronarien aigu', 'Pericardite', 'low', 0, 0, 'current', 'none', 'Patient cardiologie', 'active', 1767179304409, 1767179304409);
INSERT OR IGNORE INTO healthcare_patients (id, company_id, first_name, last_name, date_of_birth, gender, email, phone, address, city, medical_record_number, blood_type, allergies, notes, status, created_at, updated_at) VALUES ('hc-patient-cardio-01961', 'company-0001', 'Siham', 'Sefrioui', 853065856178, 'female', 'siham.sefrioui.cardio1960@email.com', '+212630030874', 'Adresse 1960', 'Marrakech', 'MRN-C001961', 'A+', 'Aspirine', 'Patient cardiologie', 'active', 1767179304409, 1767179304409);
INSERT OR IGNORE INTO cardiology_patients (id, company_id, healthcare_patient_id, primary_diagnosis, secondary_diagnoses, risk_level, has_pacemaker, has_stent, smoking_status, family_history, notes, status, created_at, updated_at) VALUES ('cardio-patient-01961', 'company-0001', 'hc-patient-cardio-01961', 'Endocardite', 'Cardiomyopathie dilatee', 'high', 0, 1, 'never', 'positive_first_degree', 'Patient cardiologie', 'active', 1767179304409, 1767179304409);
INSERT OR IGNORE INTO healthcare_patients (id, company_id, first_name, last_name, date_of_birth, gender, email, phone, address, city, medical_record_number, blood_type, allergies, notes, status, created_at, updated_at) VALUES ('hc-patient-cardio-01962', 'company-0001', 'Hicham', 'Benkirane', -125655995164, 'female', 'hicham.benkirane.cardio1961@email.com', '+212684108088', 'Adresse 1961', 'Rabat', 'MRN-C001962', 'A+', 'Aspirine', 'Patient cardiologie', 'active', 1767179304409, 1767179304409);
INSERT OR IGNORE INTO cardiology_patients (id, company_id, healthcare_patient_id, primary_diagnosis, secondary_diagnoses, risk_level, has_pacemaker, has_stent, smoking_status, family_history, notes, status, created_at, updated_at) VALUES ('cardio-patient-01962', 'company-0001', 'hc-patient-cardio-01962', 'Insuffisance cardiaque', 'Pericardite', 'low', 0, 0, 'never', 'positive_first_degree', 'Patient cardiologie', 'active', 1767179304409, 1767179304409);
INSERT OR IGNORE INTO healthcare_patients (id, company_id, first_name, last_name, date_of_birth, gender, email, phone, address, city, medical_record_number, blood_type, allergies, notes, status, created_at, updated_at) VALUES ('hc-patient-cardio-01963', 'company-0001', 'Karim', 'Chraibi', -121187436093, 'female', 'karim.chraibi.cardio1962@email.com', '+212673402608', 'Adresse 1962', 'Tanger', 'MRN-C001963', 'AB-', 'Latex', 'Patient cardiologie', 'active', 1767179304409, 1767179304409);
INSERT OR IGNORE INTO cardiology_patients (id, company_id, healthcare_patient_id, primary_diagnosis, secondary_diagnoses, risk_level, has_pacemaker, has_stent, smoking_status, family_history, notes, status, created_at, updated_at) VALUES ('cardio-patient-01963', 'company-0001', 'hc-patient-cardio-01963', 'Endocardite', 'Pericardite', 'critical', 1, 1, 'never', 'none', 'Patient cardiologie', 'active', 1767179304409, 1767179304409);
INSERT OR IGNORE INTO healthcare_patients (id, company_id, first_name, last_name, date_of_birth, gender, email, phone, address, city, medical_record_number, blood_type, allergies, notes, status, created_at, updated_at) VALUES ('hc-patient-cardio-01964', 'company-0001', 'Malika', 'Amrani', 728056876696, 'male', 'malika.amrani.cardio1963@email.com', '+212603418401', 'Adresse 1963', 'Casablanca', 'MRN-C001964', 'B-', 'Aucune', 'Patient cardiologie', 'active', 1767179304409, 1767179304409);
INSERT OR IGNORE INTO cardiology_patients (id, company_id, healthcare_patient_id, primary_diagnosis, secondary_diagnoses, risk_level, has_pacemaker, has_stent, smoking_status, family_history, notes, status, created_at, updated_at) VALUES ('cardio-patient-01964', 'company-0001', 'hc-patient-cardio-01964', 'Hypertension arterielle', 'Hypertension arterielle', 'low', 0, 0, 'former', 'positive_first_degree', 'Patient cardiologie', 'active', 1767179304409, 1767179304409);
INSERT OR IGNORE INTO healthcare_patients (id, company_id, first_name, last_name, date_of_birth, gender, email, phone, address, city, medical_record_number, blood_type, allergies, notes, status, created_at, updated_at) VALUES ('hc-patient-cardio-01965', 'company-0001', 'Driss', 'Tahiri', -838314823902, 'male', 'driss.tahiri.cardio1964@email.com', '+212685603133', 'Adresse 1964', 'Casablanca', 'MRN-C001965', 'AB+', 'Penicilline', 'Patient cardiologie', 'active', 1767179304409, 1767179304409);
INSERT OR IGNORE INTO cardiology_patients (id, company_id, healthcare_patient_id, primary_diagnosis, secondary_diagnoses, risk_level, has_pacemaker, has_stent, smoking_status, family_history, notes, status, created_at, updated_at) VALUES ('cardio-patient-01965', 'company-0001', 'hc-patient-cardio-01965', 'Hypertension arterielle', 'Arythmie ventriculaire', 'critical', 0, 0, 'former', 'none', 'Patient cardiologie', 'active', 1767179304409, 1767179304409);
INSERT OR IGNORE INTO healthcare_patients (id, company_id, first_name, last_name, date_of_birth, gender, email, phone, address, city, medical_record_number, blood_type, allergies, notes, status, created_at, updated_at) VALUES ('hc-patient-cardio-01966', 'company-0001', 'Ghita', 'Amrani', 833736903236, 'female', 'ghita.amrani.cardio1965@email.com', '+212684150276', 'Adresse 1965', 'Tanger', 'MRN-C001966', 'B+', 'Penicilline', 'Patient cardiologie', 'active', 1767179304409, 1767179304409);
INSERT OR IGNORE INTO cardiology_patients (id, company_id, healthcare_patient_id, primary_diagnosis, secondary_diagnoses, risk_level, has_pacemaker, has_stent, smoking_status, family_history, notes, status, created_at, updated_at) VALUES ('cardio-patient-01966', 'company-0001', 'hc-patient-cardio-01966', 'Cardiomyopathie dilatee', 'Insuffisance cardiaque', 'low', 0, 0, 'never', 'positive_first_degree', 'Patient cardiologie', 'active', 1767179304409, 1767179304409);
INSERT OR IGNORE INTO healthcare_patients (id, company_id, first_name, last_name, date_of_birth, gender, email, phone, address, city, medical_record_number, blood_type, allergies, notes, status, created_at, updated_at) VALUES ('hc-patient-cardio-01967', 'company-0001', 'Sanaa', 'Mekouar', 285382373460, 'male', 'sanaa.mekouar.cardio1966@email.com', '+212680107574', 'Adresse 1966', 'Rabat', 'MRN-C001967', 'A+', 'Sulfamides', 'Patient cardiologie', 'active', 1767179304409, 1767179304409);
INSERT OR IGNORE INTO cardiology_patients (id, company_id, healthcare_patient_id, primary_diagnosis, secondary_diagnoses, risk_level, has_pacemaker, has_stent, smoking_status, family_history, notes, status, created_at, updated_at) VALUES ('cardio-patient-01967', 'company-0001', 'hc-patient-cardio-01967', 'Cardiomyopathie dilatee', 'Syndrome coronarien aigu', 'medium', 0, 1, 'current', 'none', 'Patient cardiologie', 'active', 1767179304409, 1767179304409);
INSERT OR IGNORE INTO healthcare_patients (id, company_id, first_name, last_name, date_of_birth, gender, email, phone, address, city, medical_record_number, blood_type, allergies, notes, status, created_at, updated_at) VALUES ('hc-patient-cardio-01968', 'company-0001', 'Souad', 'Idrissi', 229371728596, 'male', 'souad.idrissi.cardio1967@email.com', '+212626782556', 'Adresse 1967', 'Tanger', 'MRN-C001968', 'AB+', 'Iode', 'Patient cardiologie', 'active', 1767179304409, 1767179304409);
INSERT OR IGNORE INTO cardiology_patients (id, company_id, healthcare_patient_id, primary_diagnosis, secondary_diagnoses, risk_level, has_pacemaker, has_stent, smoking_status, family_history, notes, status, created_at, updated_at) VALUES ('cardio-patient-01968', 'company-0001', 'hc-patient-cardio-01968', 'Arythmie ventriculaire', 'Endocardite', 'medium', 0, 1, 'former', 'none', 'Patient cardiologie', 'active', 1767179304409, 1767179304409);
INSERT OR IGNORE INTO healthcare_patients (id, company_id, first_name, last_name, date_of_birth, gender, email, phone, address, city, medical_record_number, blood_type, allergies, notes, status, created_at, updated_at) VALUES ('hc-patient-cardio-01969', 'company-0001', 'Jamal', 'Ouazzani', 790175480697, 'female', 'jamal.ouazzani.cardio1968@email.com', '+212667461399', 'Adresse 1968', 'Rabat', 'MRN-C001969', 'B-', 'Penicilline', 'Patient cardiologie', 'active', 1767179304409, 1767179304409);
INSERT OR IGNORE INTO cardiology_patients (id, company_id, healthcare_patient_id, primary_diagnosis, secondary_diagnoses, risk_level, has_pacemaker, has_stent, smoking_status, family_history, notes, status, created_at, updated_at) VALUES ('cardio-patient-01969', 'company-0001', 'hc-patient-cardio-01969', 'Cardiopathie ischemique', 'Hypertension arterielle', 'low', 0, 0, 'never', 'positive_second_degree', 'Patient cardiologie', 'active', 1767179304409, 1767179304409);
INSERT OR IGNORE INTO healthcare_patients (id, company_id, first_name, last_name, date_of_birth, gender, email, phone, address, city, medical_record_number, blood_type, allergies, notes, status, created_at, updated_at) VALUES ('hc-patient-cardio-01970', 'company-0001', 'Latifa', 'Cherkaoui', -590232251906, 'female', 'latifa.cherkaoui.cardio1969@email.com', '+212653187122', 'Adresse 1969', 'Agadir', 'MRN-C001970', 'O+', 'Aucune', 'Patient cardiologie', 'active', 1767179304409, 1767179304409);
INSERT OR IGNORE INTO cardiology_patients (id, company_id, healthcare_patient_id, primary_diagnosis, secondary_diagnoses, risk_level, has_pacemaker, has_stent, smoking_status, family_history, notes, status, created_at, updated_at) VALUES ('cardio-patient-01970', 'company-0001', 'hc-patient-cardio-01970', 'Valvulopathie', 'Arythmie ventriculaire', 'medium', 0, 0, 'current', 'positive_first_degree', 'Patient cardiologie', 'active', 1767179304409, 1767179304409);
INSERT OR IGNORE INTO healthcare_patients (id, company_id, first_name, last_name, date_of_birth, gender, email, phone, address, city, medical_record_number, blood_type, allergies, notes, status, created_at, updated_at) VALUES ('hc-patient-cardio-01971', 'company-0001', 'Naima', 'Idrissi', 681114598824, 'female', 'naima.idrissi.cardio1970@email.com', '+212614188800', 'Adresse 1970', 'Fes', 'MRN-C001971', 'A+', 'Latex', 'Patient cardiologie', 'active', 1767179304409, 1767179304409);
INSERT OR IGNORE INTO cardiology_patients (id, company_id, healthcare_patient_id, primary_diagnosis, secondary_diagnoses, risk_level, has_pacemaker, has_stent, smoking_status, family_history, notes, status, created_at, updated_at) VALUES ('cardio-patient-01971', 'company-0001', 'hc-patient-cardio-01971', 'Pericardite', 'Endocardite', 'critical', 0, 0, 'current', 'positive_first_degree', 'Patient cardiologie', 'active', 1767179304409, 1767179304409);
INSERT OR IGNORE INTO healthcare_patients (id, company_id, first_name, last_name, date_of_birth, gender, email, phone, address, city, medical_record_number, blood_type, allergies, notes, status, created_at, updated_at) VALUES ('hc-patient-cardio-01972', 'company-0001', 'Jamal', 'Idrissi', 507374447351, 'female', 'jamal.idrissi.cardio1971@email.com', '+212697758319', 'Adresse 1971', 'Casablanca', 'MRN-C001972', 'A-', 'Latex', 'Patient cardiologie', 'active', 1767179304409, 1767179304409);
INSERT OR IGNORE INTO cardiology_patients (id, company_id, healthcare_patient_id, primary_diagnosis, secondary_diagnoses, risk_level, has_pacemaker, has_stent, smoking_status, family_history, notes, status, created_at, updated_at) VALUES ('cardio-patient-01972', 'company-0001', 'hc-patient-cardio-01972', 'Valvulopathie', 'Endocardite', 'medium', 0, 0, 'current', 'none', 'Patient cardiologie', 'active', 1767179304409, 1767179304409);
INSERT OR IGNORE INTO healthcare_patients (id, company_id, first_name, last_name, date_of_birth, gender, email, phone, address, city, medical_record_number, blood_type, allergies, notes, status, created_at, updated_at) VALUES ('hc-patient-cardio-01973', 'company-0001', 'Souad', 'Tahiri', -458732549001, 'male', 'souad.tahiri.cardio1972@email.com', '+212645380633', 'Adresse 1972', 'Marrakech', 'MRN-C001973', 'AB+', 'Iode', 'Patient cardiologie', 'active', 1767179304409, 1767179304409);
INSERT OR IGNORE INTO cardiology_patients (id, company_id, healthcare_patient_id, primary_diagnosis, secondary_diagnoses, risk_level, has_pacemaker, has_stent, smoking_status, family_history, notes, status, created_at, updated_at) VALUES ('cardio-patient-01973', 'company-0001', 'hc-patient-cardio-01973', 'Arythmie ventriculaire', 'Pericardite', 'medium', 0, 0, 'current', 'positive_second_degree', 'Patient cardiologie', 'active', 1767179304409, 1767179304409);
INSERT OR IGNORE INTO healthcare_patients (id, company_id, first_name, last_name, date_of_birth, gender, email, phone, address, city, medical_record_number, blood_type, allergies, notes, status, created_at, updated_at) VALUES ('hc-patient-cardio-01974', 'company-0001', 'Ahmed', 'El Fassi', -724813967826, 'male', 'ahmed.el fassi.cardio1973@email.com', '+212678409074', 'Adresse 1973', 'Agadir', 'MRN-C001974', 'AB-', 'Sulfamides', 'Patient cardiologie', 'active', 1767179304409, 1767179304409);
INSERT OR IGNORE INTO cardiology_patients (id, company_id, healthcare_patient_id, primary_diagnosis, secondary_diagnoses, risk_level, has_pacemaker, has_stent, smoking_status, family_history, notes, status, created_at, updated_at) VALUES ('cardio-patient-01974', 'company-0001', 'hc-patient-cardio-01974', 'Pericardite', 'Arythmie ventriculaire', 'medium', 0, 1, 'current', 'positive_second_degree', 'Patient cardiologie', 'active', 1767179304409, 1767179304409);
INSERT OR IGNORE INTO healthcare_patients (id, company_id, first_name, last_name, date_of_birth, gender, email, phone, address, city, medical_record_number, blood_type, allergies, notes, status, created_at, updated_at) VALUES ('hc-patient-cardio-01975', 'company-0001', 'Jamila', 'Hajji', 705415148786, 'female', 'jamila.hajji.cardio1974@email.com', '+212666720667', 'Adresse 1974', 'Marrakech', 'MRN-C001975', 'B-', 'Aspirine', 'Patient cardiologie', 'active', 1767179304409, 1767179304409);
INSERT OR IGNORE INTO cardiology_patients (id, company_id, healthcare_patient_id, primary_diagnosis, secondary_diagnoses, risk_level, has_pacemaker, has_stent, smoking_status, family_history, notes, status, created_at, updated_at) VALUES ('cardio-patient-01975', 'company-0001', 'hc-patient-cardio-01975', 'Fibrillation auriculaire', 'Syndrome coronarien aigu', 'critical', 1, 0, 'former', 'positive_second_degree', 'Patient cardiologie', 'active', 1767179304409, 1767179304409);
INSERT OR IGNORE INTO healthcare_patients (id, company_id, first_name, last_name, date_of_birth, gender, email, phone, address, city, medical_record_number, blood_type, allergies, notes, status, created_at, updated_at) VALUES ('hc-patient-cardio-01976', 'company-0001', 'Younes', 'Tazi', 880418472252, 'male', 'younes.tazi.cardio1975@email.com', '+212637772715', 'Adresse 1975', 'Marrakech', 'MRN-C001976', 'AB+', 'Iode', 'Patient cardiologie', 'active', 1767179304409, 1767179304409);
INSERT OR IGNORE INTO cardiology_patients (id, company_id, healthcare_patient_id, primary_diagnosis, secondary_diagnoses, risk_level, has_pacemaker, has_stent, smoking_status, family_history, notes, status, created_at, updated_at) VALUES ('cardio-patient-01976', 'company-0001', 'hc-patient-cardio-01976', 'Fibrillation auriculaire', 'Valvulopathie', 'medium', 0, 0, 'never', 'positive_second_degree', 'Patient cardiologie', 'active', 1767179304409, 1767179304409);
INSERT OR IGNORE INTO healthcare_patients (id, company_id, first_name, last_name, date_of_birth, gender, email, phone, address, city, medical_record_number, blood_type, allergies, notes, status, created_at, updated_at) VALUES ('hc-patient-cardio-01977', 'company-0001', 'Malika', 'Lahlou', -329758141460, 'female', 'malika.lahlou.cardio1976@email.com', '+212632724029', 'Adresse 1976', 'Rabat', 'MRN-C001977', 'A-', 'Aucune', 'Patient cardiologie', 'active', 1767179304409, 1767179304409);
INSERT OR IGNORE INTO cardiology_patients (id, company_id, healthcare_patient_id, primary_diagnosis, secondary_diagnoses, risk_level, has_pacemaker, has_stent, smoking_status, family_history, notes, status, created_at, updated_at) VALUES ('cardio-patient-01977', 'company-0001', 'hc-patient-cardio-01977', 'Hypertension arterielle', 'Cardiopathie ischemique', 'low', 0, 1, 'current', 'none', 'Patient cardiologie', 'active', 1767179304409, 1767179304409);
INSERT OR IGNORE INTO healthcare_patients (id, company_id, first_name, last_name, date_of_birth, gender, email, phone, address, city, medical_record_number, blood_type, allergies, notes, status, created_at, updated_at) VALUES ('hc-patient-cardio-01978', 'company-0001', 'Naima', 'Benhima', 309544636888, 'female', 'naima.benhima.cardio1977@email.com', '+212663051172', 'Adresse 1977', 'Rabat', 'MRN-C001978', 'B-', 'Iode', 'Patient cardiologie', 'active', 1767179304409, 1767179304409);
INSERT OR IGNORE INTO cardiology_patients (id, company_id, healthcare_patient_id, primary_diagnosis, secondary_diagnoses, risk_level, has_pacemaker, has_stent, smoking_status, family_history, notes, status, created_at, updated_at) VALUES ('cardio-patient-01978', 'company-0001', 'hc-patient-cardio-01978', 'Endocardite', 'Cardiomyopathie dilatee', 'critical', 0, 1, 'never', 'positive_second_degree', 'Patient cardiologie', 'active', 1767179304409, 1767179304409);
INSERT OR IGNORE INTO healthcare_patients (id, company_id, first_name, last_name, date_of_birth, gender, email, phone, address, city, medical_record_number, blood_type, allergies, notes, status, created_at, updated_at) VALUES ('hc-patient-cardio-01979', 'company-0001', 'Amina', 'Jabri', -126790797481, 'male', 'amina.jabri.cardio1978@email.com', '+212649220224', 'Adresse 1978', 'Agadir', 'MRN-C001979', 'AB+', 'Penicilline', 'Patient cardiologie', 'active', 1767179304409, 1767179304409);
INSERT OR IGNORE INTO cardiology_patients (id, company_id, healthcare_patient_id, primary_diagnosis, secondary_diagnoses, risk_level, has_pacemaker, has_stent, smoking_status, family_history, notes, status, created_at, updated_at) VALUES ('cardio-patient-01979', 'company-0001', 'hc-patient-cardio-01979', 'Pericardite', 'Insuffisance cardiaque', 'low', 1, 1, 'former', 'positive_first_degree', 'Patient cardiologie', 'active', 1767179304409, 1767179304409);
INSERT OR IGNORE INTO healthcare_patients (id, company_id, first_name, last_name, date_of_birth, gender, email, phone, address, city, medical_record_number, blood_type, allergies, notes, status, created_at, updated_at) VALUES ('hc-patient-cardio-01980', 'company-0001', 'Brahim', 'Berrada', 764389867131, 'female', 'brahim.berrada.cardio1979@email.com', '+212646357911', 'Adresse 1979', 'Tanger', 'MRN-C001980', 'A-', 'Sulfamides', 'Patient cardiologie', 'active', 1767179304409, 1767179304409);
INSERT OR IGNORE INTO cardiology_patients (id, company_id, healthcare_patient_id, primary_diagnosis, secondary_diagnoses, risk_level, has_pacemaker, has_stent, smoking_status, family_history, notes, status, created_at, updated_at) VALUES ('cardio-patient-01980', 'company-0001', 'hc-patient-cardio-01980', 'Pericardite', 'Hypertension arterielle', 'critical', 0, 0, 'former', 'positive_first_degree', 'Patient cardiologie', 'active', 1767179304409, 1767179304409);
INSERT OR IGNORE INTO healthcare_patients (id, company_id, first_name, last_name, date_of_birth, gender, email, phone, address, city, medical_record_number, blood_type, allergies, notes, status, created_at, updated_at) VALUES ('hc-patient-cardio-01981', 'company-0001', 'Aziz', 'Alaoui', -733125258902, 'female', 'aziz.alaoui.cardio1980@email.com', '+212641576062', 'Adresse 1980', 'Fes', 'MRN-C001981', 'B+', 'Iode', 'Patient cardiologie', 'active', 1767179304409, 1767179304409);
INSERT OR IGNORE INTO cardiology_patients (id, company_id, healthcare_patient_id, primary_diagnosis, secondary_diagnoses, risk_level, has_pacemaker, has_stent, smoking_status, family_history, notes, status, created_at, updated_at) VALUES ('cardio-patient-01981', 'company-0001', 'hc-patient-cardio-01981', 'Syndrome coronarien aigu', 'Endocardite', 'medium', 0, 0, 'current', 'none', 'Patient cardiologie', 'active', 1767179304409, 1767179304409);
INSERT OR IGNORE INTO healthcare_patients (id, company_id, first_name, last_name, date_of_birth, gender, email, phone, address, city, medical_record_number, blood_type, allergies, notes, status, created_at, updated_at) VALUES ('hc-patient-cardio-01982', 'company-0001', 'Adil', 'Filali', -191895599271, 'female', 'adil.filali.cardio1981@email.com', '+212643955320', 'Adresse 1981', 'Marrakech', 'MRN-C001982', 'AB-', 'Latex', 'Patient cardiologie', 'active', 1767179304409, 1767179304409);
INSERT OR IGNORE INTO cardiology_patients (id, company_id, healthcare_patient_id, primary_diagnosis, secondary_diagnoses, risk_level, has_pacemaker, has_stent, smoking_status, family_history, notes, status, created_at, updated_at) VALUES ('cardio-patient-01982', 'company-0001', 'hc-patient-cardio-01982', 'Arythmie ventriculaire', 'Cardiomyopathie dilatee', 'low', 0, 0, 'current', 'positive_second_degree', 'Patient cardiologie', 'active', 1767179304409, 1767179304409);
INSERT OR IGNORE INTO healthcare_patients (id, company_id, first_name, last_name, date_of_birth, gender, email, phone, address, city, medical_record_number, blood_type, allergies, notes, status, created_at, updated_at) VALUES ('hc-patient-cardio-01983', 'company-0001', 'Imane', 'Tazi', -722919733713, 'female', 'imane.tazi.cardio1982@email.com', '+212612484132', 'Adresse 1982', 'Rabat', 'MRN-C001983', 'AB+', 'Iode', 'Patient cardiologie', 'active', 1767179304409, 1767179304409);
INSERT OR IGNORE INTO cardiology_patients (id, company_id, healthcare_patient_id, primary_diagnosis, secondary_diagnoses, risk_level, has_pacemaker, has_stent, smoking_status, family_history, notes, status, created_at, updated_at) VALUES ('cardio-patient-01983', 'company-0001', 'hc-patient-cardio-01983', 'Cardiomyopathie dilatee', 'Fibrillation auriculaire', 'critical', 0, 0, 'never', 'none', 'Patient cardiologie', 'active', 1767179304409, 1767179304409);
INSERT OR IGNORE INTO healthcare_patients (id, company_id, first_name, last_name, date_of_birth, gender, email, phone, address, city, medical_record_number, blood_type, allergies, notes, status, created_at, updated_at) VALUES ('hc-patient-cardio-01984', 'company-0001', 'Youssef', 'Chraibi', 364514615869, 'female', 'youssef.chraibi.cardio1983@email.com', '+212690595333', 'Adresse 1983', 'Agadir', 'MRN-C001984', 'O-', 'Iode', 'Patient cardiologie', 'active', 1767179304409, 1767179304409);
INSERT OR IGNORE INTO cardiology_patients (id, company_id, healthcare_patient_id, primary_diagnosis, secondary_diagnoses, risk_level, has_pacemaker, has_stent, smoking_status, family_history, notes, status, created_at, updated_at) VALUES ('cardio-patient-01984', 'company-0001', 'hc-patient-cardio-01984', 'Hypertension arterielle', 'Cardiomyopathie dilatee', 'low', 0, 0, 'former', 'none', 'Patient cardiologie', 'active', 1767179304409, 1767179304409);
INSERT OR IGNORE INTO healthcare_patients (id, company_id, first_name, last_name, date_of_birth, gender, email, phone, address, city, medical_record_number, blood_type, allergies, notes, status, created_at, updated_at) VALUES ('hc-patient-cardio-01985', 'company-0001', 'Hafsa', 'Benkirane', 679750133887, 'female', 'hafsa.benkirane.cardio1984@email.com', '+212667969537', 'Adresse 1984', 'Fes', 'MRN-C001985', 'B-', 'Iode', 'Patient cardiologie', 'active', 1767179304409, 1767179304409);
INSERT OR IGNORE INTO cardiology_patients (id, company_id, healthcare_patient_id, primary_diagnosis, secondary_diagnoses, risk_level, has_pacemaker, has_stent, smoking_status, family_history, notes, status, created_at, updated_at) VALUES ('cardio-patient-01985', 'company-0001', 'hc-patient-cardio-01985', 'Cardiomyopathie dilatee', 'Cardiomyopathie dilatee', 'medium', 1, 0, 'former', 'none', 'Patient cardiologie', 'active', 1767179304409, 1767179304409);
INSERT OR IGNORE INTO healthcare_patients (id, company_id, first_name, last_name, date_of_birth, gender, email, phone, address, city, medical_record_number, blood_type, allergies, notes, status, created_at, updated_at) VALUES ('hc-patient-cardio-01986', 'company-0001', 'Najat', 'Ouazzani', -126166641228, 'female', 'najat.ouazzani.cardio1985@email.com', '+212621991154', 'Adresse 1985', 'Marrakech', 'MRN-C001986', 'A+', 'Iode', 'Patient cardiologie', 'active', 1767179304409, 1767179304409);
INSERT OR IGNORE INTO cardiology_patients (id, company_id, healthcare_patient_id, primary_diagnosis, secondary_diagnoses, risk_level, has_pacemaker, has_stent, smoking_status, family_history, notes, status, created_at, updated_at) VALUES ('cardio-patient-01986', 'company-0001', 'hc-patient-cardio-01986', 'Endocardite', 'Endocardite', 'low', 0, 0, 'never', 'positive_first_degree', 'Patient cardiologie', 'active', 1767179304409, 1767179304409);
INSERT OR IGNORE INTO healthcare_patients (id, company_id, first_name, last_name, date_of_birth, gender, email, phone, address, city, medical_record_number, blood_type, allergies, notes, status, created_at, updated_at) VALUES ('hc-patient-cardio-01987', 'company-0001', 'Ismail', 'Bennani', 303362791687, 'male', 'ismail.bennani.cardio1986@email.com', '+212641543550', 'Adresse 1986', 'Casablanca', 'MRN-C001987', 'B+', 'Iode', 'Patient cardiologie', 'active', 1767179304409, 1767179304409);
INSERT OR IGNORE INTO cardiology_patients (id, company_id, healthcare_patient_id, primary_diagnosis, secondary_diagnoses, risk_level, has_pacemaker, has_stent, smoking_status, family_history, notes, status, created_at, updated_at) VALUES ('cardio-patient-01987', 'company-0001', 'hc-patient-cardio-01987', 'Cardiopathie ischemique', 'Insuffisance cardiaque', 'high', 1, 0, 'current', 'none', 'Patient cardiologie', 'active', 1767179304409, 1767179304409);
INSERT OR IGNORE INTO healthcare_patients (id, company_id, first_name, last_name, date_of_birth, gender, email, phone, address, city, medical_record_number, blood_type, allergies, notes, status, created_at, updated_at) VALUES ('hc-patient-cardio-01988', 'company-0001', 'Karima', 'Kettani', 371145933687, 'male', 'karima.kettani.cardio1987@email.com', '+212639294469', 'Adresse 1987', 'Fes', 'MRN-C001988', 'AB+', 'Iode', 'Patient cardiologie', 'active', 1767179304409, 1767179304409);
INSERT OR IGNORE INTO cardiology_patients (id, company_id, healthcare_patient_id, primary_diagnosis, secondary_diagnoses, risk_level, has_pacemaker, has_stent, smoking_status, family_history, notes, status, created_at, updated_at) VALUES ('cardio-patient-01988', 'company-0001', 'hc-patient-cardio-01988', 'Insuffisance cardiaque', 'Endocardite', 'high', 0, 0, 'never', 'none', 'Patient cardiologie', 'active', 1767179304409, 1767179304409);
INSERT OR IGNORE INTO healthcare_patients (id, company_id, first_name, last_name, date_of_birth, gender, email, phone, address, city, medical_record_number, blood_type, allergies, notes, status, created_at, updated_at) VALUES ('hc-patient-cardio-01989', 'company-0001', 'Houda', 'Alaoui', 520707241331, 'male', 'houda.alaoui.cardio1988@email.com', '+212664014959', 'Adresse 1988', 'Agadir', 'MRN-C001989', 'O+', 'Iode', 'Patient cardiologie', 'active', 1767179304409, 1767179304409);
INSERT OR IGNORE INTO cardiology_patients (id, company_id, healthcare_patient_id, primary_diagnosis, secondary_diagnoses, risk_level, has_pacemaker, has_stent, smoking_status, family_history, notes, status, created_at, updated_at) VALUES ('cardio-patient-01989', 'company-0001', 'hc-patient-cardio-01989', 'Endocardite', 'Cardiopathie ischemique', 'critical', 0, 0, 'never', 'positive_second_degree', 'Patient cardiologie', 'active', 1767179304409, 1767179304409);
INSERT OR IGNORE INTO healthcare_patients (id, company_id, first_name, last_name, date_of_birth, gender, email, phone, address, city, medical_record_number, blood_type, allergies, notes, status, created_at, updated_at) VALUES ('hc-patient-cardio-01990', 'company-0001', 'Mustapha', 'Amrani', 960788072283, 'female', 'mustapha.amrani.cardio1989@email.com', '+212605229123', 'Adresse 1989', 'Marrakech', 'MRN-C001990', 'B+', 'Iode', 'Patient cardiologie', 'active', 1767179304409, 1767179304409);
INSERT OR IGNORE INTO cardiology_patients (id, company_id, healthcare_patient_id, primary_diagnosis, secondary_diagnoses, risk_level, has_pacemaker, has_stent, smoking_status, family_history, notes, status, created_at, updated_at) VALUES ('cardio-patient-01990', 'company-0001', 'hc-patient-cardio-01990', 'Pericardite', 'Insuffisance cardiaque', 'medium', 0, 1, 'never', 'none', 'Patient cardiologie', 'active', 1767179304409, 1767179304409);
INSERT OR IGNORE INTO healthcare_patients (id, company_id, first_name, last_name, date_of_birth, gender, email, phone, address, city, medical_record_number, blood_type, allergies, notes, status, created_at, updated_at) VALUES ('hc-patient-cardio-01991', 'company-0001', 'Mehdi', 'Amrani', 344314026159, 'female', 'mehdi.amrani.cardio1990@email.com', '+212660248007', 'Adresse 1990', 'Tanger', 'MRN-C001991', 'O-', 'Latex', 'Patient cardiologie', 'active', 1767179304409, 1767179304409);
INSERT OR IGNORE INTO cardiology_patients (id, company_id, healthcare_patient_id, primary_diagnosis, secondary_diagnoses, risk_level, has_pacemaker, has_stent, smoking_status, family_history, notes, status, created_at, updated_at) VALUES ('cardio-patient-01991', 'company-0001', 'hc-patient-cardio-01991', 'Endocardite', 'Syndrome coronarien aigu', 'high', 0, 0, 'current', 'none', 'Patient cardiologie', 'active', 1767179304409, 1767179304409);
INSERT OR IGNORE INTO healthcare_patients (id, company_id, first_name, last_name, date_of_birth, gender, email, phone, address, city, medical_record_number, blood_type, allergies, notes, status, created_at, updated_at) VALUES ('hc-patient-cardio-01992', 'company-0001', 'Zakaria', 'Tahiri', 478234318148, 'male', 'zakaria.tahiri.cardio1991@email.com', '+212643680959', 'Adresse 1991', 'Agadir', 'MRN-C001992', 'AB+', 'Penicilline', 'Patient cardiologie', 'active', 1767179304409, 1767179304409);
INSERT OR IGNORE INTO cardiology_patients (id, company_id, healthcare_patient_id, primary_diagnosis, secondary_diagnoses, risk_level, has_pacemaker, has_stent, smoking_status, family_history, notes, status, created_at, updated_at) VALUES ('cardio-patient-01992', 'company-0001', 'hc-patient-cardio-01992', 'Cardiomyopathie dilatee', 'Arythmie ventriculaire', 'low', 1, 0, 'former', 'none', 'Patient cardiologie', 'active', 1767179304409, 1767179304409);
INSERT OR IGNORE INTO healthcare_patients (id, company_id, first_name, last_name, date_of_birth, gender, email, phone, address, city, medical_record_number, blood_type, allergies, notes, status, created_at, updated_at) VALUES ('hc-patient-cardio-01993', 'company-0001', 'Souad', 'Kadiri', 80472675217, 'male', 'souad.kadiri.cardio1992@email.com', '+212636527260', 'Adresse 1992', 'Tanger', 'MRN-C001993', 'B+', 'Iode', 'Patient cardiologie', 'active', 1767179304409, 1767179304409);
INSERT OR IGNORE INTO cardiology_patients (id, company_id, healthcare_patient_id, primary_diagnosis, secondary_diagnoses, risk_level, has_pacemaker, has_stent, smoking_status, family_history, notes, status, created_at, updated_at) VALUES ('cardio-patient-01993', 'company-0001', 'hc-patient-cardio-01993', 'Insuffisance cardiaque', 'Endocardite', 'high', 0, 1, 'former', 'none', 'Patient cardiologie', 'active', 1767179304409, 1767179304409);
INSERT OR IGNORE INTO healthcare_patients (id, company_id, first_name, last_name, date_of_birth, gender, email, phone, address, city, medical_record_number, blood_type, allergies, notes, status, created_at, updated_at) VALUES ('hc-patient-cardio-01994', 'company-0001', 'Laila', 'El Fassi', 311925827601, 'male', 'laila.el fassi.cardio1993@email.com', '+212680712244', 'Adresse 1993', 'Tanger', 'MRN-C001994', 'B+', 'Penicilline', 'Patient cardiologie', 'active', 1767179304409, 1767179304409);
INSERT OR IGNORE INTO cardiology_patients (id, company_id, healthcare_patient_id, primary_diagnosis, secondary_diagnoses, risk_level, has_pacemaker, has_stent, smoking_status, family_history, notes, status, created_at, updated_at) VALUES ('cardio-patient-01994', 'company-0001', 'hc-patient-cardio-01994', 'Fibrillation auriculaire', 'Pericardite', 'critical', 1, 0, 'former', 'positive_second_degree', 'Patient cardiologie', 'active', 1767179304409, 1767179304409);
INSERT OR IGNORE INTO healthcare_patients (id, company_id, first_name, last_name, date_of_birth, gender, email, phone, address, city, medical_record_number, blood_type, allergies, notes, status, created_at, updated_at) VALUES ('hc-patient-cardio-01995', 'company-0001', 'Hanane', 'Hajji', -366197048437, 'male', 'hanane.hajji.cardio1994@email.com', '+212661556869', 'Adresse 1994', 'Agadir', 'MRN-C001995', 'A+', 'Aspirine', 'Patient cardiologie', 'active', 1767179304409, 1767179304409);
INSERT OR IGNORE INTO cardiology_patients (id, company_id, healthcare_patient_id, primary_diagnosis, secondary_diagnoses, risk_level, has_pacemaker, has_stent, smoking_status, family_history, notes, status, created_at, updated_at) VALUES ('cardio-patient-01995', 'company-0001', 'hc-patient-cardio-01995', 'Fibrillation auriculaire', 'Valvulopathie', 'low', 0, 0, 'never', 'positive_first_degree', 'Patient cardiologie', 'active', 1767179304409, 1767179304409);
INSERT OR IGNORE INTO healthcare_patients (id, company_id, first_name, last_name, date_of_birth, gender, email, phone, address, city, medical_record_number, blood_type, allergies, notes, status, created_at, updated_at) VALUES ('hc-patient-cardio-01996', 'company-0001', 'Nadia', 'Ouazzani', 454658374589, 'male', 'nadia.ouazzani.cardio1995@email.com', '+212656097981', 'Adresse 1995', 'Fes', 'MRN-C001996', 'B+', 'Penicilline', 'Patient cardiologie', 'active', 1767179304409, 1767179304409);
INSERT OR IGNORE INTO cardiology_patients (id, company_id, healthcare_patient_id, primary_diagnosis, secondary_diagnoses, risk_level, has_pacemaker, has_stent, smoking_status, family_history, notes, status, created_at, updated_at) VALUES ('cardio-patient-01996', 'company-0001', 'hc-patient-cardio-01996', 'Valvulopathie', 'Valvulopathie', 'medium', 0, 1, 'never', 'positive_second_degree', 'Patient cardiologie', 'active', 1767179304409, 1767179304409);
INSERT OR IGNORE INTO healthcare_patients (id, company_id, first_name, last_name, date_of_birth, gender, email, phone, address, city, medical_record_number, blood_type, allergies, notes, status, created_at, updated_at) VALUES ('hc-patient-cardio-01997', 'company-0001', 'Samir', 'Doukkali', -404744092896, 'male', 'samir.doukkali.cardio1996@email.com', '+212666381941', 'Adresse 1996', 'Tanger', 'MRN-C001997', 'B-', 'Latex', 'Patient cardiologie', 'active', 1767179304409, 1767179304409);
INSERT OR IGNORE INTO cardiology_patients (id, company_id, healthcare_patient_id, primary_diagnosis, secondary_diagnoses, risk_level, has_pacemaker, has_stent, smoking_status, family_history, notes, status, created_at, updated_at) VALUES ('cardio-patient-01997', 'company-0001', 'hc-patient-cardio-01997', 'Valvulopathie', 'Endocardite', 'medium', 0, 0, 'former', 'positive_first_degree', 'Patient cardiologie', 'active', 1767179304409, 1767179304409);
INSERT OR IGNORE INTO healthcare_patients (id, company_id, first_name, last_name, date_of_birth, gender, email, phone, address, city, medical_record_number, blood_type, allergies, notes, status, created_at, updated_at) VALUES ('hc-patient-cardio-01998', 'company-0001', 'Hassan', 'Zniber', 592007640725, 'male', 'hassan.zniber.cardio1997@email.com', '+212642048164', 'Adresse 1997', 'Rabat', 'MRN-C001998', 'B-', 'Latex', 'Patient cardiologie', 'active', 1767179304409, 1767179304409);
INSERT OR IGNORE INTO cardiology_patients (id, company_id, healthcare_patient_id, primary_diagnosis, secondary_diagnoses, risk_level, has_pacemaker, has_stent, smoking_status, family_history, notes, status, created_at, updated_at) VALUES ('cardio-patient-01998', 'company-0001', 'hc-patient-cardio-01998', 'Hypertension arterielle', 'Arythmie ventriculaire', 'high', 0, 0, 'never', 'positive_first_degree', 'Patient cardiologie', 'active', 1767179304409, 1767179304409);
INSERT OR IGNORE INTO healthcare_patients (id, company_id, first_name, last_name, date_of_birth, gender, email, phone, address, city, medical_record_number, blood_type, allergies, notes, status, created_at, updated_at) VALUES ('hc-patient-cardio-01999', 'company-0001', 'Amina', 'Doukkali', -355889639672, 'female', 'amina.doukkali.cardio1998@email.com', '+212665699925', 'Adresse 1998', 'Rabat', 'MRN-C001999', 'O+', 'Latex', 'Patient cardiologie', 'active', 1767179304409, 1767179304409);
INSERT OR IGNORE INTO cardiology_patients (id, company_id, healthcare_patient_id, primary_diagnosis, secondary_diagnoses, risk_level, has_pacemaker, has_stent, smoking_status, family_history, notes, status, created_at, updated_at) VALUES ('cardio-patient-01999', 'company-0001', 'hc-patient-cardio-01999', 'Syndrome coronarien aigu', 'Valvulopathie', 'medium', 0, 1, 'never', 'positive_first_degree', 'Patient cardiologie', 'active', 1767179304409, 1767179304409);
INSERT OR IGNORE INTO healthcare_patients (id, company_id, first_name, last_name, date_of_birth, gender, email, phone, address, city, medical_record_number, blood_type, allergies, notes, status, created_at, updated_at) VALUES ('hc-patient-cardio-02000', 'company-0001', 'Wafa', 'Sefrioui', -252681620754, 'male', 'wafa.sefrioui.cardio1999@email.com', '+212672646350', 'Adresse 1999', 'Rabat', 'MRN-C002000', 'AB-', 'Sulfamides', 'Patient cardiologie', 'active', 1767179304409, 1767179304409);
INSERT OR IGNORE INTO cardiology_patients (id, company_id, healthcare_patient_id, primary_diagnosis, secondary_diagnoses, risk_level, has_pacemaker, has_stent, smoking_status, family_history, notes, status, created_at, updated_at) VALUES ('cardio-patient-02000', 'company-0001', 'hc-patient-cardio-02000', 'Cardiomyopathie dilatee', 'Cardiopathie ischemique', 'high', 1, 0, 'former', 'positive_first_degree', 'Patient cardiologie', 'active', 1767179304409, 1767179304409);
INSERT OR IGNORE INTO healthcare_consultations (id, company_id, patient_id, module, consultation_date, reason, diagnosis, treatment_plan, notes, status, created_by, created_at, updated_at) VALUES ('cardio-consult-000001', 'company-0001', 'hc-patient-cardio-01593', 'cardiology', 1738719248537, 'Douleur thoracique', 'Endocardite', 'Plan de traitement cardiologique', 'Consultation cardiologie', 'cancelled', 'user-admin-001', 1767179304409, 1767179304409);
INSERT OR IGNORE INTO healthcare_consultations (id, company_id, patient_id, module, consultation_date, reason, diagnosis, treatment_plan, notes, status, created_by, created_at, updated_at) VALUES ('cardio-consult-000002', 'company-0001', 'hc-patient-cardio-01835', 'cardiology', 1744197917336, 'Dyspnee', 'Arythmie ventriculaire', 'Plan de traitement cardiologique', 'Consultation cardiologie', 'scheduled', 'user-admin-001', 1767179304409, 1767179304409);
INSERT OR IGNORE INTO healthcare_consultations (id, company_id, patient_id, module, consultation_date, reason, diagnosis, treatment_plan, notes, status, created_by, created_at, updated_at) VALUES ('cardio-consult-000003', 'company-0001', 'hc-patient-cardio-01948', 'cardiology', 1743365967658, 'Suivi', 'Endocardite', 'Plan de traitement cardiologique', 'Consultation cardiologie', 'scheduled', 'user-admin-001', 1767179304409, 1767179304409);
INSERT OR IGNORE INTO healthcare_consultations (id, company_id, patient_id, module, consultation_date, reason, diagnosis, treatment_plan, notes, status, created_by, created_at, updated_at) VALUES ('cardio-consult-000004', 'company-0001', 'hc-patient-cardio-01044', 'cardiology', 1757287348537, 'Palpitations', 'Cardiopathie ischemique', 'Plan de traitement cardiologique', 'Consultation cardiologie', 'scheduled', 'user-admin-001', 1767179304409, 1767179304409);
INSERT OR IGNORE INTO healthcare_consultations (id, company_id, patient_id, module, consultation_date, reason, diagnosis, treatment_plan, notes, status, created_by, created_at, updated_at) VALUES ('cardio-consult-000005', 'company-0001', 'hc-patient-cardio-01369', 'cardiology', 1764897904658, 'Suivi', 'Hypertension arterielle', 'Plan de traitement cardiologique', 'Consultation cardiologie', 'cancelled', 'user-admin-001', 1767179304409, 1767179304409);
INSERT OR IGNORE INTO healthcare_consultations (id, company_id, patient_id, module, consultation_date, reason, diagnosis, treatment_plan, notes, status, created_by, created_at, updated_at) VALUES ('cardio-consult-000006', 'company-0001', 'hc-patient-cardio-00902', 'cardiology', 1718704403882, 'Suivi', 'Pericardite', 'Plan de traitement cardiologique', 'Consultation cardiologie', 'completed', 'user-admin-001', 1767179304410, 1767179304410);
INSERT OR IGNORE INTO healthcare_consultations (id, company_id, patient_id, module, consultation_date, reason, diagnosis, treatment_plan, notes, status, created_by, created_at, updated_at) VALUES ('cardio-consult-000007', 'company-0001', 'hc-patient-cardio-01922', 'cardiology', 1755839903203, 'Dyspnee', 'Cardiomyopathie dilatee', 'Plan de traitement cardiologique', 'Consultation cardiologie', 'completed', 'user-admin-001', 1767179304410, 1767179304410);
INSERT OR IGNORE INTO healthcare_consultations (id, company_id, patient_id, module, consultation_date, reason, diagnosis, treatment_plan, notes, status, created_by, created_at, updated_at) VALUES ('cardio-consult-000008', 'company-0001', 'hc-patient-cardio-00780', 'cardiology', 1726588654961, 'Syncope', 'Syndrome coronarien aigu', 'Plan de traitement cardiologique', 'Consultation cardiologie', 'completed', 'user-admin-001', 1767179304410, 1767179304410);
INSERT OR IGNORE INTO healthcare_consultations (id, company_id, patient_id, module, consultation_date, reason, diagnosis, treatment_plan, notes, status, created_by, created_at, updated_at) VALUES ('cardio-consult-000009', 'company-0001', 'hc-patient-cardio-00790', 'cardiology', 1732388235747, 'Suivi', 'Arythmie ventriculaire', 'Plan de traitement cardiologique', 'Consultation cardiologie', 'completed', 'user-admin-001', 1767179304410, 1767179304410);
INSERT OR IGNORE INTO healthcare_consultations (id, company_id, patient_id, module, consultation_date, reason, diagnosis, treatment_plan, notes, status, created_by, created_at, updated_at) VALUES ('cardio-consult-000010', 'company-0001', 'hc-patient-cardio-00865', 'cardiology', 1720338730048, 'Dyspnee', 'Cardiomyopathie dilatee', 'Plan de traitement cardiologique', 'Consultation cardiologie', 'scheduled', 'user-admin-001', 1767179304410, 1767179304410);
INSERT OR IGNORE INTO healthcare_consultations (id, company_id, patient_id, module, consultation_date, reason, diagnosis, treatment_plan, notes, status, created_by, created_at, updated_at) VALUES ('cardio-consult-000011', 'company-0001', 'hc-patient-cardio-01646', 'cardiology', 1744020469355, 'Syncope', 'Hypertension arterielle', 'Plan de traitement cardiologique', 'Consultation cardiologie', 'completed', 'user-admin-001', 1767179304410, 1767179304410);
INSERT OR IGNORE INTO healthcare_consultations (id, company_id, patient_id, module, consultation_date, reason, diagnosis, treatment_plan, notes, status, created_by, created_at, updated_at) VALUES ('cardio-consult-000012', 'company-0001', 'hc-patient-cardio-01841', 'cardiology', 1745325588169, 'Controle post-intervention', 'Pericardite', 'Plan de traitement cardiologique', 'Consultation cardiologie', 'cancelled', 'user-admin-001', 1767179304410, 1767179304410);
INSERT OR IGNORE INTO healthcare_consultations (id, company_id, patient_id, module, consultation_date, reason, diagnosis, treatment_plan, notes, status, created_by, created_at, updated_at) VALUES ('cardio-consult-000013', 'company-0001', 'hc-patient-cardio-01669', 'cardiology', 1715990639838, 'Syncope', 'Valvulopathie', 'Plan de traitement cardiologique', 'Consultation cardiologie', 'scheduled', 'user-admin-001', 1767179304410, 1767179304410);
INSERT OR IGNORE INTO healthcare_consultations (id, company_id, patient_id, module, consultation_date, reason, diagnosis, treatment_plan, notes, status, created_by, created_at, updated_at) VALUES ('cardio-consult-000014', 'company-0001', 'hc-patient-cardio-00408', 'cardiology', 1760745284090, 'Controle post-intervention', 'Arythmie ventriculaire', 'Plan de traitement cardiologique', 'Consultation cardiologie', 'scheduled', 'user-admin-001', 1767179304410, 1767179304410);
INSERT OR IGNORE INTO healthcare_consultations (id, company_id, patient_id, module, consultation_date, reason, diagnosis, treatment_plan, notes, status, created_by, created_at, updated_at) VALUES ('cardio-consult-000015', 'company-0001', 'hc-patient-cardio-01575', 'cardiology', 1728294500138, 'Syncope', 'Pericardite', 'Plan de traitement cardiologique', 'Consultation cardiologie', 'cancelled', 'user-admin-001', 1767179304410, 1767179304410);
INSERT OR IGNORE INTO healthcare_consultations (id, company_id, patient_id, module, consultation_date, reason, diagnosis, treatment_plan, notes, status, created_by, created_at, updated_at) VALUES ('cardio-consult-000016', 'company-0001', 'hc-patient-cardio-00303', 'cardiology', 1722913918107, 'Douleur thoracique', 'Endocardite', 'Plan de traitement cardiologique', 'Consultation cardiologie', 'scheduled', 'user-admin-001', 1767179304410, 1767179304410);
INSERT OR IGNORE INTO healthcare_consultations (id, company_id, patient_id, module, consultation_date, reason, diagnosis, treatment_plan, notes, status, created_by, created_at, updated_at) VALUES ('cardio-consult-000017', 'company-0001', 'hc-patient-cardio-00727', 'cardiology', 1718491858258, 'Controle post-intervention', 'Valvulopathie', 'Plan de traitement cardiologique', 'Consultation cardiologie', 'cancelled', 'user-admin-001', 1767179304410, 1767179304410);
INSERT OR IGNORE INTO healthcare_consultations (id, company_id, patient_id, module, consultation_date, reason, diagnosis, treatment_plan, notes, status, created_by, created_at, updated_at) VALUES ('cardio-consult-000018', 'company-0001', 'hc-patient-cardio-00096', 'cardiology', 1746630594171, 'Controle post-intervention', 'Fibrillation auriculaire', 'Plan de traitement cardiologique', 'Consultation cardiologie', 'scheduled', 'user-admin-001', 1767179304410, 1767179304410);
INSERT OR IGNORE INTO healthcare_consultations (id, company_id, patient_id, module, consultation_date, reason, diagnosis, treatment_plan, notes, status, created_by, created_at, updated_at) VALUES ('cardio-consult-000019', 'company-0001', 'hc-patient-cardio-00581', 'cardiology', 1716876965906, 'Controle post-intervention', 'Fibrillation auriculaire', 'Plan de traitement cardiologique', 'Consultation cardiologie', 'cancelled', 'user-admin-001', 1767179304410, 1767179304410);
INSERT OR IGNORE INTO healthcare_consultations (id, company_id, patient_id, module, consultation_date, reason, diagnosis, treatment_plan, notes, status, created_by, created_at, updated_at) VALUES ('cardio-consult-000020', 'company-0001', 'hc-patient-cardio-00731', 'cardiology', 1707875856526, 'Suivi', 'Endocardite', 'Plan de traitement cardiologique', 'Consultation cardiologie', 'scheduled', 'user-admin-001', 1767179304410, 1767179304410);
INSERT OR IGNORE INTO healthcare_consultations (id, company_id, patient_id, module, consultation_date, reason, diagnosis, treatment_plan, notes, status, created_by, created_at, updated_at) VALUES ('cardio-consult-000021', 'company-0001', 'hc-patient-cardio-00911', 'cardiology', 1713463057475, 'Syncope', 'Hypertension arterielle', 'Plan de traitement cardiologique', 'Consultation cardiologie', 'cancelled', 'user-admin-001', 1767179304410, 1767179304410);
INSERT OR IGNORE INTO healthcare_consultations (id, company_id, patient_id, module, consultation_date, reason, diagnosis, treatment_plan, notes, status, created_by, created_at, updated_at) VALUES ('cardio-consult-000022', 'company-0001', 'hc-patient-cardio-01966', 'cardiology', 1719283758794, 'Douleur thoracique', 'Arythmie ventriculaire', 'Plan de traitement cardiologique', 'Consultation cardiologie', 'scheduled', 'user-admin-001', 1767179304410, 1767179304410);
INSERT OR IGNORE INTO healthcare_consultations (id, company_id, patient_id, module, consultation_date, reason, diagnosis, treatment_plan, notes, status, created_by, created_at, updated_at) VALUES ('cardio-consult-000023', 'company-0001', 'hc-patient-cardio-01376', 'cardiology', 1720474156350, 'Syncope', 'Fibrillation auriculaire', 'Plan de traitement cardiologique', 'Consultation cardiologie', 'cancelled', 'user-admin-001', 1767179304410, 1767179304410);
INSERT OR IGNORE INTO healthcare_consultations (id, company_id, patient_id, module, consultation_date, reason, diagnosis, treatment_plan, notes, status, created_by, created_at, updated_at) VALUES ('cardio-consult-000024', 'company-0001', 'hc-patient-cardio-00811', 'cardiology', 1709403219408, 'Douleur thoracique', 'Hypertension arterielle', 'Plan de traitement cardiologique', 'Consultation cardiologie', 'scheduled', 'user-admin-001', 1767179304410, 1767179304410);
INSERT OR IGNORE INTO healthcare_consultations (id, company_id, patient_id, module, consultation_date, reason, diagnosis, treatment_plan, notes, status, created_by, created_at, updated_at) VALUES ('cardio-consult-000025', 'company-0001', 'hc-patient-cardio-01126', 'cardiology', 1747539442934, 'Suivi', 'Endocardite', 'Plan de traitement cardiologique', 'Consultation cardiologie', 'completed', 'user-admin-001', 1767179304410, 1767179304410);
INSERT OR IGNORE INTO healthcare_consultations (id, company_id, patient_id, module, consultation_date, reason, diagnosis, treatment_plan, notes, status, created_by, created_at, updated_at) VALUES ('cardio-consult-000026', 'company-0001', 'hc-patient-cardio-00392', 'cardiology', 1722172468352, 'Suivi', 'Cardiomyopathie dilatee', 'Plan de traitement cardiologique', 'Consultation cardiologie', 'scheduled', 'user-admin-001', 1767179304410, 1767179304410);
INSERT OR IGNORE INTO healthcare_consultations (id, company_id, patient_id, module, consultation_date, reason, diagnosis, treatment_plan, notes, status, created_by, created_at, updated_at) VALUES ('cardio-consult-000027', 'company-0001', 'hc-patient-cardio-01710', 'cardiology', 1737674282123, 'Dyspnee', 'Hypertension arterielle', 'Plan de traitement cardiologique', 'Consultation cardiologie', 'scheduled', 'user-admin-001', 1767179304410, 1767179304410);
INSERT OR IGNORE INTO healthcare_consultations (id, company_id, patient_id, module, consultation_date, reason, diagnosis, treatment_plan, notes, status, created_by, created_at, updated_at) VALUES ('cardio-consult-000028', 'company-0001', 'hc-patient-cardio-01543', 'cardiology', 1732931224010, 'Palpitations', 'Valvulopathie', 'Plan de traitement cardiologique', 'Consultation cardiologie', 'completed', 'user-admin-001', 1767179304410, 1767179304410);
INSERT OR IGNORE INTO healthcare_consultations (id, company_id, patient_id, module, consultation_date, reason, diagnosis, treatment_plan, notes, status, created_by, created_at, updated_at) VALUES ('cardio-consult-000029', 'company-0001', 'hc-patient-cardio-00892', 'cardiology', 1726622539156, 'Syncope', 'Cardiopathie ischemique', 'Plan de traitement cardiologique', 'Consultation cardiologie', 'scheduled', 'user-admin-001', 1767179304410, 1767179304410);
INSERT OR IGNORE INTO healthcare_consultations (id, company_id, patient_id, module, consultation_date, reason, diagnosis, treatment_plan, notes, status, created_by, created_at, updated_at) VALUES ('cardio-consult-000030', 'company-0001', 'hc-patient-cardio-00736', 'cardiology', 1740812659160, 'Controle post-intervention', 'Syndrome coronarien aigu', 'Plan de traitement cardiologique', 'Consultation cardiologie', 'scheduled', 'user-admin-001', 1767179304410, 1767179304410);
INSERT OR IGNORE INTO healthcare_consultations (id, company_id, patient_id, module, consultation_date, reason, diagnosis, treatment_plan, notes, status, created_by, created_at, updated_at) VALUES ('cardio-consult-000031', 'company-0001', 'hc-patient-cardio-01939', 'cardiology', 1722704606384, 'Palpitations', 'Valvulopathie', 'Plan de traitement cardiologique', 'Consultation cardiologie', 'completed', 'user-admin-001', 1767179304410, 1767179304410);
INSERT OR IGNORE INTO healthcare_consultations (id, company_id, patient_id, module, consultation_date, reason, diagnosis, treatment_plan, notes, status, created_by, created_at, updated_at) VALUES ('cardio-consult-000032', 'company-0001', 'hc-patient-cardio-00063', 'cardiology', 1725722436101, 'Palpitations', 'Cardiopathie ischemique', 'Plan de traitement cardiologique', 'Consultation cardiologie', 'cancelled', 'user-admin-001', 1767179304410, 1767179304410);
INSERT OR IGNORE INTO healthcare_consultations (id, company_id, patient_id, module, consultation_date, reason, diagnosis, treatment_plan, notes, status, created_by, created_at, updated_at) VALUES ('cardio-consult-000033', 'company-0001', 'hc-patient-cardio-01809', 'cardiology', 1735365351465, 'Suivi', 'Pericardite', 'Plan de traitement cardiologique', 'Consultation cardiologie', 'scheduled', 'user-admin-001', 1767179304410, 1767179304410);
INSERT OR IGNORE INTO healthcare_consultations (id, company_id, patient_id, module, consultation_date, reason, diagnosis, treatment_plan, notes, status, created_by, created_at, updated_at) VALUES ('cardio-consult-000034', 'company-0001', 'hc-patient-cardio-01116', 'cardiology', 1718843784605, 'Douleur thoracique', 'Cardiomyopathie dilatee', 'Plan de traitement cardiologique', 'Consultation cardiologie', 'scheduled', 'user-admin-001', 1767179304410, 1767179304410);
INSERT OR IGNORE INTO healthcare_consultations (id, company_id, patient_id, module, consultation_date, reason, diagnosis, treatment_plan, notes, status, created_by, created_at, updated_at) VALUES ('cardio-consult-000035', 'company-0001', 'hc-patient-cardio-01303', 'cardiology', 1753771838234, 'Dyspnee', 'Valvulopathie', 'Plan de traitement cardiologique', 'Consultation cardiologie', 'scheduled', 'user-admin-001', 1767179304410, 1767179304410);
INSERT OR IGNORE INTO healthcare_consultations (id, company_id, patient_id, module, consultation_date, reason, diagnosis, treatment_plan, notes, status, created_by, created_at, updated_at) VALUES ('cardio-consult-000036', 'company-0001', 'hc-patient-cardio-01224', 'cardiology', 1764097138678, 'Palpitations', 'Cardiomyopathie dilatee', 'Plan de traitement cardiologique', 'Consultation cardiologie', 'cancelled', 'user-admin-001', 1767179304410, 1767179304410);
INSERT OR IGNORE INTO healthcare_consultations (id, company_id, patient_id, module, consultation_date, reason, diagnosis, treatment_plan, notes, status, created_by, created_at, updated_at) VALUES ('cardio-consult-000037', 'company-0001', 'hc-patient-cardio-01065', 'cardiology', 1739573618688, 'Dyspnee', 'Endocardite', 'Plan de traitement cardiologique', 'Consultation cardiologie', 'completed', 'user-admin-001', 1767179304410, 1767179304410);
INSERT OR IGNORE INTO healthcare_consultations (id, company_id, patient_id, module, consultation_date, reason, diagnosis, treatment_plan, notes, status, created_by, created_at, updated_at) VALUES ('cardio-consult-000038', 'company-0001', 'hc-patient-cardio-00538', 'cardiology', 1762480260274, 'Palpitations', 'Insuffisance cardiaque', 'Plan de traitement cardiologique', 'Consultation cardiologie', 'completed', 'user-admin-001', 1767179304410, 1767179304410);
INSERT OR IGNORE INTO healthcare_consultations (id, company_id, patient_id, module, consultation_date, reason, diagnosis, treatment_plan, notes, status, created_by, created_at, updated_at) VALUES ('cardio-consult-000039', 'company-0001', 'hc-patient-cardio-00616', 'cardiology', 1731711690383, 'Syncope', 'Arythmie ventriculaire', 'Plan de traitement cardiologique', 'Consultation cardiologie', 'completed', 'user-admin-001', 1767179304410, 1767179304410);
INSERT OR IGNORE INTO healthcare_consultations (id, company_id, patient_id, module, consultation_date, reason, diagnosis, treatment_plan, notes, status, created_by, created_at, updated_at) VALUES ('cardio-consult-000040', 'company-0001', 'hc-patient-cardio-01012', 'cardiology', 1732165886302, 'Dyspnee', 'Endocardite', 'Plan de traitement cardiologique', 'Consultation cardiologie', 'completed', 'user-admin-001', 1767179304410, 1767179304410);
INSERT OR IGNORE INTO healthcare_consultations (id, company_id, patient_id, module, consultation_date, reason, diagnosis, treatment_plan, notes, status, created_by, created_at, updated_at) VALUES ('cardio-consult-000041', 'company-0001', 'hc-patient-cardio-01779', 'cardiology', 1735971408689, 'Syncope', 'Cardiomyopathie dilatee', 'Plan de traitement cardiologique', 'Consultation cardiologie', 'completed', 'user-admin-001', 1767179304410, 1767179304410);
INSERT OR IGNORE INTO healthcare_consultations (id, company_id, patient_id, module, consultation_date, reason, diagnosis, treatment_plan, notes, status, created_by, created_at, updated_at) VALUES ('cardio-consult-000042', 'company-0001', 'hc-patient-cardio-00320', 'cardiology', 1725996373205, 'Suivi', 'Syndrome coronarien aigu', 'Plan de traitement cardiologique', 'Consultation cardiologie', 'completed', 'user-admin-001', 1767179304410, 1767179304410);
INSERT OR IGNORE INTO healthcare_consultations (id, company_id, patient_id, module, consultation_date, reason, diagnosis, treatment_plan, notes, status, created_by, created_at, updated_at) VALUES ('cardio-consult-000043', 'company-0001', 'hc-patient-cardio-00068', 'cardiology', 1731267350034, 'Suivi', 'Valvulopathie', 'Plan de traitement cardiologique', 'Consultation cardiologie', 'scheduled', 'user-admin-001', 1767179304410, 1767179304410);
INSERT OR IGNORE INTO healthcare_consultations (id, company_id, patient_id, module, consultation_date, reason, diagnosis, treatment_plan, notes, status, created_by, created_at, updated_at) VALUES ('cardio-consult-000044', 'company-0001', 'hc-patient-cardio-01246', 'cardiology', 1715564396550, 'Syncope', 'Valvulopathie', 'Plan de traitement cardiologique', 'Consultation cardiologie', 'cancelled', 'user-admin-001', 1767179304410, 1767179304410);
INSERT OR IGNORE INTO healthcare_consultations (id, company_id, patient_id, module, consultation_date, reason, diagnosis, treatment_plan, notes, status, created_by, created_at, updated_at) VALUES ('cardio-consult-000045', 'company-0001', 'hc-patient-cardio-00238', 'cardiology', 1709883265766, 'Controle post-intervention', 'Endocardite', 'Plan de traitement cardiologique', 'Consultation cardiologie', 'scheduled', 'user-admin-001', 1767179304410, 1767179304410);
INSERT OR IGNORE INTO healthcare_consultations (id, company_id, patient_id, module, consultation_date, reason, diagnosis, treatment_plan, notes, status, created_by, created_at, updated_at) VALUES ('cardio-consult-000046', 'company-0001', 'hc-patient-cardio-01071', 'cardiology', 1727222526863, 'Dyspnee', 'Arythmie ventriculaire', 'Plan de traitement cardiologique', 'Consultation cardiologie', 'scheduled', 'user-admin-001', 1767179304410, 1767179304410);
INSERT OR IGNORE INTO healthcare_consultations (id, company_id, patient_id, module, consultation_date, reason, diagnosis, treatment_plan, notes, status, created_by, created_at, updated_at) VALUES ('cardio-consult-000047', 'company-0001', 'hc-patient-cardio-00004', 'cardiology', 1756373155899, 'Suivi', 'Fibrillation auriculaire', 'Plan de traitement cardiologique', 'Consultation cardiologie', 'scheduled', 'user-admin-001', 1767179304410, 1767179304410);
INSERT OR IGNORE INTO healthcare_consultations (id, company_id, patient_id, module, consultation_date, reason, diagnosis, treatment_plan, notes, status, created_by, created_at, updated_at) VALUES ('cardio-consult-000048', 'company-0001', 'hc-patient-cardio-00790', 'cardiology', 1739070674985, 'Controle post-intervention', 'Endocardite', 'Plan de traitement cardiologique', 'Consultation cardiologie', 'scheduled', 'user-admin-001', 1767179304410, 1767179304410);
INSERT OR IGNORE INTO healthcare_consultations (id, company_id, patient_id, module, consultation_date, reason, diagnosis, treatment_plan, notes, status, created_by, created_at, updated_at) VALUES ('cardio-consult-000049', 'company-0001', 'hc-patient-cardio-01772', 'cardiology', 1720969561586, 'Douleur thoracique', 'Fibrillation auriculaire', 'Plan de traitement cardiologique', 'Consultation cardiologie', 'completed', 'user-admin-001', 1767179304411, 1767179304411);
INSERT OR IGNORE INTO healthcare_consultations (id, company_id, patient_id, module, consultation_date, reason, diagnosis, treatment_plan, notes, status, created_by, created_at, updated_at) VALUES ('cardio-consult-000050', 'company-0001', 'hc-patient-cardio-01952', 'cardiology', 1727623079738, 'Controle post-intervention', 'Pericardite', 'Plan de traitement cardiologique', 'Consultation cardiologie', 'scheduled', 'user-admin-001', 1767179304411, 1767179304411);
INSERT OR IGNORE INTO healthcare_consultations (id, company_id, patient_id, module, consultation_date, reason, diagnosis, treatment_plan, notes, status, created_by, created_at, updated_at) VALUES ('cardio-consult-000051', 'company-0001', 'hc-patient-cardio-00182', 'cardiology', 1707518087953, 'Syncope', 'Insuffisance cardiaque', 'Plan de traitement cardiologique', 'Consultation cardiologie', 'completed', 'user-admin-001', 1767179304411, 1767179304411);
INSERT OR IGNORE INTO healthcare_consultations (id, company_id, patient_id, module, consultation_date, reason, diagnosis, treatment_plan, notes, status, created_by, created_at, updated_at) VALUES ('cardio-consult-000052', 'company-0001', 'hc-patient-cardio-00268', 'cardiology', 1758595939744, 'Dyspnee', 'Cardiopathie ischemique', 'Plan de traitement cardiologique', 'Consultation cardiologie', 'cancelled', 'user-admin-001', 1767179304411, 1767179304411);
INSERT OR IGNORE INTO healthcare_consultations (id, company_id, patient_id, module, consultation_date, reason, diagnosis, treatment_plan, notes, status, created_by, created_at, updated_at) VALUES ('cardio-consult-000053', 'company-0001', 'hc-patient-cardio-00265', 'cardiology', 1739663325523, 'Controle post-intervention', 'Fibrillation auriculaire', 'Plan de traitement cardiologique', 'Consultation cardiologie', 'completed', 'user-admin-001', 1767179304411, 1767179304411);
INSERT OR IGNORE INTO healthcare_consultations (id, company_id, patient_id, module, consultation_date, reason, diagnosis, treatment_plan, notes, status, created_by, created_at, updated_at) VALUES ('cardio-consult-000054', 'company-0001', 'hc-patient-cardio-00178', 'cardiology', 1751556084292, 'Douleur thoracique', 'Pericardite', 'Plan de traitement cardiologique', 'Consultation cardiologie', 'cancelled', 'user-admin-001', 1767179304411, 1767179304411);
INSERT OR IGNORE INTO healthcare_consultations (id, company_id, patient_id, module, consultation_date, reason, diagnosis, treatment_plan, notes, status, created_by, created_at, updated_at) VALUES ('cardio-consult-000055', 'company-0001', 'hc-patient-cardio-00333', 'cardiology', 1706846315716, 'Douleur thoracique', 'Endocardite', 'Plan de traitement cardiologique', 'Consultation cardiologie', 'scheduled', 'user-admin-001', 1767179304411, 1767179304411);
INSERT OR IGNORE INTO healthcare_consultations (id, company_id, patient_id, module, consultation_date, reason, diagnosis, treatment_plan, notes, status, created_by, created_at, updated_at) VALUES ('cardio-consult-000056', 'company-0001', 'hc-patient-cardio-01899', 'cardiology', 1710810575860, 'Dyspnee', 'Fibrillation auriculaire', 'Plan de traitement cardiologique', 'Consultation cardiologie', 'scheduled', 'user-admin-001', 1767179304411, 1767179304411);
INSERT OR IGNORE INTO healthcare_consultations (id, company_id, patient_id, module, consultation_date, reason, diagnosis, treatment_plan, notes, status, created_by, created_at, updated_at) VALUES ('cardio-consult-000057', 'company-0001', 'hc-patient-cardio-00468', 'cardiology', 1749040532540, 'Suivi', 'Valvulopathie', 'Plan de traitement cardiologique', 'Consultation cardiologie', 'cancelled', 'user-admin-001', 1767179304411, 1767179304411);
INSERT OR IGNORE INTO healthcare_consultations (id, company_id, patient_id, module, consultation_date, reason, diagnosis, treatment_plan, notes, status, created_by, created_at, updated_at) VALUES ('cardio-consult-000058', 'company-0001', 'hc-patient-cardio-00866', 'cardiology', 1715374832535, 'Palpitations', 'Insuffisance cardiaque', 'Plan de traitement cardiologique', 'Consultation cardiologie', 'completed', 'user-admin-001', 1767179304411, 1767179304411);
INSERT OR IGNORE INTO healthcare_consultations (id, company_id, patient_id, module, consultation_date, reason, diagnosis, treatment_plan, notes, status, created_by, created_at, updated_at) VALUES ('cardio-consult-000059', 'company-0001', 'hc-patient-cardio-01554', 'cardiology', 1749947051882, 'Palpitations', 'Arythmie ventriculaire', 'Plan de traitement cardiologique', 'Consultation cardiologie', 'completed', 'user-admin-001', 1767179304411, 1767179304411);
INSERT OR IGNORE INTO healthcare_consultations (id, company_id, patient_id, module, consultation_date, reason, diagnosis, treatment_plan, notes, status, created_by, created_at, updated_at) VALUES ('cardio-consult-000060', 'company-0001', 'hc-patient-cardio-00139', 'cardiology', 1737846066878, 'Syncope', 'Cardiopathie ischemique', 'Plan de traitement cardiologique', 'Consultation cardiologie', 'scheduled', 'user-admin-001', 1767179304411, 1767179304411);
INSERT OR IGNORE INTO healthcare_consultations (id, company_id, patient_id, module, consultation_date, reason, diagnosis, treatment_plan, notes, status, created_by, created_at, updated_at) VALUES ('cardio-consult-000061', 'company-0001', 'hc-patient-cardio-00843', 'cardiology', 1736202288149, 'Palpitations', 'Arythmie ventriculaire', 'Plan de traitement cardiologique', 'Consultation cardiologie', 'completed', 'user-admin-001', 1767179304411, 1767179304411);
INSERT OR IGNORE INTO healthcare_consultations (id, company_id, patient_id, module, consultation_date, reason, diagnosis, treatment_plan, notes, status, created_by, created_at, updated_at) VALUES ('cardio-consult-000062', 'company-0001', 'hc-patient-cardio-00059', 'cardiology', 1729357051010, 'Syncope', 'Hypertension arterielle', 'Plan de traitement cardiologique', 'Consultation cardiologie', 'completed', 'user-admin-001', 1767179304411, 1767179304411);
INSERT OR IGNORE INTO healthcare_consultations (id, company_id, patient_id, module, consultation_date, reason, diagnosis, treatment_plan, notes, status, created_by, created_at, updated_at) VALUES ('cardio-consult-000063', 'company-0001', 'hc-patient-cardio-01924', 'cardiology', 1750811574380, 'Douleur thoracique', 'Syndrome coronarien aigu', 'Plan de traitement cardiologique', 'Consultation cardiologie', 'scheduled', 'user-admin-001', 1767179304411, 1767179304411);
INSERT OR IGNORE INTO healthcare_consultations (id, company_id, patient_id, module, consultation_date, reason, diagnosis, treatment_plan, notes, status, created_by, created_at, updated_at) VALUES ('cardio-consult-000064', 'company-0001', 'hc-patient-cardio-01977', 'cardiology', 1741212289288, 'Controle post-intervention', 'Insuffisance cardiaque', 'Plan de traitement cardiologique', 'Consultation cardiologie', 'completed', 'user-admin-001', 1767179304411, 1767179304411);
INSERT OR IGNORE INTO healthcare_consultations (id, company_id, patient_id, module, consultation_date, reason, diagnosis, treatment_plan, notes, status, created_by, created_at, updated_at) VALUES ('cardio-consult-000065', 'company-0001', 'hc-patient-cardio-00481', 'cardiology', 1728703494358, 'Controle post-intervention', 'Endocardite', 'Plan de traitement cardiologique', 'Consultation cardiologie', 'cancelled', 'user-admin-001', 1767179304411, 1767179304411);
INSERT OR IGNORE INTO healthcare_consultations (id, company_id, patient_id, module, consultation_date, reason, diagnosis, treatment_plan, notes, status, created_by, created_at, updated_at) VALUES ('cardio-consult-000066', 'company-0001', 'hc-patient-cardio-00117', 'cardiology', 1744883267371, 'Controle post-intervention', 'Syndrome coronarien aigu', 'Plan de traitement cardiologique', 'Consultation cardiologie', 'scheduled', 'user-admin-001', 1767179304411, 1767179304411);
INSERT OR IGNORE INTO healthcare_consultations (id, company_id, patient_id, module, consultation_date, reason, diagnosis, treatment_plan, notes, status, created_by, created_at, updated_at) VALUES ('cardio-consult-000067', 'company-0001', 'hc-patient-cardio-00490', 'cardiology', 1752822843102, 'Syncope', 'Syndrome coronarien aigu', 'Plan de traitement cardiologique', 'Consultation cardiologie', 'cancelled', 'user-admin-001', 1767179304411, 1767179304411);
INSERT OR IGNORE INTO healthcare_consultations (id, company_id, patient_id, module, consultation_date, reason, diagnosis, treatment_plan, notes, status, created_by, created_at, updated_at) VALUES ('cardio-consult-000068', 'company-0001', 'hc-patient-cardio-00182', 'cardiology', 1733676032658, 'Controle post-intervention', 'Fibrillation auriculaire', 'Plan de traitement cardiologique', 'Consultation cardiologie', 'scheduled', 'user-admin-001', 1767179304411, 1767179304411);
INSERT OR IGNORE INTO healthcare_consultations (id, company_id, patient_id, module, consultation_date, reason, diagnosis, treatment_plan, notes, status, created_by, created_at, updated_at) VALUES ('cardio-consult-000069', 'company-0001', 'hc-patient-cardio-01189', 'cardiology', 1726965923293, 'Douleur thoracique', 'Fibrillation auriculaire', 'Plan de traitement cardiologique', 'Consultation cardiologie', 'scheduled', 'user-admin-001', 1767179304411, 1767179304411);
INSERT OR IGNORE INTO healthcare_consultations (id, company_id, patient_id, module, consultation_date, reason, diagnosis, treatment_plan, notes, status, created_by, created_at, updated_at) VALUES ('cardio-consult-000070', 'company-0001', 'hc-patient-cardio-00784', 'cardiology', 1709643489756, 'Suivi', 'Hypertension arterielle', 'Plan de traitement cardiologique', 'Consultation cardiologie', 'completed', 'user-admin-001', 1767179304411, 1767179304411);
INSERT OR IGNORE INTO healthcare_consultations (id, company_id, patient_id, module, consultation_date, reason, diagnosis, treatment_plan, notes, status, created_by, created_at, updated_at) VALUES ('cardio-consult-000071', 'company-0001', 'hc-patient-cardio-01567', 'cardiology', 1764878339698, 'Dyspnee', 'Arythmie ventriculaire', 'Plan de traitement cardiologique', 'Consultation cardiologie', 'completed', 'user-admin-001', 1767179304411, 1767179304411);
INSERT OR IGNORE INTO healthcare_consultations (id, company_id, patient_id, module, consultation_date, reason, diagnosis, treatment_plan, notes, status, created_by, created_at, updated_at) VALUES ('cardio-consult-000072', 'company-0001', 'hc-patient-cardio-00204', 'cardiology', 1704310197008, 'Douleur thoracique', 'Cardiomyopathie dilatee', 'Plan de traitement cardiologique', 'Consultation cardiologie', 'scheduled', 'user-admin-001', 1767179304411, 1767179304411);
INSERT OR IGNORE INTO healthcare_consultations (id, company_id, patient_id, module, consultation_date, reason, diagnosis, treatment_plan, notes, status, created_by, created_at, updated_at) VALUES ('cardio-consult-000073', 'company-0001', 'hc-patient-cardio-00510', 'cardiology', 1710462845114, 'Douleur thoracique', 'Syndrome coronarien aigu', 'Plan de traitement cardiologique', 'Consultation cardiologie', 'cancelled', 'user-admin-001', 1767179304411, 1767179304411);
INSERT OR IGNORE INTO healthcare_consultations (id, company_id, patient_id, module, consultation_date, reason, diagnosis, treatment_plan, notes, status, created_by, created_at, updated_at) VALUES ('cardio-consult-000074', 'company-0001', 'hc-patient-cardio-01409', 'cardiology', 1765370642140, 'Palpitations', 'Insuffisance cardiaque', 'Plan de traitement cardiologique', 'Consultation cardiologie', 'completed', 'user-admin-001', 1767179304411, 1767179304411);
INSERT OR IGNORE INTO healthcare_consultations (id, company_id, patient_id, module, consultation_date, reason, diagnosis, treatment_plan, notes, status, created_by, created_at, updated_at) VALUES ('cardio-consult-000075', 'company-0001', 'hc-patient-cardio-00596', 'cardiology', 1731283639176, 'Palpitations', 'Pericardite', 'Plan de traitement cardiologique', 'Consultation cardiologie', 'cancelled', 'user-admin-001', 1767179304411, 1767179304411);
INSERT OR IGNORE INTO healthcare_consultations (id, company_id, patient_id, module, consultation_date, reason, diagnosis, treatment_plan, notes, status, created_by, created_at, updated_at) VALUES ('cardio-consult-000076', 'company-0001', 'hc-patient-cardio-00501', 'cardiology', 1751937441999, 'Dyspnee', 'Cardiomyopathie dilatee', 'Plan de traitement cardiologique', 'Consultation cardiologie', 'cancelled', 'user-admin-001', 1767179304411, 1767179304411);
INSERT OR IGNORE INTO healthcare_consultations (id, company_id, patient_id, module, consultation_date, reason, diagnosis, treatment_plan, notes, status, created_by, created_at, updated_at) VALUES ('cardio-consult-000077', 'company-0001', 'hc-patient-cardio-00625', 'cardiology', 1761742057897, 'Douleur thoracique', 'Cardiomyopathie dilatee', 'Plan de traitement cardiologique', 'Consultation cardiologie', 'cancelled', 'user-admin-001', 1767179304411, 1767179304411);
INSERT OR IGNORE INTO healthcare_consultations (id, company_id, patient_id, module, consultation_date, reason, diagnosis, treatment_plan, notes, status, created_by, created_at, updated_at) VALUES ('cardio-consult-000078', 'company-0001', 'hc-patient-cardio-01453', 'cardiology', 1721734152575, 'Palpitations', 'Arythmie ventriculaire', 'Plan de traitement cardiologique', 'Consultation cardiologie', 'completed', 'user-admin-001', 1767179304411, 1767179304411);
INSERT OR IGNORE INTO healthcare_consultations (id, company_id, patient_id, module, consultation_date, reason, diagnosis, treatment_plan, notes, status, created_by, created_at, updated_at) VALUES ('cardio-consult-000079', 'company-0001', 'hc-patient-cardio-00657', 'cardiology', 1704295019841, 'Palpitations', 'Cardiomyopathie dilatee', 'Plan de traitement cardiologique', 'Consultation cardiologie', 'scheduled', 'user-admin-001', 1767179304411, 1767179304411);
INSERT OR IGNORE INTO healthcare_consultations (id, company_id, patient_id, module, consultation_date, reason, diagnosis, treatment_plan, notes, status, created_by, created_at, updated_at) VALUES ('cardio-consult-000080', 'company-0001', 'hc-patient-cardio-00824', 'cardiology', 1735540221088, 'Suivi', 'Valvulopathie', 'Plan de traitement cardiologique', 'Consultation cardiologie', 'scheduled', 'user-admin-001', 1767179304411, 1767179304411);
INSERT OR IGNORE INTO healthcare_consultations (id, company_id, patient_id, module, consultation_date, reason, diagnosis, treatment_plan, notes, status, created_by, created_at, updated_at) VALUES ('cardio-consult-000081', 'company-0001', 'hc-patient-cardio-01404', 'cardiology', 1764887579827, 'Controle post-intervention', 'Syndrome coronarien aigu', 'Plan de traitement cardiologique', 'Consultation cardiologie', 'completed', 'user-admin-001', 1767179304411, 1767179304411);
INSERT OR IGNORE INTO healthcare_consultations (id, company_id, patient_id, module, consultation_date, reason, diagnosis, treatment_plan, notes, status, created_by, created_at, updated_at) VALUES ('cardio-consult-000082', 'company-0001', 'hc-patient-cardio-01159', 'cardiology', 1723403196460, 'Douleur thoracique', 'Fibrillation auriculaire', 'Plan de traitement cardiologique', 'Consultation cardiologie', 'completed', 'user-admin-001', 1767179304411, 1767179304411);
INSERT OR IGNORE INTO healthcare_consultations (id, company_id, patient_id, module, consultation_date, reason, diagnosis, treatment_plan, notes, status, created_by, created_at, updated_at) VALUES ('cardio-consult-000083', 'company-0001', 'hc-patient-cardio-00845', 'cardiology', 1716438885424, 'Controle post-intervention', 'Fibrillation auriculaire', 'Plan de traitement cardiologique', 'Consultation cardiologie', 'cancelled', 'user-admin-001', 1767179304411, 1767179304411);
INSERT OR IGNORE INTO healthcare_consultations (id, company_id, patient_id, module, consultation_date, reason, diagnosis, treatment_plan, notes, status, created_by, created_at, updated_at) VALUES ('cardio-consult-000084', 'company-0001', 'hc-patient-cardio-01729', 'cardiology', 1758079787618, 'Suivi', 'Fibrillation auriculaire', 'Plan de traitement cardiologique', 'Consultation cardiologie', 'completed', 'user-admin-001', 1767179304411, 1767179304411);
INSERT OR IGNORE INTO healthcare_consultations (id, company_id, patient_id, module, consultation_date, reason, diagnosis, treatment_plan, notes, status, created_by, created_at, updated_at) VALUES ('cardio-consult-000085', 'company-0001', 'hc-patient-cardio-00065', 'cardiology', 1742283333584, 'Syncope', 'Syndrome coronarien aigu', 'Plan de traitement cardiologique', 'Consultation cardiologie', 'completed', 'user-admin-001', 1767179304411, 1767179304411);
INSERT OR IGNORE INTO healthcare_consultations (id, company_id, patient_id, module, consultation_date, reason, diagnosis, treatment_plan, notes, status, created_by, created_at, updated_at) VALUES ('cardio-consult-000086', 'company-0001', 'hc-patient-cardio-00335', 'cardiology', 1725166929355, 'Palpitations', 'Fibrillation auriculaire', 'Plan de traitement cardiologique', 'Consultation cardiologie', 'cancelled', 'user-admin-001', 1767179304411, 1767179304411);
INSERT OR IGNORE INTO healthcare_consultations (id, company_id, patient_id, module, consultation_date, reason, diagnosis, treatment_plan, notes, status, created_by, created_at, updated_at) VALUES ('cardio-consult-000087', 'company-0001', 'hc-patient-cardio-00199', 'cardiology', 1732878341254, 'Dyspnee', 'Arythmie ventriculaire', 'Plan de traitement cardiologique', 'Consultation cardiologie', 'completed', 'user-admin-001', 1767179304411, 1767179304411);
INSERT OR IGNORE INTO healthcare_consultations (id, company_id, patient_id, module, consultation_date, reason, diagnosis, treatment_plan, notes, status, created_by, created_at, updated_at) VALUES ('cardio-consult-000088', 'company-0001', 'hc-patient-cardio-01238', 'cardiology', 1764670105401, 'Suivi', 'Endocardite', 'Plan de traitement cardiologique', 'Consultation cardiologie', 'scheduled', 'user-admin-001', 1767179304411, 1767179304411);
INSERT OR IGNORE INTO healthcare_consultations (id, company_id, patient_id, module, consultation_date, reason, diagnosis, treatment_plan, notes, status, created_by, created_at, updated_at) VALUES ('cardio-consult-000089', 'company-0001', 'hc-patient-cardio-00062', 'cardiology', 1704503679672, 'Controle post-intervention', 'Cardiopathie ischemique', 'Plan de traitement cardiologique', 'Consultation cardiologie', 'cancelled', 'user-admin-001', 1767179304411, 1767179304411);
INSERT OR IGNORE INTO healthcare_consultations (id, company_id, patient_id, module, consultation_date, reason, diagnosis, treatment_plan, notes, status, created_by, created_at, updated_at) VALUES ('cardio-consult-000090', 'company-0001', 'hc-patient-cardio-00915', 'cardiology', 1747569696962, 'Palpitations', 'Endocardite', 'Plan de traitement cardiologique', 'Consultation cardiologie', 'scheduled', 'user-admin-001', 1767179304411, 1767179304411);
INSERT OR IGNORE INTO healthcare_consultations (id, company_id, patient_id, module, consultation_date, reason, diagnosis, treatment_plan, notes, status, created_by, created_at, updated_at) VALUES ('cardio-consult-000091', 'company-0001', 'hc-patient-cardio-00483', 'cardiology', 1719625328883, 'Douleur thoracique', 'Insuffisance cardiaque', 'Plan de traitement cardiologique', 'Consultation cardiologie', 'scheduled', 'user-admin-001', 1767179304411, 1767179304411);
INSERT OR IGNORE INTO healthcare_consultations (id, company_id, patient_id, module, consultation_date, reason, diagnosis, treatment_plan, notes, status, created_by, created_at, updated_at) VALUES ('cardio-consult-000092', 'company-0001', 'hc-patient-cardio-01821', 'cardiology', 1761136383675, 'Douleur thoracique', 'Fibrillation auriculaire', 'Plan de traitement cardiologique', 'Consultation cardiologie', 'completed', 'user-admin-001', 1767179304411, 1767179304411);
INSERT OR IGNORE INTO healthcare_consultations (id, company_id, patient_id, module, consultation_date, reason, diagnosis, treatment_plan, notes, status, created_by, created_at, updated_at) VALUES ('cardio-consult-000093', 'company-0001', 'hc-patient-cardio-01192', 'cardiology', 1751380359376, 'Palpitations', 'Cardiopathie ischemique', 'Plan de traitement cardiologique', 'Consultation cardiologie', 'scheduled', 'user-admin-001', 1767179304411, 1767179304411);
INSERT OR IGNORE INTO healthcare_consultations (id, company_id, patient_id, module, consultation_date, reason, diagnosis, treatment_plan, notes, status, created_by, created_at, updated_at) VALUES ('cardio-consult-000094', 'company-0001', 'hc-patient-cardio-00962', 'cardiology', 1708328300519, 'Syncope', 'Endocardite', 'Plan de traitement cardiologique', 'Consultation cardiologie', 'cancelled', 'user-admin-001', 1767179304411, 1767179304411);
INSERT OR IGNORE INTO healthcare_consultations (id, company_id, patient_id, module, consultation_date, reason, diagnosis, treatment_plan, notes, status, created_by, created_at, updated_at) VALUES ('cardio-consult-000095', 'company-0001', 'hc-patient-cardio-01408', 'cardiology', 1759875286004, 'Douleur thoracique', 'Cardiomyopathie dilatee', 'Plan de traitement cardiologique', 'Consultation cardiologie', 'completed', 'user-admin-001', 1767179304411, 1767179304411);
INSERT OR IGNORE INTO healthcare_consultations (id, company_id, patient_id, module, consultation_date, reason, diagnosis, treatment_plan, notes, status, created_by, created_at, updated_at) VALUES ('cardio-consult-000096', 'company-0001', 'hc-patient-cardio-01925', 'cardiology', 1708604706670, 'Dyspnee', 'Arythmie ventriculaire', 'Plan de traitement cardiologique', 'Consultation cardiologie', 'completed', 'user-admin-001', 1767179304411, 1767179304411);
INSERT OR IGNORE INTO healthcare_consultations (id, company_id, patient_id, module, consultation_date, reason, diagnosis, treatment_plan, notes, status, created_by, created_at, updated_at) VALUES ('cardio-consult-000097', 'company-0001', 'hc-patient-cardio-00844', 'cardiology', 1751639472650, 'Syncope', 'Valvulopathie', 'Plan de traitement cardiologique', 'Consultation cardiologie', 'scheduled', 'user-admin-001', 1767179304411, 1767179304411);
INSERT OR IGNORE INTO healthcare_consultations (id, company_id, patient_id, module, consultation_date, reason, diagnosis, treatment_plan, notes, status, created_by, created_at, updated_at) VALUES ('cardio-consult-000098', 'company-0001', 'hc-patient-cardio-00263', 'cardiology', 1726965204856, 'Syncope', 'Hypertension arterielle', 'Plan de traitement cardiologique', 'Consultation cardiologie', 'completed', 'user-admin-001', 1767179304411, 1767179304411);
INSERT OR IGNORE INTO healthcare_consultations (id, company_id, patient_id, module, consultation_date, reason, diagnosis, treatment_plan, notes, status, created_by, created_at, updated_at) VALUES ('cardio-consult-000099', 'company-0001', 'hc-patient-cardio-00545', 'cardiology', 1759111251560, 'Palpitations', 'Valvulopathie', 'Plan de traitement cardiologique', 'Consultation cardiologie', 'scheduled', 'user-admin-001', 1767179304411, 1767179304411);
INSERT OR IGNORE INTO healthcare_consultations (id, company_id, patient_id, module, consultation_date, reason, diagnosis, treatment_plan, notes, status, created_by, created_at, updated_at) VALUES ('cardio-consult-000100', 'company-0001', 'hc-patient-cardio-01045', 'cardiology', 1734717577283, 'Dyspnee', 'Valvulopathie', 'Plan de traitement cardiologique', 'Consultation cardiologie', 'completed', 'user-admin-001', 1767179304411, 1767179304411);
INSERT OR IGNORE INTO healthcare_consultations (id, company_id, patient_id, module, consultation_date, reason, diagnosis, treatment_plan, notes, status, created_by, created_at, updated_at) VALUES ('cardio-consult-000101', 'company-0001', 'hc-patient-cardio-01853', 'cardiology', 1727397103521, 'Douleur thoracique', 'Pericardite', 'Plan de traitement cardiologique', 'Consultation cardiologie', 'scheduled', 'user-admin-001', 1767179304411, 1767179304411);
INSERT OR IGNORE INTO healthcare_consultations (id, company_id, patient_id, module, consultation_date, reason, diagnosis, treatment_plan, notes, status, created_by, created_at, updated_at) VALUES ('cardio-consult-000102', 'company-0001', 'hc-patient-cardio-01398', 'cardiology', 1765148874763, 'Palpitations', 'Arythmie ventriculaire', 'Plan de traitement cardiologique', 'Consultation cardiologie', 'cancelled', 'user-admin-001', 1767179304411, 1767179304411);
INSERT OR IGNORE INTO healthcare_consultations (id, company_id, patient_id, module, consultation_date, reason, diagnosis, treatment_plan, notes, status, created_by, created_at, updated_at) VALUES ('cardio-consult-000103', 'company-0001', 'hc-patient-cardio-00393', 'cardiology', 1738220816159, 'Palpitations', 'Cardiopathie ischemique', 'Plan de traitement cardiologique', 'Consultation cardiologie', 'cancelled', 'user-admin-001', 1767179304411, 1767179304411);
INSERT OR IGNORE INTO healthcare_consultations (id, company_id, patient_id, module, consultation_date, reason, diagnosis, treatment_plan, notes, status, created_by, created_at, updated_at) VALUES ('cardio-consult-000104', 'company-0001', 'hc-patient-cardio-00751', 'cardiology', 1716811456894, 'Syncope', 'Syndrome coronarien aigu', 'Plan de traitement cardiologique', 'Consultation cardiologie', 'scheduled', 'user-admin-001', 1767179304411, 1767179304411);
INSERT OR IGNORE INTO healthcare_consultations (id, company_id, patient_id, module, consultation_date, reason, diagnosis, treatment_plan, notes, status, created_by, created_at, updated_at) VALUES ('cardio-consult-000105', 'company-0001', 'hc-patient-cardio-00360', 'cardiology', 1753682253427, 'Palpitations', 'Cardiomyopathie dilatee', 'Plan de traitement cardiologique', 'Consultation cardiologie', 'scheduled', 'user-admin-001', 1767179304411, 1767179304411);
INSERT OR IGNORE INTO healthcare_consultations (id, company_id, patient_id, module, consultation_date, reason, diagnosis, treatment_plan, notes, status, created_by, created_at, updated_at) VALUES ('cardio-consult-000106', 'company-0001', 'hc-patient-cardio-01667', 'cardiology', 1705553950063, 'Dyspnee', 'Valvulopathie', 'Plan de traitement cardiologique', 'Consultation cardiologie', 'completed', 'user-admin-001', 1767179304411, 1767179304411);
INSERT OR IGNORE INTO healthcare_consultations (id, company_id, patient_id, module, consultation_date, reason, diagnosis, treatment_plan, notes, status, created_by, created_at, updated_at) VALUES ('cardio-consult-000107', 'company-0001', 'hc-patient-cardio-00746', 'cardiology', 1716705311230, 'Dyspnee', 'Cardiopathie ischemique', 'Plan de traitement cardiologique', 'Consultation cardiologie', 'scheduled', 'user-admin-001', 1767179304411, 1767179304411);
INSERT OR IGNORE INTO healthcare_consultations (id, company_id, patient_id, module, consultation_date, reason, diagnosis, treatment_plan, notes, status, created_by, created_at, updated_at) VALUES ('cardio-consult-000108', 'company-0001', 'hc-patient-cardio-00706', 'cardiology', 1750856170613, 'Douleur thoracique', 'Valvulopathie', 'Plan de traitement cardiologique', 'Consultation cardiologie', 'scheduled', 'user-admin-001', 1767179304411, 1767179304411);
INSERT OR IGNORE INTO healthcare_consultations (id, company_id, patient_id, module, consultation_date, reason, diagnosis, treatment_plan, notes, status, created_by, created_at, updated_at) VALUES ('cardio-consult-000109', 'company-0001', 'hc-patient-cardio-00759', 'cardiology', 1711693392166, 'Douleur thoracique', 'Syndrome coronarien aigu', 'Plan de traitement cardiologique', 'Consultation cardiologie', 'completed', 'user-admin-001', 1767179304411, 1767179304411);
INSERT OR IGNORE INTO healthcare_consultations (id, company_id, patient_id, module, consultation_date, reason, diagnosis, treatment_plan, notes, status, created_by, created_at, updated_at) VALUES ('cardio-consult-000110', 'company-0001', 'hc-patient-cardio-01497', 'cardiology', 1741249923346, 'Dyspnee', 'Insuffisance cardiaque', 'Plan de traitement cardiologique', 'Consultation cardiologie', 'cancelled', 'user-admin-001', 1767179304411, 1767179304411);
INSERT OR IGNORE INTO healthcare_consultations (id, company_id, patient_id, module, consultation_date, reason, diagnosis, treatment_plan, notes, status, created_by, created_at, updated_at) VALUES ('cardio-consult-000111', 'company-0001', 'hc-patient-cardio-01584', 'cardiology', 1753817554122, 'Palpitations', 'Fibrillation auriculaire', 'Plan de traitement cardiologique', 'Consultation cardiologie', 'completed', 'user-admin-001', 1767179304411, 1767179304411);
INSERT OR IGNORE INTO healthcare_consultations (id, company_id, patient_id, module, consultation_date, reason, diagnosis, treatment_plan, notes, status, created_by, created_at, updated_at) VALUES ('cardio-consult-000112', 'company-0001', 'hc-patient-cardio-01373', 'cardiology', 1706653762791, 'Douleur thoracique', 'Valvulopathie', 'Plan de traitement cardiologique', 'Consultation cardiologie', 'cancelled', 'user-admin-001', 1767179304411, 1767179304411);
INSERT OR IGNORE INTO healthcare_consultations (id, company_id, patient_id, module, consultation_date, reason, diagnosis, treatment_plan, notes, status, created_by, created_at, updated_at) VALUES ('cardio-consult-000113', 'company-0001', 'hc-patient-cardio-01494', 'cardiology', 1720673931576, 'Dyspnee', 'Endocardite', 'Plan de traitement cardiologique', 'Consultation cardiologie', 'cancelled', 'user-admin-001', 1767179304411, 1767179304411);
INSERT OR IGNORE INTO healthcare_consultations (id, company_id, patient_id, module, consultation_date, reason, diagnosis, treatment_plan, notes, status, created_by, created_at, updated_at) VALUES ('cardio-consult-000114', 'company-0001', 'hc-patient-cardio-01826', 'cardiology', 1706693335842, 'Controle post-intervention', 'Arythmie ventriculaire', 'Plan de traitement cardiologique', 'Consultation cardiologie', 'completed', 'user-admin-001', 1767179304411, 1767179304411);
INSERT OR IGNORE INTO healthcare_consultations (id, company_id, patient_id, module, consultation_date, reason, diagnosis, treatment_plan, notes, status, created_by, created_at, updated_at) VALUES ('cardio-consult-000115', 'company-0001', 'hc-patient-cardio-01041', 'cardiology', 1765921295515, 'Douleur thoracique', 'Cardiomyopathie dilatee', 'Plan de traitement cardiologique', 'Consultation cardiologie', 'completed', 'user-admin-001', 1767179304411, 1767179304411);
INSERT OR IGNORE INTO healthcare_consultations (id, company_id, patient_id, module, consultation_date, reason, diagnosis, treatment_plan, notes, status, created_by, created_at, updated_at) VALUES ('cardio-consult-000116', 'company-0001', 'hc-patient-cardio-00438', 'cardiology', 1712192753850, 'Controle post-intervention', 'Cardiopathie ischemique', 'Plan de traitement cardiologique', 'Consultation cardiologie', 'cancelled', 'user-admin-001', 1767179304411, 1767179304411);
INSERT OR IGNORE INTO healthcare_consultations (id, company_id, patient_id, module, consultation_date, reason, diagnosis, treatment_plan, notes, status, created_by, created_at, updated_at) VALUES ('cardio-consult-000117', 'company-0001', 'hc-patient-cardio-00976', 'cardiology', 1722195816937, 'Controle post-intervention', 'Hypertension arterielle', 'Plan de traitement cardiologique', 'Consultation cardiologie', 'scheduled', 'user-admin-001', 1767179304411, 1767179304411);
INSERT OR IGNORE INTO healthcare_consultations (id, company_id, patient_id, module, consultation_date, reason, diagnosis, treatment_plan, notes, status, created_by, created_at, updated_at) VALUES ('cardio-consult-000118', 'company-0001', 'hc-patient-cardio-00341', 'cardiology', 1765729544225, 'Dyspnee', 'Valvulopathie', 'Plan de traitement cardiologique', 'Consultation cardiologie', 'scheduled', 'user-admin-001', 1767179304411, 1767179304411);
INSERT OR IGNORE INTO healthcare_consultations (id, company_id, patient_id, module, consultation_date, reason, diagnosis, treatment_plan, notes, status, created_by, created_at, updated_at) VALUES ('cardio-consult-000119', 'company-0001', 'hc-patient-cardio-00143', 'cardiology', 1758881937755, 'Douleur thoracique', 'Fibrillation auriculaire', 'Plan de traitement cardiologique', 'Consultation cardiologie', 'completed', 'user-admin-001', 1767179304411, 1767179304411);
INSERT OR IGNORE INTO healthcare_consultations (id, company_id, patient_id, module, consultation_date, reason, diagnosis, treatment_plan, notes, status, created_by, created_at, updated_at) VALUES ('cardio-consult-000120', 'company-0001', 'hc-patient-cardio-00668', 'cardiology', 1756702300517, 'Palpitations', 'Syndrome coronarien aigu', 'Plan de traitement cardiologique', 'Consultation cardiologie', 'cancelled', 'user-admin-001', 1767179304411, 1767179304411);
INSERT OR IGNORE INTO healthcare_consultations (id, company_id, patient_id, module, consultation_date, reason, diagnosis, treatment_plan, notes, status, created_by, created_at, updated_at) VALUES ('cardio-consult-000121', 'company-0001', 'hc-patient-cardio-01431', 'cardiology', 1705051846982, 'Dyspnee', 'Pericardite', 'Plan de traitement cardiologique', 'Consultation cardiologie', 'cancelled', 'user-admin-001', 1767179304411, 1767179304411);
INSERT OR IGNORE INTO healthcare_consultations (id, company_id, patient_id, module, consultation_date, reason, diagnosis, treatment_plan, notes, status, created_by, created_at, updated_at) VALUES ('cardio-consult-000122', 'company-0001', 'hc-patient-cardio-01439', 'cardiology', 1710421708044, 'Palpitations', 'Arythmie ventriculaire', 'Plan de traitement cardiologique', 'Consultation cardiologie', 'cancelled', 'user-admin-001', 1767179304411, 1767179304411);
INSERT OR IGNORE INTO healthcare_consultations (id, company_id, patient_id, module, consultation_date, reason, diagnosis, treatment_plan, notes, status, created_by, created_at, updated_at) VALUES ('cardio-consult-000123', 'company-0001', 'hc-patient-cardio-01574', 'cardiology', 1748114190102, 'Palpitations', 'Insuffisance cardiaque', 'Plan de traitement cardiologique', 'Consultation cardiologie', 'completed', 'user-admin-001', 1767179304411, 1767179304411);
INSERT OR IGNORE INTO healthcare_consultations (id, company_id, patient_id, module, consultation_date, reason, diagnosis, treatment_plan, notes, status, created_by, created_at, updated_at) VALUES ('cardio-consult-000124', 'company-0001', 'hc-patient-cardio-00814', 'cardiology', 1763514205586, 'Palpitations', 'Insuffisance cardiaque', 'Plan de traitement cardiologique', 'Consultation cardiologie', 'cancelled', 'user-admin-001', 1767179304411, 1767179304411);
INSERT OR IGNORE INTO healthcare_consultations (id, company_id, patient_id, module, consultation_date, reason, diagnosis, treatment_plan, notes, status, created_by, created_at, updated_at) VALUES ('cardio-consult-000125', 'company-0001', 'hc-patient-cardio-00059', 'cardiology', 1745344282653, 'Douleur thoracique', 'Insuffisance cardiaque', 'Plan de traitement cardiologique', 'Consultation cardiologie', 'scheduled', 'user-admin-001', 1767179304411, 1767179304411);
INSERT OR IGNORE INTO healthcare_consultations (id, company_id, patient_id, module, consultation_date, reason, diagnosis, treatment_plan, notes, status, created_by, created_at, updated_at) VALUES ('cardio-consult-000126', 'company-0001', 'hc-patient-cardio-01521', 'cardiology', 1736496464061, 'Douleur thoracique', 'Syndrome coronarien aigu', 'Plan de traitement cardiologique', 'Consultation cardiologie', 'completed', 'user-admin-001', 1767179304411, 1767179304411);
INSERT OR IGNORE INTO healthcare_consultations (id, company_id, patient_id, module, consultation_date, reason, diagnosis, treatment_plan, notes, status, created_by, created_at, updated_at) VALUES ('cardio-consult-000127', 'company-0001', 'hc-patient-cardio-00271', 'cardiology', 1735024088798, 'Controle post-intervention', 'Pericardite', 'Plan de traitement cardiologique', 'Consultation cardiologie', 'scheduled', 'user-admin-001', 1767179304411, 1767179304411);
INSERT OR IGNORE INTO healthcare_consultations (id, company_id, patient_id, module, consultation_date, reason, diagnosis, treatment_plan, notes, status, created_by, created_at, updated_at) VALUES ('cardio-consult-000128', 'company-0001', 'hc-patient-cardio-00755', 'cardiology', 1743897767369, 'Douleur thoracique', 'Arythmie ventriculaire', 'Plan de traitement cardiologique', 'Consultation cardiologie', 'scheduled', 'user-admin-001', 1767179304411, 1767179304411);
INSERT OR IGNORE INTO healthcare_consultations (id, company_id, patient_id, module, consultation_date, reason, diagnosis, treatment_plan, notes, status, created_by, created_at, updated_at) VALUES ('cardio-consult-000129', 'company-0001', 'hc-patient-cardio-00298', 'cardiology', 1723191728160, 'Douleur thoracique', 'Hypertension arterielle', 'Plan de traitement cardiologique', 'Consultation cardiologie', 'completed', 'user-admin-001', 1767179304411, 1767179304411);
INSERT OR IGNORE INTO healthcare_consultations (id, company_id, patient_id, module, consultation_date, reason, diagnosis, treatment_plan, notes, status, created_by, created_at, updated_at) VALUES ('cardio-consult-000130', 'company-0001', 'hc-patient-cardio-01662', 'cardiology', 1707454089656, 'Palpitations', 'Hypertension arterielle', 'Plan de traitement cardiologique', 'Consultation cardiologie', 'scheduled', 'user-admin-001', 1767179304411, 1767179304411);
INSERT OR IGNORE INTO healthcare_consultations (id, company_id, patient_id, module, consultation_date, reason, diagnosis, treatment_plan, notes, status, created_by, created_at, updated_at) VALUES ('cardio-consult-000131', 'company-0001', 'hc-patient-cardio-00843', 'cardiology', 1720299096234, 'Dyspnee', 'Valvulopathie', 'Plan de traitement cardiologique', 'Consultation cardiologie', 'cancelled', 'user-admin-001', 1767179304411, 1767179304411);
INSERT OR IGNORE INTO healthcare_consultations (id, company_id, patient_id, module, consultation_date, reason, diagnosis, treatment_plan, notes, status, created_by, created_at, updated_at) VALUES ('cardio-consult-000132', 'company-0001', 'hc-patient-cardio-01622', 'cardiology', 1749936763720, 'Palpitations', 'Cardiopathie ischemique', 'Plan de traitement cardiologique', 'Consultation cardiologie', 'cancelled', 'user-admin-001', 1767179304411, 1767179304411);
INSERT OR IGNORE INTO healthcare_consultations (id, company_id, patient_id, module, consultation_date, reason, diagnosis, treatment_plan, notes, status, created_by, created_at, updated_at) VALUES ('cardio-consult-000133', 'company-0001', 'hc-patient-cardio-01159', 'cardiology', 1764056283667, 'Suivi', 'Endocardite', 'Plan de traitement cardiologique', 'Consultation cardiologie', 'cancelled', 'user-admin-001', 1767179304411, 1767179304411);
INSERT OR IGNORE INTO healthcare_consultations (id, company_id, patient_id, module, consultation_date, reason, diagnosis, treatment_plan, notes, status, created_by, created_at, updated_at) VALUES ('cardio-consult-000134', 'company-0001', 'hc-patient-cardio-00166', 'cardiology', 1762578746374, 'Palpitations', 'Cardiomyopathie dilatee', 'Plan de traitement cardiologique', 'Consultation cardiologie', 'completed', 'user-admin-001', 1767179304411, 1767179304411);
INSERT OR IGNORE INTO healthcare_consultations (id, company_id, patient_id, module, consultation_date, reason, diagnosis, treatment_plan, notes, status, created_by, created_at, updated_at) VALUES ('cardio-consult-000135', 'company-0001', 'hc-patient-cardio-01124', 'cardiology', 1746548157382, 'Controle post-intervention', 'Endocardite', 'Plan de traitement cardiologique', 'Consultation cardiologie', 'completed', 'user-admin-001', 1767179304411, 1767179304411);
INSERT OR IGNORE INTO healthcare_consultations (id, company_id, patient_id, module, consultation_date, reason, diagnosis, treatment_plan, notes, status, created_by, created_at, updated_at) VALUES ('cardio-consult-000136', 'company-0001', 'hc-patient-cardio-01039', 'cardiology', 1730670890920, 'Suivi', 'Pericardite', 'Plan de traitement cardiologique', 'Consultation cardiologie', 'completed', 'user-admin-001', 1767179304411, 1767179304411);
INSERT OR IGNORE INTO healthcare_consultations (id, company_id, patient_id, module, consultation_date, reason, diagnosis, treatment_plan, notes, status, created_by, created_at, updated_at) VALUES ('cardio-consult-000137', 'company-0001', 'hc-patient-cardio-00467', 'cardiology', 1733764423082, 'Douleur thoracique', 'Cardiopathie ischemique', 'Plan de traitement cardiologique', 'Consultation cardiologie', 'scheduled', 'user-admin-001', 1767179304411, 1767179304411);
INSERT OR IGNORE INTO healthcare_consultations (id, company_id, patient_id, module, consultation_date, reason, diagnosis, treatment_plan, notes, status, created_by, created_at, updated_at) VALUES ('cardio-consult-000138', 'company-0001', 'hc-patient-cardio-00341', 'cardiology', 1720453426028, 'Suivi', 'Arythmie ventriculaire', 'Plan de traitement cardiologique', 'Consultation cardiologie', 'cancelled', 'user-admin-001', 1767179304411, 1767179304411);
INSERT OR IGNORE INTO healthcare_consultations (id, company_id, patient_id, module, consultation_date, reason, diagnosis, treatment_plan, notes, status, created_by, created_at, updated_at) VALUES ('cardio-consult-000139', 'company-0001', 'hc-patient-cardio-01529', 'cardiology', 1723859360093, 'Dyspnee', 'Fibrillation auriculaire', 'Plan de traitement cardiologique', 'Consultation cardiologie', 'scheduled', 'user-admin-001', 1767179304411, 1767179304411);
INSERT OR IGNORE INTO healthcare_consultations (id, company_id, patient_id, module, consultation_date, reason, diagnosis, treatment_plan, notes, status, created_by, created_at, updated_at) VALUES ('cardio-consult-000140', 'company-0001', 'hc-patient-cardio-01104', 'cardiology', 1766098944057, 'Palpitations', 'Valvulopathie', 'Plan de traitement cardiologique', 'Consultation cardiologie', 'cancelled', 'user-admin-001', 1767179304411, 1767179304411);
INSERT OR IGNORE INTO healthcare_consultations (id, company_id, patient_id, module, consultation_date, reason, diagnosis, treatment_plan, notes, status, created_by, created_at, updated_at) VALUES ('cardio-consult-000141', 'company-0001', 'hc-patient-cardio-00974', 'cardiology', 1745989272689, 'Suivi', 'Valvulopathie', 'Plan de traitement cardiologique', 'Consultation cardiologie', 'cancelled', 'user-admin-001', 1767179304411, 1767179304411);
INSERT OR IGNORE INTO healthcare_consultations (id, company_id, patient_id, module, consultation_date, reason, diagnosis, treatment_plan, notes, status, created_by, created_at, updated_at) VALUES ('cardio-consult-000142', 'company-0001', 'hc-patient-cardio-00125', 'cardiology', 1705316876441, 'Syncope', 'Valvulopathie', 'Plan de traitement cardiologique', 'Consultation cardiologie', 'completed', 'user-admin-001', 1767179304411, 1767179304411);
INSERT OR IGNORE INTO healthcare_consultations (id, company_id, patient_id, module, consultation_date, reason, diagnosis, treatment_plan, notes, status, created_by, created_at, updated_at) VALUES ('cardio-consult-000143', 'company-0001', 'hc-patient-cardio-00709', 'cardiology', 1762464661173, 'Dyspnee', 'Valvulopathie', 'Plan de traitement cardiologique', 'Consultation cardiologie', 'scheduled', 'user-admin-001', 1767179304411, 1767179304411);
INSERT OR IGNORE INTO healthcare_consultations (id, company_id, patient_id, module, consultation_date, reason, diagnosis, treatment_plan, notes, status, created_by, created_at, updated_at) VALUES ('cardio-consult-000144', 'company-0001', 'hc-patient-cardio-00680', 'cardiology', 1746245578750, 'Controle post-intervention', 'Insuffisance cardiaque', 'Plan de traitement cardiologique', 'Consultation cardiologie', 'cancelled', 'user-admin-001', 1767179304411, 1767179304411);
INSERT OR IGNORE INTO healthcare_consultations (id, company_id, patient_id, module, consultation_date, reason, diagnosis, treatment_plan, notes, status, created_by, created_at, updated_at) VALUES ('cardio-consult-000145', 'company-0001', 'hc-patient-cardio-00513', 'cardiology', 1735400594096, 'Syncope', 'Hypertension arterielle', 'Plan de traitement cardiologique', 'Consultation cardiologie', 'scheduled', 'user-admin-001', 1767179304411, 1767179304411);
INSERT OR IGNORE INTO healthcare_consultations (id, company_id, patient_id, module, consultation_date, reason, diagnosis, treatment_plan, notes, status, created_by, created_at, updated_at) VALUES ('cardio-consult-000146', 'company-0001', 'hc-patient-cardio-01676', 'cardiology', 1743467865533, 'Suivi', 'Insuffisance cardiaque', 'Plan de traitement cardiologique', 'Consultation cardiologie', 'scheduled', 'user-admin-001', 1767179304411, 1767179304411);
INSERT OR IGNORE INTO healthcare_consultations (id, company_id, patient_id, module, consultation_date, reason, diagnosis, treatment_plan, notes, status, created_by, created_at, updated_at) VALUES ('cardio-consult-000147', 'company-0001', 'hc-patient-cardio-01414', 'cardiology', 1759986644459, 'Douleur thoracique', 'Arythmie ventriculaire', 'Plan de traitement cardiologique', 'Consultation cardiologie', 'scheduled', 'user-admin-001', 1767179304411, 1767179304411);
INSERT OR IGNORE INTO healthcare_consultations (id, company_id, patient_id, module, consultation_date, reason, diagnosis, treatment_plan, notes, status, created_by, created_at, updated_at) VALUES ('cardio-consult-000148', 'company-0001', 'hc-patient-cardio-01666', 'cardiology', 1737186870693, 'Dyspnee', 'Hypertension arterielle', 'Plan de traitement cardiologique', 'Consultation cardiologie', 'scheduled', 'user-admin-001', 1767179304411, 1767179304411);
INSERT OR IGNORE INTO healthcare_consultations (id, company_id, patient_id, module, consultation_date, reason, diagnosis, treatment_plan, notes, status, created_by, created_at, updated_at) VALUES ('cardio-consult-000149', 'company-0001', 'hc-patient-cardio-01456', 'cardiology', 1704222386300, 'Controle post-intervention', 'Cardiomyopathie dilatee', 'Plan de traitement cardiologique', 'Consultation cardiologie', 'cancelled', 'user-admin-001', 1767179304411, 1767179304411);
INSERT OR IGNORE INTO healthcare_consultations (id, company_id, patient_id, module, consultation_date, reason, diagnosis, treatment_plan, notes, status, created_by, created_at, updated_at) VALUES ('cardio-consult-000150', 'company-0001', 'hc-patient-cardio-00042', 'cardiology', 1738317372299, 'Controle post-intervention', 'Cardiomyopathie dilatee', 'Plan de traitement cardiologique', 'Consultation cardiologie', 'cancelled', 'user-admin-001', 1767179304411, 1767179304411);
INSERT OR IGNORE INTO healthcare_consultations (id, company_id, patient_id, module, consultation_date, reason, diagnosis, treatment_plan, notes, status, created_by, created_at, updated_at) VALUES ('cardio-consult-000151', 'company-0001', 'hc-patient-cardio-01182', 'cardiology', 1744185798268, 'Dyspnee', 'Hypertension arterielle', 'Plan de traitement cardiologique', 'Consultation cardiologie', 'cancelled', 'user-admin-001', 1767179304411, 1767179304411);
INSERT OR IGNORE INTO healthcare_consultations (id, company_id, patient_id, module, consultation_date, reason, diagnosis, treatment_plan, notes, status, created_by, created_at, updated_at) VALUES ('cardio-consult-000152', 'company-0001', 'hc-patient-cardio-01403', 'cardiology', 1711499877230, 'Palpitations', 'Fibrillation auriculaire', 'Plan de traitement cardiologique', 'Consultation cardiologie', 'completed', 'user-admin-001', 1767179304411, 1767179304411);
INSERT OR IGNORE INTO healthcare_consultations (id, company_id, patient_id, module, consultation_date, reason, diagnosis, treatment_plan, notes, status, created_by, created_at, updated_at) VALUES ('cardio-consult-000153', 'company-0001', 'hc-patient-cardio-00600', 'cardiology', 1763786514059, 'Palpitations', 'Hypertension arterielle', 'Plan de traitement cardiologique', 'Consultation cardiologie', 'completed', 'user-admin-001', 1767179304411, 1767179304411);
INSERT OR IGNORE INTO healthcare_consultations (id, company_id, patient_id, module, consultation_date, reason, diagnosis, treatment_plan, notes, status, created_by, created_at, updated_at) VALUES ('cardio-consult-000154', 'company-0001', 'hc-patient-cardio-00979', 'cardiology', 1739385735904, 'Douleur thoracique', 'Endocardite', 'Plan de traitement cardiologique', 'Consultation cardiologie', 'cancelled', 'user-admin-001', 1767179304411, 1767179304411);
INSERT OR IGNORE INTO healthcare_consultations (id, company_id, patient_id, module, consultation_date, reason, diagnosis, treatment_plan, notes, status, created_by, created_at, updated_at) VALUES ('cardio-consult-000155', 'company-0001', 'hc-patient-cardio-00883', 'cardiology', 1709273894000, 'Palpitations', 'Syndrome coronarien aigu', 'Plan de traitement cardiologique', 'Consultation cardiologie', 'scheduled', 'user-admin-001', 1767179304411, 1767179304411);
INSERT OR IGNORE INTO healthcare_consultations (id, company_id, patient_id, module, consultation_date, reason, diagnosis, treatment_plan, notes, status, created_by, created_at, updated_at) VALUES ('cardio-consult-000156', 'company-0001', 'hc-patient-cardio-01167', 'cardiology', 1705697905591, 'Palpitations', 'Cardiomyopathie dilatee', 'Plan de traitement cardiologique', 'Consultation cardiologie', 'scheduled', 'user-admin-001', 1767179304411, 1767179304411);
INSERT OR IGNORE INTO healthcare_consultations (id, company_id, patient_id, module, consultation_date, reason, diagnosis, treatment_plan, notes, status, created_by, created_at, updated_at) VALUES ('cardio-consult-000157', 'company-0001', 'hc-patient-cardio-01717', 'cardiology', 1735060640650, 'Dyspnee', 'Endocardite', 'Plan de traitement cardiologique', 'Consultation cardiologie', 'completed', 'user-admin-001', 1767179304411, 1767179304411);
INSERT OR IGNORE INTO healthcare_consultations (id, company_id, patient_id, module, consultation_date, reason, diagnosis, treatment_plan, notes, status, created_by, created_at, updated_at) VALUES ('cardio-consult-000158', 'company-0001', 'hc-patient-cardio-00371', 'cardiology', 1761407607654, 'Suivi', 'Hypertension arterielle', 'Plan de traitement cardiologique', 'Consultation cardiologie', 'cancelled', 'user-admin-001', 1767179304411, 1767179304411);
INSERT OR IGNORE INTO healthcare_consultations (id, company_id, patient_id, module, consultation_date, reason, diagnosis, treatment_plan, notes, status, created_by, created_at, updated_at) VALUES ('cardio-consult-000159', 'company-0001', 'hc-patient-cardio-00858', 'cardiology', 1704864547859, 'Syncope', 'Arythmie ventriculaire', 'Plan de traitement cardiologique', 'Consultation cardiologie', 'completed', 'user-admin-001', 1767179304411, 1767179304411);
INSERT OR IGNORE INTO healthcare_consultations (id, company_id, patient_id, module, consultation_date, reason, diagnosis, treatment_plan, notes, status, created_by, created_at, updated_at) VALUES ('cardio-consult-000160', 'company-0001', 'hc-patient-cardio-01302', 'cardiology', 1706625868769, 'Dyspnee', 'Insuffisance cardiaque', 'Plan de traitement cardiologique', 'Consultation cardiologie', 'completed', 'user-admin-001', 1767179304411, 1767179304411);
INSERT OR IGNORE INTO healthcare_consultations (id, company_id, patient_id, module, consultation_date, reason, diagnosis, treatment_plan, notes, status, created_by, created_at, updated_at) VALUES ('cardio-consult-000161', 'company-0001', 'hc-patient-cardio-00343', 'cardiology', 1723792865786, 'Controle post-intervention', 'Syndrome coronarien aigu', 'Plan de traitement cardiologique', 'Consultation cardiologie', 'scheduled', 'user-admin-001', 1767179304411, 1767179304411);
INSERT OR IGNORE INTO healthcare_consultations (id, company_id, patient_id, module, consultation_date, reason, diagnosis, treatment_plan, notes, status, created_by, created_at, updated_at) VALUES ('cardio-consult-000162', 'company-0001', 'hc-patient-cardio-01465', 'cardiology', 1710442946475, 'Palpitations', 'Fibrillation auriculaire', 'Plan de traitement cardiologique', 'Consultation cardiologie', 'completed', 'user-admin-001', 1767179304411, 1767179304411);
INSERT OR IGNORE INTO healthcare_consultations (id, company_id, patient_id, module, consultation_date, reason, diagnosis, treatment_plan, notes, status, created_by, created_at, updated_at) VALUES ('cardio-consult-000163', 'company-0001', 'hc-patient-cardio-01888', 'cardiology', 1726017755245, 'Suivi', 'Pericardite', 'Plan de traitement cardiologique', 'Consultation cardiologie', 'completed', 'user-admin-001', 1767179304411, 1767179304411);
INSERT OR IGNORE INTO healthcare_consultations (id, company_id, patient_id, module, consultation_date, reason, diagnosis, treatment_plan, notes, status, created_by, created_at, updated_at) VALUES ('cardio-consult-000164', 'company-0001', 'hc-patient-cardio-00142', 'cardiology', 1736282111308, 'Dyspnee', 'Hypertension arterielle', 'Plan de traitement cardiologique', 'Consultation cardiologie', 'completed', 'user-admin-001', 1767179304411, 1767179304411);
INSERT OR IGNORE INTO healthcare_consultations (id, company_id, patient_id, module, consultation_date, reason, diagnosis, treatment_plan, notes, status, created_by, created_at, updated_at) VALUES ('cardio-consult-000165', 'company-0001', 'hc-patient-cardio-00061', 'cardiology', 1708058171761, 'Suivi', 'Syndrome coronarien aigu', 'Plan de traitement cardiologique', 'Consultation cardiologie', 'completed', 'user-admin-001', 1767179304411, 1767179304411);
INSERT OR IGNORE INTO healthcare_consultations (id, company_id, patient_id, module, consultation_date, reason, diagnosis, treatment_plan, notes, status, created_by, created_at, updated_at) VALUES ('cardio-consult-000166', 'company-0001', 'hc-patient-cardio-01865', 'cardiology', 1706408764667, 'Syncope', 'Valvulopathie', 'Plan de traitement cardiologique', 'Consultation cardiologie', 'completed', 'user-admin-001', 1767179304411, 1767179304411);
INSERT OR IGNORE INTO healthcare_consultations (id, company_id, patient_id, module, consultation_date, reason, diagnosis, treatment_plan, notes, status, created_by, created_at, updated_at) VALUES ('cardio-consult-000167', 'company-0001', 'hc-patient-cardio-00281', 'cardiology', 1752046857217, 'Controle post-intervention', 'Endocardite', 'Plan de traitement cardiologique', 'Consultation cardiologie', 'scheduled', 'user-admin-001', 1767179304411, 1767179304411);
INSERT OR IGNORE INTO healthcare_consultations (id, company_id, patient_id, module, consultation_date, reason, diagnosis, treatment_plan, notes, status, created_by, created_at, updated_at) VALUES ('cardio-consult-000168', 'company-0001', 'hc-patient-cardio-01721', 'cardiology', 1710219396669, 'Controle post-intervention', 'Hypertension arterielle', 'Plan de traitement cardiologique', 'Consultation cardiologie', 'cancelled', 'user-admin-001', 1767179304411, 1767179304411);
INSERT OR IGNORE INTO healthcare_consultations (id, company_id, patient_id, module, consultation_date, reason, diagnosis, treatment_plan, notes, status, created_by, created_at, updated_at) VALUES ('cardio-consult-000169', 'company-0001', 'hc-patient-cardio-01426', 'cardiology', 1726724814251, 'Dyspnee', 'Arythmie ventriculaire', 'Plan de traitement cardiologique', 'Consultation cardiologie', 'cancelled', 'user-admin-001', 1767179304411, 1767179304411);
INSERT OR IGNORE INTO healthcare_consultations (id, company_id, patient_id, module, consultation_date, reason, diagnosis, treatment_plan, notes, status, created_by, created_at, updated_at) VALUES ('cardio-consult-000170', 'company-0001', 'hc-patient-cardio-00907', 'cardiology', 1709438465204, 'Douleur thoracique', 'Endocardite', 'Plan de traitement cardiologique', 'Consultation cardiologie', 'scheduled', 'user-admin-001', 1767179304411, 1767179304411);
INSERT OR IGNORE INTO healthcare_consultations (id, company_id, patient_id, module, consultation_date, reason, diagnosis, treatment_plan, notes, status, created_by, created_at, updated_at) VALUES ('cardio-consult-000171', 'company-0001', 'hc-patient-cardio-00740', 'cardiology', 1727083014648, 'Suivi', 'Valvulopathie', 'Plan de traitement cardiologique', 'Consultation cardiologie', 'cancelled', 'user-admin-001', 1767179304411, 1767179304411);
INSERT OR IGNORE INTO healthcare_consultations (id, company_id, patient_id, module, consultation_date, reason, diagnosis, treatment_plan, notes, status, created_by, created_at, updated_at) VALUES ('cardio-consult-000172', 'company-0001', 'hc-patient-cardio-00491', 'cardiology', 1752449893378, 'Syncope', 'Arythmie ventriculaire', 'Plan de traitement cardiologique', 'Consultation cardiologie', 'scheduled', 'user-admin-001', 1767179304411, 1767179304411);
INSERT OR IGNORE INTO healthcare_consultations (id, company_id, patient_id, module, consultation_date, reason, diagnosis, treatment_plan, notes, status, created_by, created_at, updated_at) VALUES ('cardio-consult-000173', 'company-0001', 'hc-patient-cardio-00992', 'cardiology', 1767037784659, 'Douleur thoracique', 'Cardiopathie ischemique', 'Plan de traitement cardiologique', 'Consultation cardiologie', 'cancelled', 'user-admin-001', 1767179304411, 1767179304411);
INSERT OR IGNORE INTO healthcare_consultations (id, company_id, patient_id, module, consultation_date, reason, diagnosis, treatment_plan, notes, status, created_by, created_at, updated_at) VALUES ('cardio-consult-000174', 'company-0001', 'hc-patient-cardio-00870', 'cardiology', 1731678196381, 'Dyspnee', 'Arythmie ventriculaire', 'Plan de traitement cardiologique', 'Consultation cardiologie', 'cancelled', 'user-admin-001', 1767179304411, 1767179304411);
INSERT OR IGNORE INTO healthcare_consultations (id, company_id, patient_id, module, consultation_date, reason, diagnosis, treatment_plan, notes, status, created_by, created_at, updated_at) VALUES ('cardio-consult-000175', 'company-0001', 'hc-patient-cardio-00857', 'cardiology', 1745587896193, 'Controle post-intervention', 'Insuffisance cardiaque', 'Plan de traitement cardiologique', 'Consultation cardiologie', 'scheduled', 'user-admin-001', 1767179304411, 1767179304411);
INSERT OR IGNORE INTO healthcare_consultations (id, company_id, patient_id, module, consultation_date, reason, diagnosis, treatment_plan, notes, status, created_by, created_at, updated_at) VALUES ('cardio-consult-000176', 'company-0001', 'hc-patient-cardio-00252', 'cardiology', 1704614086866, 'Syncope', 'Cardiomyopathie dilatee', 'Plan de traitement cardiologique', 'Consultation cardiologie', 'completed', 'user-admin-001', 1767179304411, 1767179304411);
INSERT OR IGNORE INTO healthcare_consultations (id, company_id, patient_id, module, consultation_date, reason, diagnosis, treatment_plan, notes, status, created_by, created_at, updated_at) VALUES ('cardio-consult-000177', 'company-0001', 'hc-patient-cardio-01206', 'cardiology', 1717714790266, 'Palpitations', 'Pericardite', 'Plan de traitement cardiologique', 'Consultation cardiologie', 'scheduled', 'user-admin-001', 1767179304411, 1767179304411);
INSERT OR IGNORE INTO healthcare_consultations (id, company_id, patient_id, module, consultation_date, reason, diagnosis, treatment_plan, notes, status, created_by, created_at, updated_at) VALUES ('cardio-consult-000178', 'company-0001', 'hc-patient-cardio-01176', 'cardiology', 1745357581861, 'Palpitations', 'Endocardite', 'Plan de traitement cardiologique', 'Consultation cardiologie', 'cancelled', 'user-admin-001', 1767179304411, 1767179304411);
INSERT OR IGNORE INTO healthcare_consultations (id, company_id, patient_id, module, consultation_date, reason, diagnosis, treatment_plan, notes, status, created_by, created_at, updated_at) VALUES ('cardio-consult-000179', 'company-0001', 'hc-patient-cardio-01085', 'cardiology', 1719542054713, 'Syncope', 'Syndrome coronarien aigu', 'Plan de traitement cardiologique', 'Consultation cardiologie', 'scheduled', 'user-admin-001', 1767179304411, 1767179304411);
INSERT OR IGNORE INTO healthcare_consultations (id, company_id, patient_id, module, consultation_date, reason, diagnosis, treatment_plan, notes, status, created_by, created_at, updated_at) VALUES ('cardio-consult-000180', 'company-0001', 'hc-patient-cardio-00777', 'cardiology', 1746281952064, 'Controle post-intervention', 'Arythmie ventriculaire', 'Plan de traitement cardiologique', 'Consultation cardiologie', 'scheduled', 'user-admin-001', 1767179304411, 1767179304411);
INSERT OR IGNORE INTO healthcare_consultations (id, company_id, patient_id, module, consultation_date, reason, diagnosis, treatment_plan, notes, status, created_by, created_at, updated_at) VALUES ('cardio-consult-000181', 'company-0001', 'hc-patient-cardio-01979', 'cardiology', 1746043003368, 'Syncope', 'Cardiomyopathie dilatee', 'Plan de traitement cardiologique', 'Consultation cardiologie', 'cancelled', 'user-admin-001', 1767179304411, 1767179304411);
INSERT OR IGNORE INTO healthcare_consultations (id, company_id, patient_id, module, consultation_date, reason, diagnosis, treatment_plan, notes, status, created_by, created_at, updated_at) VALUES ('cardio-consult-000182', 'company-0001', 'hc-patient-cardio-01578', 'cardiology', 1765860797550, 'Syncope', 'Pericardite', 'Plan de traitement cardiologique', 'Consultation cardiologie', 'cancelled', 'user-admin-001', 1767179304411, 1767179304411);
INSERT OR IGNORE INTO healthcare_consultations (id, company_id, patient_id, module, consultation_date, reason, diagnosis, treatment_plan, notes, status, created_by, created_at, updated_at) VALUES ('cardio-consult-000183', 'company-0001', 'hc-patient-cardio-00874', 'cardiology', 1704183942702, 'Syncope', 'Pericardite', 'Plan de traitement cardiologique', 'Consultation cardiologie', 'completed', 'user-admin-001', 1767179304411, 1767179304411);
INSERT OR IGNORE INTO healthcare_consultations (id, company_id, patient_id, module, consultation_date, reason, diagnosis, treatment_plan, notes, status, created_by, created_at, updated_at) VALUES ('cardio-consult-000184', 'company-0001', 'hc-patient-cardio-00813', 'cardiology', 1715263636665, 'Syncope', 'Fibrillation auriculaire', 'Plan de traitement cardiologique', 'Consultation cardiologie', 'scheduled', 'user-admin-001', 1767179304411, 1767179304411);
INSERT OR IGNORE INTO healthcare_consultations (id, company_id, patient_id, module, consultation_date, reason, diagnosis, treatment_plan, notes, status, created_by, created_at, updated_at) VALUES ('cardio-consult-000185', 'company-0001', 'hc-patient-cardio-00923', 'cardiology', 1707347084909, 'Suivi', 'Valvulopathie', 'Plan de traitement cardiologique', 'Consultation cardiologie', 'scheduled', 'user-admin-001', 1767179304411, 1767179304411);
INSERT OR IGNORE INTO healthcare_consultations (id, company_id, patient_id, module, consultation_date, reason, diagnosis, treatment_plan, notes, status, created_by, created_at, updated_at) VALUES ('cardio-consult-000186', 'company-0001', 'hc-patient-cardio-01575', 'cardiology', 1740204488481, 'Syncope', 'Arythmie ventriculaire', 'Plan de traitement cardiologique', 'Consultation cardiologie', 'scheduled', 'user-admin-001', 1767179304411, 1767179304411);
INSERT OR IGNORE INTO healthcare_consultations (id, company_id, patient_id, module, consultation_date, reason, diagnosis, treatment_plan, notes, status, created_by, created_at, updated_at) VALUES ('cardio-consult-000187', 'company-0001', 'hc-patient-cardio-00834', 'cardiology', 1758471467854, 'Douleur thoracique', 'Valvulopathie', 'Plan de traitement cardiologique', 'Consultation cardiologie', 'cancelled', 'user-admin-001', 1767179304411, 1767179304411);
INSERT OR IGNORE INTO healthcare_consultations (id, company_id, patient_id, module, consultation_date, reason, diagnosis, treatment_plan, notes, status, created_by, created_at, updated_at) VALUES ('cardio-consult-000188', 'company-0001', 'hc-patient-cardio-00566', 'cardiology', 1715939374875, 'Suivi', 'Cardiomyopathie dilatee', 'Plan de traitement cardiologique', 'Consultation cardiologie', 'cancelled', 'user-admin-001', 1767179304411, 1767179304411);
INSERT OR IGNORE INTO healthcare_consultations (id, company_id, patient_id, module, consultation_date, reason, diagnosis, treatment_plan, notes, status, created_by, created_at, updated_at) VALUES ('cardio-consult-000189', 'company-0001', 'hc-patient-cardio-01277', 'cardiology', 1704814493036, 'Palpitations', 'Pericardite', 'Plan de traitement cardiologique', 'Consultation cardiologie', 'completed', 'user-admin-001', 1767179304411, 1767179304411);
INSERT OR IGNORE INTO healthcare_consultations (id, company_id, patient_id, module, consultation_date, reason, diagnosis, treatment_plan, notes, status, created_by, created_at, updated_at) VALUES ('cardio-consult-000190', 'company-0001', 'hc-patient-cardio-00896', 'cardiology', 1706436641539, 'Suivi', 'Arythmie ventriculaire', 'Plan de traitement cardiologique', 'Consultation cardiologie', 'scheduled', 'user-admin-001', 1767179304411, 1767179304411);
INSERT OR IGNORE INTO healthcare_consultations (id, company_id, patient_id, module, consultation_date, reason, diagnosis, treatment_plan, notes, status, created_by, created_at, updated_at) VALUES ('cardio-consult-000191', 'company-0001', 'hc-patient-cardio-00501', 'cardiology', 1728893352848, 'Syncope', 'Arythmie ventriculaire', 'Plan de traitement cardiologique', 'Consultation cardiologie', 'cancelled', 'user-admin-001', 1767179304411, 1767179304411);
INSERT OR IGNORE INTO healthcare_consultations (id, company_id, patient_id, module, consultation_date, reason, diagnosis, treatment_plan, notes, status, created_by, created_at, updated_at) VALUES ('cardio-consult-000192', 'company-0001', 'hc-patient-cardio-00345', 'cardiology', 1747667615824, 'Suivi', 'Insuffisance cardiaque', 'Plan de traitement cardiologique', 'Consultation cardiologie', 'completed', 'user-admin-001', 1767179304411, 1767179304411);
INSERT OR IGNORE INTO healthcare_consultations (id, company_id, patient_id, module, consultation_date, reason, diagnosis, treatment_plan, notes, status, created_by, created_at, updated_at) VALUES ('cardio-consult-000193', 'company-0001', 'hc-patient-cardio-00690', 'cardiology', 1740341280583, 'Douleur thoracique', 'Hypertension arterielle', 'Plan de traitement cardiologique', 'Consultation cardiologie', 'cancelled', 'user-admin-001', 1767179304411, 1767179304411);
INSERT OR IGNORE INTO healthcare_consultations (id, company_id, patient_id, module, consultation_date, reason, diagnosis, treatment_plan, notes, status, created_by, created_at, updated_at) VALUES ('cardio-consult-000194', 'company-0001', 'hc-patient-cardio-01999', 'cardiology', 1748757777300, 'Dyspnee', 'Syndrome coronarien aigu', 'Plan de traitement cardiologique', 'Consultation cardiologie', 'completed', 'user-admin-001', 1767179304411, 1767179304411);
INSERT OR IGNORE INTO healthcare_consultations (id, company_id, patient_id, module, consultation_date, reason, diagnosis, treatment_plan, notes, status, created_by, created_at, updated_at) VALUES ('cardio-consult-000195', 'company-0001', 'hc-patient-cardio-00033', 'cardiology', 1749517774667, 'Syncope', 'Cardiopathie ischemique', 'Plan de traitement cardiologique', 'Consultation cardiologie', 'cancelled', 'user-admin-001', 1767179304411, 1767179304411);
INSERT OR IGNORE INTO healthcare_consultations (id, company_id, patient_id, module, consultation_date, reason, diagnosis, treatment_plan, notes, status, created_by, created_at, updated_at) VALUES ('cardio-consult-000196', 'company-0001', 'hc-patient-cardio-01985', 'cardiology', 1715324771801, 'Douleur thoracique', 'Endocardite', 'Plan de traitement cardiologique', 'Consultation cardiologie', 'scheduled', 'user-admin-001', 1767179304411, 1767179304411);
INSERT OR IGNORE INTO healthcare_consultations (id, company_id, patient_id, module, consultation_date, reason, diagnosis, treatment_plan, notes, status, created_by, created_at, updated_at) VALUES ('cardio-consult-000197', 'company-0001', 'hc-patient-cardio-01187', 'cardiology', 1725147820909, 'Syncope', 'Cardiomyopathie dilatee', 'Plan de traitement cardiologique', 'Consultation cardiologie', 'cancelled', 'user-admin-001', 1767179304411, 1767179304411);
INSERT OR IGNORE INTO healthcare_consultations (id, company_id, patient_id, module, consultation_date, reason, diagnosis, treatment_plan, notes, status, created_by, created_at, updated_at) VALUES ('cardio-consult-000198', 'company-0001', 'hc-patient-cardio-01634', 'cardiology', 1729826119454, 'Suivi', 'Arythmie ventriculaire', 'Plan de traitement cardiologique', 'Consultation cardiologie', 'completed', 'user-admin-001', 1767179304411, 1767179304411);
INSERT OR IGNORE INTO healthcare_consultations (id, company_id, patient_id, module, consultation_date, reason, diagnosis, treatment_plan, notes, status, created_by, created_at, updated_at) VALUES ('cardio-consult-000199', 'company-0001', 'hc-patient-cardio-01949', 'cardiology', 1733245895739, 'Syncope', 'Valvulopathie', 'Plan de traitement cardiologique', 'Consultation cardiologie', 'completed', 'user-admin-001', 1767179304411, 1767179304411);
INSERT OR IGNORE INTO healthcare_consultations (id, company_id, patient_id, module, consultation_date, reason, diagnosis, treatment_plan, notes, status, created_by, created_at, updated_at) VALUES ('cardio-consult-000200', 'company-0001', 'hc-patient-cardio-00311', 'cardiology', 1718446127398, 'Controle post-intervention', 'Pericardite', 'Plan de traitement cardiologique', 'Consultation cardiologie', 'completed', 'user-admin-001', 1767179304411, 1767179304411);
INSERT OR IGNORE INTO healthcare_consultations (id, company_id, patient_id, module, consultation_date, reason, diagnosis, treatment_plan, notes, status, created_by, created_at, updated_at) VALUES ('cardio-consult-000201', 'company-0001', 'hc-patient-cardio-01013', 'cardiology', 1710170053167, 'Controle post-intervention', 'Hypertension arterielle', 'Plan de traitement cardiologique', 'Consultation cardiologie', 'cancelled', 'user-admin-001', 1767179304411, 1767179304411);
INSERT OR IGNORE INTO healthcare_consultations (id, company_id, patient_id, module, consultation_date, reason, diagnosis, treatment_plan, notes, status, created_by, created_at, updated_at) VALUES ('cardio-consult-000202', 'company-0001', 'hc-patient-cardio-01437', 'cardiology', 1718260436979, 'Dyspnee', 'Pericardite', 'Plan de traitement cardiologique', 'Consultation cardiologie', 'completed', 'user-admin-001', 1767179304411, 1767179304411);
INSERT OR IGNORE INTO healthcare_consultations (id, company_id, patient_id, module, consultation_date, reason, diagnosis, treatment_plan, notes, status, created_by, created_at, updated_at) VALUES ('cardio-consult-000203', 'company-0001', 'hc-patient-cardio-00930', 'cardiology', 1757357753090, 'Palpitations', 'Hypertension arterielle', 'Plan de traitement cardiologique', 'Consultation cardiologie', 'cancelled', 'user-admin-001', 1767179304411, 1767179304411);
INSERT OR IGNORE INTO healthcare_consultations (id, company_id, patient_id, module, consultation_date, reason, diagnosis, treatment_plan, notes, status, created_by, created_at, updated_at) VALUES ('cardio-consult-000204', 'company-0001', 'hc-patient-cardio-00621', 'cardiology', 1741045517839, 'Suivi', 'Arythmie ventriculaire', 'Plan de traitement cardiologique', 'Consultation cardiologie', 'cancelled', 'user-admin-001', 1767179304411, 1767179304411);
INSERT OR IGNORE INTO healthcare_consultations (id, company_id, patient_id, module, consultation_date, reason, diagnosis, treatment_plan, notes, status, created_by, created_at, updated_at) VALUES ('cardio-consult-000205', 'company-0001', 'hc-patient-cardio-01831', 'cardiology', 1717144170194, 'Controle post-intervention', 'Cardiopathie ischemique', 'Plan de traitement cardiologique', 'Consultation cardiologie', 'completed', 'user-admin-001', 1767179304411, 1767179304411);
INSERT OR IGNORE INTO healthcare_consultations (id, company_id, patient_id, module, consultation_date, reason, diagnosis, treatment_plan, notes, status, created_by, created_at, updated_at) VALUES ('cardio-consult-000206', 'company-0001', 'hc-patient-cardio-00864', 'cardiology', 1709771437669, 'Dyspnee', 'Endocardite', 'Plan de traitement cardiologique', 'Consultation cardiologie', 'cancelled', 'user-admin-001', 1767179304411, 1767179304411);
INSERT OR IGNORE INTO healthcare_consultations (id, company_id, patient_id, module, consultation_date, reason, diagnosis, treatment_plan, notes, status, created_by, created_at, updated_at) VALUES ('cardio-consult-000207', 'company-0001', 'hc-patient-cardio-01031', 'cardiology', 1717826145104, 'Suivi', 'Insuffisance cardiaque', 'Plan de traitement cardiologique', 'Consultation cardiologie', 'completed', 'user-admin-001', 1767179304411, 1767179304411);
INSERT OR IGNORE INTO healthcare_consultations (id, company_id, patient_id, module, consultation_date, reason, diagnosis, treatment_plan, notes, status, created_by, created_at, updated_at) VALUES ('cardio-consult-000208', 'company-0001', 'hc-patient-cardio-00713', 'cardiology', 1712161993113, 'Suivi', 'Endocardite', 'Plan de traitement cardiologique', 'Consultation cardiologie', 'cancelled', 'user-admin-001', 1767179304411, 1767179304411);
INSERT OR IGNORE INTO healthcare_consultations (id, company_id, patient_id, module, consultation_date, reason, diagnosis, treatment_plan, notes, status, created_by, created_at, updated_at) VALUES ('cardio-consult-000209', 'company-0001', 'hc-patient-cardio-00647', 'cardiology', 1762677635248, 'Dyspnee', 'Arythmie ventriculaire', 'Plan de traitement cardiologique', 'Consultation cardiologie', 'scheduled', 'user-admin-001', 1767179304411, 1767179304411);
INSERT OR IGNORE INTO healthcare_consultations (id, company_id, patient_id, module, consultation_date, reason, diagnosis, treatment_plan, notes, status, created_by, created_at, updated_at) VALUES ('cardio-consult-000210', 'company-0001', 'hc-patient-cardio-00979', 'cardiology', 1738784643194, 'Palpitations', 'Endocardite', 'Plan de traitement cardiologique', 'Consultation cardiologie', 'cancelled', 'user-admin-001', 1767179304411, 1767179304411);
INSERT OR IGNORE INTO healthcare_consultations (id, company_id, patient_id, module, consultation_date, reason, diagnosis, treatment_plan, notes, status, created_by, created_at, updated_at) VALUES ('cardio-consult-000211', 'company-0001', 'hc-patient-cardio-01059', 'cardiology', 1709217207199, 'Controle post-intervention', 'Cardiomyopathie dilatee', 'Plan de traitement cardiologique', 'Consultation cardiologie', 'scheduled', 'user-admin-001', 1767179304411, 1767179304411);
INSERT OR IGNORE INTO healthcare_consultations (id, company_id, patient_id, module, consultation_date, reason, diagnosis, treatment_plan, notes, status, created_by, created_at, updated_at) VALUES ('cardio-consult-000212', 'company-0001', 'hc-patient-cardio-01285', 'cardiology', 1704088811659, 'Controle post-intervention', 'Cardiopathie ischemique', 'Plan de traitement cardiologique', 'Consultation cardiologie', 'cancelled', 'user-admin-001', 1767179304411, 1767179304411);
INSERT OR IGNORE INTO healthcare_consultations (id, company_id, patient_id, module, consultation_date, reason, diagnosis, treatment_plan, notes, status, created_by, created_at, updated_at) VALUES ('cardio-consult-000213', 'company-0001', 'hc-patient-cardio-00689', 'cardiology', 1751835153515, 'Syncope', 'Cardiopathie ischemique', 'Plan de traitement cardiologique', 'Consultation cardiologie', 'cancelled', 'user-admin-001', 1767179304411, 1767179304411);
INSERT OR IGNORE INTO healthcare_consultations (id, company_id, patient_id, module, consultation_date, reason, diagnosis, treatment_plan, notes, status, created_by, created_at, updated_at) VALUES ('cardio-consult-000214', 'company-0001', 'hc-patient-cardio-00778', 'cardiology', 1757623730481, 'Syncope', 'Pericardite', 'Plan de traitement cardiologique', 'Consultation cardiologie', 'scheduled', 'user-admin-001', 1767179304411, 1767179304411);
INSERT OR IGNORE INTO healthcare_consultations (id, company_id, patient_id, module, consultation_date, reason, diagnosis, treatment_plan, notes, status, created_by, created_at, updated_at) VALUES ('cardio-consult-000215', 'company-0001', 'hc-patient-cardio-00062', 'cardiology', 1740845536033, 'Controle post-intervention', 'Endocardite', 'Plan de traitement cardiologique', 'Consultation cardiologie', 'cancelled', 'user-admin-001', 1767179304411, 1767179304411);
INSERT OR IGNORE INTO healthcare_consultations (id, company_id, patient_id, module, consultation_date, reason, diagnosis, treatment_plan, notes, status, created_by, created_at, updated_at) VALUES ('cardio-consult-000216', 'company-0001', 'hc-patient-cardio-00138', 'cardiology', 1752162860174, 'Syncope', 'Hypertension arterielle', 'Plan de traitement cardiologique', 'Consultation cardiologie', 'scheduled', 'user-admin-001', 1767179304412, 1767179304412);
INSERT OR IGNORE INTO healthcare_consultations (id, company_id, patient_id, module, consultation_date, reason, diagnosis, treatment_plan, notes, status, created_by, created_at, updated_at) VALUES ('cardio-consult-000217', 'company-0001', 'hc-patient-cardio-01333', 'cardiology', 1746814602965, 'Suivi', 'Cardiopathie ischemique', 'Plan de traitement cardiologique', 'Consultation cardiologie', 'scheduled', 'user-admin-001', 1767179304412, 1767179304412);
INSERT OR IGNORE INTO healthcare_consultations (id, company_id, patient_id, module, consultation_date, reason, diagnosis, treatment_plan, notes, status, created_by, created_at, updated_at) VALUES ('cardio-consult-000218', 'company-0001', 'hc-patient-cardio-00944', 'cardiology', 1735286287318, 'Syncope', 'Fibrillation auriculaire', 'Plan de traitement cardiologique', 'Consultation cardiologie', 'scheduled', 'user-admin-001', 1767179304412, 1767179304412);
INSERT OR IGNORE INTO healthcare_consultations (id, company_id, patient_id, module, consultation_date, reason, diagnosis, treatment_plan, notes, status, created_by, created_at, updated_at) VALUES ('cardio-consult-000219', 'company-0001', 'hc-patient-cardio-00608', 'cardiology', 1756184581615, 'Controle post-intervention', 'Insuffisance cardiaque', 'Plan de traitement cardiologique', 'Consultation cardiologie', 'cancelled', 'user-admin-001', 1767179304412, 1767179304412);
INSERT OR IGNORE INTO healthcare_consultations (id, company_id, patient_id, module, consultation_date, reason, diagnosis, treatment_plan, notes, status, created_by, created_at, updated_at) VALUES ('cardio-consult-000220', 'company-0001', 'hc-patient-cardio-00080', 'cardiology', 1748537652874, 'Douleur thoracique', 'Cardiopathie ischemique', 'Plan de traitement cardiologique', 'Consultation cardiologie', 'completed', 'user-admin-001', 1767179304412, 1767179304412);
INSERT OR IGNORE INTO healthcare_consultations (id, company_id, patient_id, module, consultation_date, reason, diagnosis, treatment_plan, notes, status, created_by, created_at, updated_at) VALUES ('cardio-consult-000221', 'company-0001', 'hc-patient-cardio-01052', 'cardiology', 1734761781772, 'Controle post-intervention', 'Fibrillation auriculaire', 'Plan de traitement cardiologique', 'Consultation cardiologie', 'scheduled', 'user-admin-001', 1767179304412, 1767179304412);
INSERT OR IGNORE INTO healthcare_consultations (id, company_id, patient_id, module, consultation_date, reason, diagnosis, treatment_plan, notes, status, created_by, created_at, updated_at) VALUES ('cardio-consult-000222', 'company-0001', 'hc-patient-cardio-01507', 'cardiology', 1710391670240, 'Suivi', 'Valvulopathie', 'Plan de traitement cardiologique', 'Consultation cardiologie', 'cancelled', 'user-admin-001', 1767179304412, 1767179304412);
INSERT OR IGNORE INTO healthcare_consultations (id, company_id, patient_id, module, consultation_date, reason, diagnosis, treatment_plan, notes, status, created_by, created_at, updated_at) VALUES ('cardio-consult-000223', 'company-0001', 'hc-patient-cardio-00475', 'cardiology', 1767022650638, 'Palpitations', 'Pericardite', 'Plan de traitement cardiologique', 'Consultation cardiologie', 'completed', 'user-admin-001', 1767179304412, 1767179304412);
INSERT OR IGNORE INTO healthcare_consultations (id, company_id, patient_id, module, consultation_date, reason, diagnosis, treatment_plan, notes, status, created_by, created_at, updated_at) VALUES ('cardio-consult-000224', 'company-0001', 'hc-patient-cardio-00359', 'cardiology', 1726738579580, 'Controle post-intervention', 'Arythmie ventriculaire', 'Plan de traitement cardiologique', 'Consultation cardiologie', 'completed', 'user-admin-001', 1767179304412, 1767179304412);
INSERT OR IGNORE INTO healthcare_consultations (id, company_id, patient_id, module, consultation_date, reason, diagnosis, treatment_plan, notes, status, created_by, created_at, updated_at) VALUES ('cardio-consult-000225', 'company-0001', 'hc-patient-cardio-00177', 'cardiology', 1747863094984, 'Douleur thoracique', 'Cardiopathie ischemique', 'Plan de traitement cardiologique', 'Consultation cardiologie', 'cancelled', 'user-admin-001', 1767179304412, 1767179304412);
INSERT OR IGNORE INTO healthcare_consultations (id, company_id, patient_id, module, consultation_date, reason, diagnosis, treatment_plan, notes, status, created_by, created_at, updated_at) VALUES ('cardio-consult-000226', 'company-0001', 'hc-patient-cardio-01224', 'cardiology', 1738497064012, 'Suivi', 'Syndrome coronarien aigu', 'Plan de traitement cardiologique', 'Consultation cardiologie', 'cancelled', 'user-admin-001', 1767179304412, 1767179304412);
INSERT OR IGNORE INTO healthcare_consultations (id, company_id, patient_id, module, consultation_date, reason, diagnosis, treatment_plan, notes, status, created_by, created_at, updated_at) VALUES ('cardio-consult-000227', 'company-0001', 'hc-patient-cardio-01802', 'cardiology', 1733879534869, 'Suivi', 'Endocardite', 'Plan de traitement cardiologique', 'Consultation cardiologie', 'cancelled', 'user-admin-001', 1767179304412, 1767179304412);
INSERT OR IGNORE INTO healthcare_consultations (id, company_id, patient_id, module, consultation_date, reason, diagnosis, treatment_plan, notes, status, created_by, created_at, updated_at) VALUES ('cardio-consult-000228', 'company-0001', 'hc-patient-cardio-00416', 'cardiology', 1739537340269, 'Douleur thoracique', 'Pericardite', 'Plan de traitement cardiologique', 'Consultation cardiologie', 'cancelled', 'user-admin-001', 1767179304412, 1767179304412);
INSERT OR IGNORE INTO healthcare_consultations (id, company_id, patient_id, module, consultation_date, reason, diagnosis, treatment_plan, notes, status, created_by, created_at, updated_at) VALUES ('cardio-consult-000229', 'company-0001', 'hc-patient-cardio-00283', 'cardiology', 1760321889326, 'Palpitations', 'Syndrome coronarien aigu', 'Plan de traitement cardiologique', 'Consultation cardiologie', 'completed', 'user-admin-001', 1767179304412, 1767179304412);
INSERT OR IGNORE INTO healthcare_consultations (id, company_id, patient_id, module, consultation_date, reason, diagnosis, treatment_plan, notes, status, created_by, created_at, updated_at) VALUES ('cardio-consult-000230', 'company-0001', 'hc-patient-cardio-01157', 'cardiology', 1737372788145, 'Controle post-intervention', 'Pericardite', 'Plan de traitement cardiologique', 'Consultation cardiologie', 'scheduled', 'user-admin-001', 1767179304412, 1767179304412);
INSERT OR IGNORE INTO healthcare_consultations (id, company_id, patient_id, module, consultation_date, reason, diagnosis, treatment_plan, notes, status, created_by, created_at, updated_at) VALUES ('cardio-consult-000231', 'company-0001', 'hc-patient-cardio-01923', 'cardiology', 1758947006505, 'Suivi', 'Syndrome coronarien aigu', 'Plan de traitement cardiologique', 'Consultation cardiologie', 'scheduled', 'user-admin-001', 1767179304412, 1767179304412);
INSERT OR IGNORE INTO healthcare_consultations (id, company_id, patient_id, module, consultation_date, reason, diagnosis, treatment_plan, notes, status, created_by, created_at, updated_at) VALUES ('cardio-consult-000232', 'company-0001', 'hc-patient-cardio-01648', 'cardiology', 1716821642369, 'Controle post-intervention', 'Hypertension arterielle', 'Plan de traitement cardiologique', 'Consultation cardiologie', 'cancelled', 'user-admin-001', 1767179304412, 1767179304412);
INSERT OR IGNORE INTO healthcare_consultations (id, company_id, patient_id, module, consultation_date, reason, diagnosis, treatment_plan, notes, status, created_by, created_at, updated_at) VALUES ('cardio-consult-000233', 'company-0001', 'hc-patient-cardio-00092', 'cardiology', 1748979102968, 'Douleur thoracique', 'Valvulopathie', 'Plan de traitement cardiologique', 'Consultation cardiologie', 'completed', 'user-admin-001', 1767179304412, 1767179304412);
INSERT OR IGNORE INTO healthcare_consultations (id, company_id, patient_id, module, consultation_date, reason, diagnosis, treatment_plan, notes, status, created_by, created_at, updated_at) VALUES ('cardio-consult-000234', 'company-0001', 'hc-patient-cardio-00126', 'cardiology', 1738753098370, 'Dyspnee', 'Endocardite', 'Plan de traitement cardiologique', 'Consultation cardiologie', 'completed', 'user-admin-001', 1767179304412, 1767179304412);
INSERT OR IGNORE INTO healthcare_consultations (id, company_id, patient_id, module, consultation_date, reason, diagnosis, treatment_plan, notes, status, created_by, created_at, updated_at) VALUES ('cardio-consult-000235', 'company-0001', 'hc-patient-cardio-00759', 'cardiology', 1748893000829, 'Palpitations', 'Syndrome coronarien aigu', 'Plan de traitement cardiologique', 'Consultation cardiologie', 'cancelled', 'user-admin-001', 1767179304412, 1767179304412);
INSERT OR IGNORE INTO healthcare_consultations (id, company_id, patient_id, module, consultation_date, reason, diagnosis, treatment_plan, notes, status, created_by, created_at, updated_at) VALUES ('cardio-consult-000236', 'company-0001', 'hc-patient-cardio-00302', 'cardiology', 1766165409381, 'Controle post-intervention', 'Syndrome coronarien aigu', 'Plan de traitement cardiologique', 'Consultation cardiologie', 'cancelled', 'user-admin-001', 1767179304412, 1767179304412);
INSERT OR IGNORE INTO healthcare_consultations (id, company_id, patient_id, module, consultation_date, reason, diagnosis, treatment_plan, notes, status, created_by, created_at, updated_at) VALUES ('cardio-consult-000237', 'company-0001', 'hc-patient-cardio-01405', 'cardiology', 1740163474989, 'Dyspnee', 'Arythmie ventriculaire', 'Plan de traitement cardiologique', 'Consultation cardiologie', 'cancelled', 'user-admin-001', 1767179304412, 1767179304412);
INSERT OR IGNORE INTO healthcare_consultations (id, company_id, patient_id, module, consultation_date, reason, diagnosis, treatment_plan, notes, status, created_by, created_at, updated_at) VALUES ('cardio-consult-000238', 'company-0001', 'hc-patient-cardio-01734', 'cardiology', 1713996105557, 'Suivi', 'Cardiopathie ischemique', 'Plan de traitement cardiologique', 'Consultation cardiologie', 'cancelled', 'user-admin-001', 1767179304412, 1767179304412);
INSERT OR IGNORE INTO healthcare_consultations (id, company_id, patient_id, module, consultation_date, reason, diagnosis, treatment_plan, notes, status, created_by, created_at, updated_at) VALUES ('cardio-consult-000239', 'company-0001', 'hc-patient-cardio-00761', 'cardiology', 1729547745122, 'Dyspnee', 'Hypertension arterielle', 'Plan de traitement cardiologique', 'Consultation cardiologie', 'scheduled', 'user-admin-001', 1767179304412, 1767179304412);
INSERT OR IGNORE INTO healthcare_consultations (id, company_id, patient_id, module, consultation_date, reason, diagnosis, treatment_plan, notes, status, created_by, created_at, updated_at) VALUES ('cardio-consult-000240', 'company-0001', 'hc-patient-cardio-00596', 'cardiology', 1716590615630, 'Dyspnee', 'Syndrome coronarien aigu', 'Plan de traitement cardiologique', 'Consultation cardiologie', 'cancelled', 'user-admin-001', 1767179304412, 1767179304412);
INSERT OR IGNORE INTO healthcare_consultations (id, company_id, patient_id, module, consultation_date, reason, diagnosis, treatment_plan, notes, status, created_by, created_at, updated_at) VALUES ('cardio-consult-000241', 'company-0001', 'hc-patient-cardio-01728', 'cardiology', 1766523120159, 'Controle post-intervention', 'Cardiopathie ischemique', 'Plan de traitement cardiologique', 'Consultation cardiologie', 'cancelled', 'user-admin-001', 1767179304412, 1767179304412);
INSERT OR IGNORE INTO healthcare_consultations (id, company_id, patient_id, module, consultation_date, reason, diagnosis, treatment_plan, notes, status, created_by, created_at, updated_at) VALUES ('cardio-consult-000242', 'company-0001', 'hc-patient-cardio-00766', 'cardiology', 1725026384712, 'Douleur thoracique', 'Valvulopathie', 'Plan de traitement cardiologique', 'Consultation cardiologie', 'completed', 'user-admin-001', 1767179304412, 1767179304412);
INSERT OR IGNORE INTO healthcare_consultations (id, company_id, patient_id, module, consultation_date, reason, diagnosis, treatment_plan, notes, status, created_by, created_at, updated_at) VALUES ('cardio-consult-000243', 'company-0001', 'hc-patient-cardio-00686', 'cardiology', 1704303780484, 'Suivi', 'Pericardite', 'Plan de traitement cardiologique', 'Consultation cardiologie', 'scheduled', 'user-admin-001', 1767179304412, 1767179304412);
INSERT OR IGNORE INTO healthcare_consultations (id, company_id, patient_id, module, consultation_date, reason, diagnosis, treatment_plan, notes, status, created_by, created_at, updated_at) VALUES ('cardio-consult-000244', 'company-0001', 'hc-patient-cardio-00807', 'cardiology', 1733511071569, 'Palpitations', 'Insuffisance cardiaque', 'Plan de traitement cardiologique', 'Consultation cardiologie', 'cancelled', 'user-admin-001', 1767179304412, 1767179304412);
INSERT OR IGNORE INTO healthcare_consultations (id, company_id, patient_id, module, consultation_date, reason, diagnosis, treatment_plan, notes, status, created_by, created_at, updated_at) VALUES ('cardio-consult-000245', 'company-0001', 'hc-patient-cardio-01163', 'cardiology', 1753907255692, 'Syncope', 'Hypertension arterielle', 'Plan de traitement cardiologique', 'Consultation cardiologie', 'cancelled', 'user-admin-001', 1767179304412, 1767179304412);
INSERT OR IGNORE INTO healthcare_consultations (id, company_id, patient_id, module, consultation_date, reason, diagnosis, treatment_plan, notes, status, created_by, created_at, updated_at) VALUES ('cardio-consult-000246', 'company-0001', 'hc-patient-cardio-01527', 'cardiology', 1756104679811, 'Syncope', 'Fibrillation auriculaire', 'Plan de traitement cardiologique', 'Consultation cardiologie', 'completed', 'user-admin-001', 1767179304412, 1767179304412);
INSERT OR IGNORE INTO healthcare_consultations (id, company_id, patient_id, module, consultation_date, reason, diagnosis, treatment_plan, notes, status, created_by, created_at, updated_at) VALUES ('cardio-consult-000247', 'company-0001', 'hc-patient-cardio-00283', 'cardiology', 1746231077061, 'Suivi', 'Cardiopathie ischemique', 'Plan de traitement cardiologique', 'Consultation cardiologie', 'cancelled', 'user-admin-001', 1767179304412, 1767179304412);
INSERT OR IGNORE INTO healthcare_consultations (id, company_id, patient_id, module, consultation_date, reason, diagnosis, treatment_plan, notes, status, created_by, created_at, updated_at) VALUES ('cardio-consult-000248', 'company-0001', 'hc-patient-cardio-01587', 'cardiology', 1735745708431, 'Palpitations', 'Hypertension arterielle', 'Plan de traitement cardiologique', 'Consultation cardiologie', 'scheduled', 'user-admin-001', 1767179304412, 1767179304412);
INSERT OR IGNORE INTO healthcare_consultations (id, company_id, patient_id, module, consultation_date, reason, diagnosis, treatment_plan, notes, status, created_by, created_at, updated_at) VALUES ('cardio-consult-000249', 'company-0001', 'hc-patient-cardio-00261', 'cardiology', 1754236160452, 'Syncope', 'Pericardite', 'Plan de traitement cardiologique', 'Consultation cardiologie', 'completed', 'user-admin-001', 1767179304412, 1767179304412);
INSERT OR IGNORE INTO healthcare_consultations (id, company_id, patient_id, module, consultation_date, reason, diagnosis, treatment_plan, notes, status, created_by, created_at, updated_at) VALUES ('cardio-consult-000250', 'company-0001', 'hc-patient-cardio-00094', 'cardiology', 1739015999550, 'Dyspnee', 'Hypertension arterielle', 'Plan de traitement cardiologique', 'Consultation cardiologie', 'cancelled', 'user-admin-001', 1767179304412, 1767179304412);
INSERT OR IGNORE INTO healthcare_consultations (id, company_id, patient_id, module, consultation_date, reason, diagnosis, treatment_plan, notes, status, created_by, created_at, updated_at) VALUES ('cardio-consult-000251', 'company-0001', 'hc-patient-cardio-01948', 'cardiology', 1749584165108, 'Douleur thoracique', 'Insuffisance cardiaque', 'Plan de traitement cardiologique', 'Consultation cardiologie', 'cancelled', 'user-admin-001', 1767179304412, 1767179304412);
INSERT OR IGNORE INTO healthcare_consultations (id, company_id, patient_id, module, consultation_date, reason, diagnosis, treatment_plan, notes, status, created_by, created_at, updated_at) VALUES ('cardio-consult-000252', 'company-0001', 'hc-patient-cardio-00139', 'cardiology', 1764363608881, 'Syncope', 'Valvulopathie', 'Plan de traitement cardiologique', 'Consultation cardiologie', 'cancelled', 'user-admin-001', 1767179304412, 1767179304412);
INSERT OR IGNORE INTO healthcare_consultations (id, company_id, patient_id, module, consultation_date, reason, diagnosis, treatment_plan, notes, status, created_by, created_at, updated_at) VALUES ('cardio-consult-000253', 'company-0001', 'hc-patient-cardio-01603', 'cardiology', 1705782636576, 'Dyspnee', 'Fibrillation auriculaire', 'Plan de traitement cardiologique', 'Consultation cardiologie', 'cancelled', 'user-admin-001', 1767179304412, 1767179304412);
INSERT OR IGNORE INTO healthcare_consultations (id, company_id, patient_id, module, consultation_date, reason, diagnosis, treatment_plan, notes, status, created_by, created_at, updated_at) VALUES ('cardio-consult-000254', 'company-0001', 'hc-patient-cardio-01896', 'cardiology', 1751983202841, 'Dyspnee', 'Syndrome coronarien aigu', 'Plan de traitement cardiologique', 'Consultation cardiologie', 'cancelled', 'user-admin-001', 1767179304412, 1767179304412);
INSERT OR IGNORE INTO healthcare_consultations (id, company_id, patient_id, module, consultation_date, reason, diagnosis, treatment_plan, notes, status, created_by, created_at, updated_at) VALUES ('cardio-consult-000255', 'company-0001', 'hc-patient-cardio-00266', 'cardiology', 1724613646036, 'Dyspnee', 'Pericardite', 'Plan de traitement cardiologique', 'Consultation cardiologie', 'scheduled', 'user-admin-001', 1767179304412, 1767179304412);
INSERT OR IGNORE INTO healthcare_consultations (id, company_id, patient_id, module, consultation_date, reason, diagnosis, treatment_plan, notes, status, created_by, created_at, updated_at) VALUES ('cardio-consult-000256', 'company-0001', 'hc-patient-cardio-01731', 'cardiology', 1705913904393, 'Syncope', 'Pericardite', 'Plan de traitement cardiologique', 'Consultation cardiologie', 'cancelled', 'user-admin-001', 1767179304412, 1767179304412);
INSERT OR IGNORE INTO healthcare_consultations (id, company_id, patient_id, module, consultation_date, reason, diagnosis, treatment_plan, notes, status, created_by, created_at, updated_at) VALUES ('cardio-consult-000257', 'company-0001', 'hc-patient-cardio-00553', 'cardiology', 1746353575286, 'Syncope', 'Cardiopathie ischemique', 'Plan de traitement cardiologique', 'Consultation cardiologie', 'scheduled', 'user-admin-001', 1767179304412, 1767179304412);
INSERT OR IGNORE INTO healthcare_consultations (id, company_id, patient_id, module, consultation_date, reason, diagnosis, treatment_plan, notes, status, created_by, created_at, updated_at) VALUES ('cardio-consult-000258', 'company-0001', 'hc-patient-cardio-01257', 'cardiology', 1765925613011, 'Syncope', 'Pericardite', 'Plan de traitement cardiologique', 'Consultation cardiologie', 'scheduled', 'user-admin-001', 1767179304412, 1767179304412);
INSERT OR IGNORE INTO healthcare_consultations (id, company_id, patient_id, module, consultation_date, reason, diagnosis, treatment_plan, notes, status, created_by, created_at, updated_at) VALUES ('cardio-consult-000259', 'company-0001', 'hc-patient-cardio-01684', 'cardiology', 1753704746366, 'Dyspnee', 'Cardiomyopathie dilatee', 'Plan de traitement cardiologique', 'Consultation cardiologie', 'completed', 'user-admin-001', 1767179304412, 1767179304412);
INSERT OR IGNORE INTO healthcare_consultations (id, company_id, patient_id, module, consultation_date, reason, diagnosis, treatment_plan, notes, status, created_by, created_at, updated_at) VALUES ('cardio-consult-000260', 'company-0001', 'hc-patient-cardio-00260', 'cardiology', 1744860866112, 'Dyspnee', 'Arythmie ventriculaire', 'Plan de traitement cardiologique', 'Consultation cardiologie', 'completed', 'user-admin-001', 1767179304412, 1767179304412);
INSERT OR IGNORE INTO healthcare_consultations (id, company_id, patient_id, module, consultation_date, reason, diagnosis, treatment_plan, notes, status, created_by, created_at, updated_at) VALUES ('cardio-consult-000261', 'company-0001', 'hc-patient-cardio-01249', 'cardiology', 1732827815669, 'Palpitations', 'Insuffisance cardiaque', 'Plan de traitement cardiologique', 'Consultation cardiologie', 'cancelled', 'user-admin-001', 1767179304412, 1767179304412);
INSERT OR IGNORE INTO healthcare_consultations (id, company_id, patient_id, module, consultation_date, reason, diagnosis, treatment_plan, notes, status, created_by, created_at, updated_at) VALUES ('cardio-consult-000262', 'company-0001', 'hc-patient-cardio-00855', 'cardiology', 1717640294634, 'Douleur thoracique', 'Valvulopathie', 'Plan de traitement cardiologique', 'Consultation cardiologie', 'scheduled', 'user-admin-001', 1767179304412, 1767179304412);
INSERT OR IGNORE INTO healthcare_consultations (id, company_id, patient_id, module, consultation_date, reason, diagnosis, treatment_plan, notes, status, created_by, created_at, updated_at) VALUES ('cardio-consult-000263', 'company-0001', 'hc-patient-cardio-01258', 'cardiology', 1746839823974, 'Suivi', 'Fibrillation auriculaire', 'Plan de traitement cardiologique', 'Consultation cardiologie', 'cancelled', 'user-admin-001', 1767179304412, 1767179304412);
INSERT OR IGNORE INTO healthcare_consultations (id, company_id, patient_id, module, consultation_date, reason, diagnosis, treatment_plan, notes, status, created_by, created_at, updated_at) VALUES ('cardio-consult-000264', 'company-0001', 'hc-patient-cardio-00618', 'cardiology', 1765013359641, 'Douleur thoracique', 'Fibrillation auriculaire', 'Plan de traitement cardiologique', 'Consultation cardiologie', 'scheduled', 'user-admin-001', 1767179304412, 1767179304412);
INSERT OR IGNORE INTO healthcare_consultations (id, company_id, patient_id, module, consultation_date, reason, diagnosis, treatment_plan, notes, status, created_by, created_at, updated_at) VALUES ('cardio-consult-000265', 'company-0001', 'hc-patient-cardio-01833', 'cardiology', 1730328520928, 'Dyspnee', 'Hypertension arterielle', 'Plan de traitement cardiologique', 'Consultation cardiologie', 'cancelled', 'user-admin-001', 1767179304412, 1767179304412);
INSERT OR IGNORE INTO healthcare_consultations (id, company_id, patient_id, module, consultation_date, reason, diagnosis, treatment_plan, notes, status, created_by, created_at, updated_at) VALUES ('cardio-consult-000266', 'company-0001', 'hc-patient-cardio-01846', 'cardiology', 1755662021166, 'Syncope', 'Cardiopathie ischemique', 'Plan de traitement cardiologique', 'Consultation cardiologie', 'cancelled', 'user-admin-001', 1767179304412, 1767179304412);
INSERT OR IGNORE INTO healthcare_consultations (id, company_id, patient_id, module, consultation_date, reason, diagnosis, treatment_plan, notes, status, created_by, created_at, updated_at) VALUES ('cardio-consult-000267', 'company-0001', 'hc-patient-cardio-00474', 'cardiology', 1755917474867, 'Suivi', 'Cardiopathie ischemique', 'Plan de traitement cardiologique', 'Consultation cardiologie', 'scheduled', 'user-admin-001', 1767179304412, 1767179304412);
INSERT OR IGNORE INTO healthcare_consultations (id, company_id, patient_id, module, consultation_date, reason, diagnosis, treatment_plan, notes, status, created_by, created_at, updated_at) VALUES ('cardio-consult-000268', 'company-0001', 'hc-patient-cardio-00518', 'cardiology', 1727922081294, 'Douleur thoracique', 'Syndrome coronarien aigu', 'Plan de traitement cardiologique', 'Consultation cardiologie', 'completed', 'user-admin-001', 1767179304412, 1767179304412);
INSERT OR IGNORE INTO healthcare_consultations (id, company_id, patient_id, module, consultation_date, reason, diagnosis, treatment_plan, notes, status, created_by, created_at, updated_at) VALUES ('cardio-consult-000269', 'company-0001', 'hc-patient-cardio-01000', 'cardiology', 1704186919774, 'Syncope', 'Pericardite', 'Plan de traitement cardiologique', 'Consultation cardiologie', 'completed', 'user-admin-001', 1767179304412, 1767179304412);
INSERT OR IGNORE INTO healthcare_consultations (id, company_id, patient_id, module, consultation_date, reason, diagnosis, treatment_plan, notes, status, created_by, created_at, updated_at) VALUES ('cardio-consult-000270', 'company-0001', 'hc-patient-cardio-01971', 'cardiology', 1706301856941, 'Syncope', 'Insuffisance cardiaque', 'Plan de traitement cardiologique', 'Consultation cardiologie', 'scheduled', 'user-admin-001', 1767179304412, 1767179304412);
INSERT OR IGNORE INTO healthcare_consultations (id, company_id, patient_id, module, consultation_date, reason, diagnosis, treatment_plan, notes, status, created_by, created_at, updated_at) VALUES ('cardio-consult-000271', 'company-0001', 'hc-patient-cardio-00045', 'cardiology', 1743729633027, 'Controle post-intervention', 'Cardiomyopathie dilatee', 'Plan de traitement cardiologique', 'Consultation cardiologie', 'completed', 'user-admin-001', 1767179304412, 1767179304412);
INSERT OR IGNORE INTO healthcare_consultations (id, company_id, patient_id, module, consultation_date, reason, diagnosis, treatment_plan, notes, status, created_by, created_at, updated_at) VALUES ('cardio-consult-000272', 'company-0001', 'hc-patient-cardio-01358', 'cardiology', 1743972241272, 'Dyspnee', 'Cardiomyopathie dilatee', 'Plan de traitement cardiologique', 'Consultation cardiologie', 'cancelled', 'user-admin-001', 1767179304412, 1767179304412);
INSERT OR IGNORE INTO healthcare_consultations (id, company_id, patient_id, module, consultation_date, reason, diagnosis, treatment_plan, notes, status, created_by, created_at, updated_at) VALUES ('cardio-consult-000273', 'company-0001', 'hc-patient-cardio-01947', 'cardiology', 1706099069254, 'Douleur thoracique', 'Fibrillation auriculaire', 'Plan de traitement cardiologique', 'Consultation cardiologie', 'scheduled', 'user-admin-001', 1767179304412, 1767179304412);
INSERT OR IGNORE INTO healthcare_consultations (id, company_id, patient_id, module, consultation_date, reason, diagnosis, treatment_plan, notes, status, created_by, created_at, updated_at) VALUES ('cardio-consult-000274', 'company-0001', 'hc-patient-cardio-01813', 'cardiology', 1727204217809, 'Syncope', 'Endocardite', 'Plan de traitement cardiologique', 'Consultation cardiologie', 'cancelled', 'user-admin-001', 1767179304412, 1767179304412);
INSERT OR IGNORE INTO healthcare_consultations (id, company_id, patient_id, module, consultation_date, reason, diagnosis, treatment_plan, notes, status, created_by, created_at, updated_at) VALUES ('cardio-consult-000275', 'company-0001', 'hc-patient-cardio-00966', 'cardiology', 1754925370888, 'Dyspnee', 'Cardiopathie ischemique', 'Plan de traitement cardiologique', 'Consultation cardiologie', 'scheduled', 'user-admin-001', 1767179304412, 1767179304412);
INSERT OR IGNORE INTO healthcare_consultations (id, company_id, patient_id, module, consultation_date, reason, diagnosis, treatment_plan, notes, status, created_by, created_at, updated_at) VALUES ('cardio-consult-000276', 'company-0001', 'hc-patient-cardio-00889', 'cardiology', 1726774130581, 'Suivi', 'Cardiopathie ischemique', 'Plan de traitement cardiologique', 'Consultation cardiologie', 'scheduled', 'user-admin-001', 1767179304412, 1767179304412);
INSERT OR IGNORE INTO healthcare_consultations (id, company_id, patient_id, module, consultation_date, reason, diagnosis, treatment_plan, notes, status, created_by, created_at, updated_at) VALUES ('cardio-consult-000277', 'company-0001', 'hc-patient-cardio-01420', 'cardiology', 1752926039882, 'Palpitations', 'Endocardite', 'Plan de traitement cardiologique', 'Consultation cardiologie', 'cancelled', 'user-admin-001', 1767179304412, 1767179304412);
INSERT OR IGNORE INTO healthcare_consultations (id, company_id, patient_id, module, consultation_date, reason, diagnosis, treatment_plan, notes, status, created_by, created_at, updated_at) VALUES ('cardio-consult-000278', 'company-0001', 'hc-patient-cardio-01036', 'cardiology', 1725608367504, 'Dyspnee', 'Cardiomyopathie dilatee', 'Plan de traitement cardiologique', 'Consultation cardiologie', 'scheduled', 'user-admin-001', 1767179304412, 1767179304412);
INSERT OR IGNORE INTO healthcare_consultations (id, company_id, patient_id, module, consultation_date, reason, diagnosis, treatment_plan, notes, status, created_by, created_at, updated_at) VALUES ('cardio-consult-000279', 'company-0001', 'hc-patient-cardio-00904', 'cardiology', 1728509240452, 'Suivi', 'Insuffisance cardiaque', 'Plan de traitement cardiologique', 'Consultation cardiologie', 'completed', 'user-admin-001', 1767179304412, 1767179304412);
INSERT OR IGNORE INTO healthcare_consultations (id, company_id, patient_id, module, consultation_date, reason, diagnosis, treatment_plan, notes, status, created_by, created_at, updated_at) VALUES ('cardio-consult-000280', 'company-0001', 'hc-patient-cardio-00513', 'cardiology', 1765090822637, 'Dyspnee', 'Valvulopathie', 'Plan de traitement cardiologique', 'Consultation cardiologie', 'scheduled', 'user-admin-001', 1767179304412, 1767179304412);
INSERT OR IGNORE INTO healthcare_consultations (id, company_id, patient_id, module, consultation_date, reason, diagnosis, treatment_plan, notes, status, created_by, created_at, updated_at) VALUES ('cardio-consult-000281', 'company-0001', 'hc-patient-cardio-00542', 'cardiology', 1710361893402, 'Suivi', 'Cardiomyopathie dilatee', 'Plan de traitement cardiologique', 'Consultation cardiologie', 'completed', 'user-admin-001', 1767179304412, 1767179304412);
INSERT OR IGNORE INTO healthcare_consultations (id, company_id, patient_id, module, consultation_date, reason, diagnosis, treatment_plan, notes, status, created_by, created_at, updated_at) VALUES ('cardio-consult-000282', 'company-0001', 'hc-patient-cardio-00179', 'cardiology', 1727814110140, 'Palpitations', 'Hypertension arterielle', 'Plan de traitement cardiologique', 'Consultation cardiologie', 'cancelled', 'user-admin-001', 1767179304412, 1767179304412);
INSERT OR IGNORE INTO healthcare_consultations (id, company_id, patient_id, module, consultation_date, reason, diagnosis, treatment_plan, notes, status, created_by, created_at, updated_at) VALUES ('cardio-consult-000283', 'company-0001', 'hc-patient-cardio-00503', 'cardiology', 1708894914777, 'Palpitations', 'Cardiopathie ischemique', 'Plan de traitement cardiologique', 'Consultation cardiologie', 'scheduled', 'user-admin-001', 1767179304412, 1767179304412);
INSERT OR IGNORE INTO healthcare_consultations (id, company_id, patient_id, module, consultation_date, reason, diagnosis, treatment_plan, notes, status, created_by, created_at, updated_at) VALUES ('cardio-consult-000284', 'company-0001', 'hc-patient-cardio-00050', 'cardiology', 1724454720812, 'Palpitations', 'Valvulopathie', 'Plan de traitement cardiologique', 'Consultation cardiologie', 'completed', 'user-admin-001', 1767179304412, 1767179304412);
INSERT OR IGNORE INTO healthcare_consultations (id, company_id, patient_id, module, consultation_date, reason, diagnosis, treatment_plan, notes, status, created_by, created_at, updated_at) VALUES ('cardio-consult-000285', 'company-0001', 'hc-patient-cardio-01503', 'cardiology', 1732822338213, 'Douleur thoracique', 'Pericardite', 'Plan de traitement cardiologique', 'Consultation cardiologie', 'cancelled', 'user-admin-001', 1767179304412, 1767179304412);
INSERT OR IGNORE INTO healthcare_consultations (id, company_id, patient_id, module, consultation_date, reason, diagnosis, treatment_plan, notes, status, created_by, created_at, updated_at) VALUES ('cardio-consult-000286', 'company-0001', 'hc-patient-cardio-01605', 'cardiology', 1706310181610, 'Palpitations', 'Cardiomyopathie dilatee', 'Plan de traitement cardiologique', 'Consultation cardiologie', 'completed', 'user-admin-001', 1767179304412, 1767179304412);
INSERT OR IGNORE INTO healthcare_consultations (id, company_id, patient_id, module, consultation_date, reason, diagnosis, treatment_plan, notes, status, created_by, created_at, updated_at) VALUES ('cardio-consult-000287', 'company-0001', 'hc-patient-cardio-00332', 'cardiology', 1709284532427, 'Suivi', 'Insuffisance cardiaque', 'Plan de traitement cardiologique', 'Consultation cardiologie', 'scheduled', 'user-admin-001', 1767179304412, 1767179304412);
INSERT OR IGNORE INTO healthcare_consultations (id, company_id, patient_id, module, consultation_date, reason, diagnosis, treatment_plan, notes, status, created_by, created_at, updated_at) VALUES ('cardio-consult-000288', 'company-0001', 'hc-patient-cardio-01551', 'cardiology', 1738876049283, 'Controle post-intervention', 'Hypertension arterielle', 'Plan de traitement cardiologique', 'Consultation cardiologie', 'scheduled', 'user-admin-001', 1767179304412, 1767179304412);
INSERT OR IGNORE INTO healthcare_consultations (id, company_id, patient_id, module, consultation_date, reason, diagnosis, treatment_plan, notes, status, created_by, created_at, updated_at) VALUES ('cardio-consult-000289', 'company-0001', 'hc-patient-cardio-00597', 'cardiology', 1722044561893, 'Palpitations', 'Hypertension arterielle', 'Plan de traitement cardiologique', 'Consultation cardiologie', 'scheduled', 'user-admin-001', 1767179304412, 1767179304412);
INSERT OR IGNORE INTO healthcare_consultations (id, company_id, patient_id, module, consultation_date, reason, diagnosis, treatment_plan, notes, status, created_by, created_at, updated_at) VALUES ('cardio-consult-000290', 'company-0001', 'hc-patient-cardio-01424', 'cardiology', 1756632192408, 'Palpitations', 'Fibrillation auriculaire', 'Plan de traitement cardiologique', 'Consultation cardiologie', 'completed', 'user-admin-001', 1767179304412, 1767179304412);
INSERT OR IGNORE INTO healthcare_consultations (id, company_id, patient_id, module, consultation_date, reason, diagnosis, treatment_plan, notes, status, created_by, created_at, updated_at) VALUES ('cardio-consult-000291', 'company-0001', 'hc-patient-cardio-01197', 'cardiology', 1732182994582, 'Syncope', 'Syndrome coronarien aigu', 'Plan de traitement cardiologique', 'Consultation cardiologie', 'scheduled', 'user-admin-001', 1767179304412, 1767179304412);
INSERT OR IGNORE INTO healthcare_consultations (id, company_id, patient_id, module, consultation_date, reason, diagnosis, treatment_plan, notes, status, created_by, created_at, updated_at) VALUES ('cardio-consult-000292', 'company-0001', 'hc-patient-cardio-00804', 'cardiology', 1736695904891, 'Dyspnee', 'Cardiopathie ischemique', 'Plan de traitement cardiologique', 'Consultation cardiologie', 'scheduled', 'user-admin-001', 1767179304412, 1767179304412);
INSERT OR IGNORE INTO healthcare_consultations (id, company_id, patient_id, module, consultation_date, reason, diagnosis, treatment_plan, notes, status, created_by, created_at, updated_at) VALUES ('cardio-consult-000293', 'company-0001', 'hc-patient-cardio-01986', 'cardiology', 1741487894531, 'Douleur thoracique', 'Cardiomyopathie dilatee', 'Plan de traitement cardiologique', 'Consultation cardiologie', 'cancelled', 'user-admin-001', 1767179304412, 1767179304412);
INSERT OR IGNORE INTO healthcare_consultations (id, company_id, patient_id, module, consultation_date, reason, diagnosis, treatment_plan, notes, status, created_by, created_at, updated_at) VALUES ('cardio-consult-000294', 'company-0001', 'hc-patient-cardio-01854', 'cardiology', 1733767727801, 'Syncope', 'Pericardite', 'Plan de traitement cardiologique', 'Consultation cardiologie', 'scheduled', 'user-admin-001', 1767179304412, 1767179304412);
INSERT OR IGNORE INTO healthcare_consultations (id, company_id, patient_id, module, consultation_date, reason, diagnosis, treatment_plan, notes, status, created_by, created_at, updated_at) VALUES ('cardio-consult-000295', 'company-0001', 'hc-patient-cardio-00566', 'cardiology', 1714345740194, 'Dyspnee', 'Hypertension arterielle', 'Plan de traitement cardiologique', 'Consultation cardiologie', 'completed', 'user-admin-001', 1767179304412, 1767179304412);
INSERT OR IGNORE INTO healthcare_consultations (id, company_id, patient_id, module, consultation_date, reason, diagnosis, treatment_plan, notes, status, created_by, created_at, updated_at) VALUES ('cardio-consult-000296', 'company-0001', 'hc-patient-cardio-01643', 'cardiology', 1754260814568, 'Controle post-intervention', 'Endocardite', 'Plan de traitement cardiologique', 'Consultation cardiologie', 'completed', 'user-admin-001', 1767179304412, 1767179304412);
INSERT OR IGNORE INTO healthcare_consultations (id, company_id, patient_id, module, consultation_date, reason, diagnosis, treatment_plan, notes, status, created_by, created_at, updated_at) VALUES ('cardio-consult-000297', 'company-0001', 'hc-patient-cardio-00521', 'cardiology', 1728791873724, 'Douleur thoracique', 'Arythmie ventriculaire', 'Plan de traitement cardiologique', 'Consultation cardiologie', 'scheduled', 'user-admin-001', 1767179304412, 1767179304412);
INSERT OR IGNORE INTO healthcare_consultations (id, company_id, patient_id, module, consultation_date, reason, diagnosis, treatment_plan, notes, status, created_by, created_at, updated_at) VALUES ('cardio-consult-000298', 'company-0001', 'hc-patient-cardio-01420', 'cardiology', 1718461989322, 'Palpitations', 'Endocardite', 'Plan de traitement cardiologique', 'Consultation cardiologie', 'cancelled', 'user-admin-001', 1767179304412, 1767179304412);
INSERT OR IGNORE INTO healthcare_consultations (id, company_id, patient_id, module, consultation_date, reason, diagnosis, treatment_plan, notes, status, created_by, created_at, updated_at) VALUES ('cardio-consult-000299', 'company-0001', 'hc-patient-cardio-01193', 'cardiology', 1705446882850, 'Dyspnee', 'Insuffisance cardiaque', 'Plan de traitement cardiologique', 'Consultation cardiologie', 'scheduled', 'user-admin-001', 1767179304412, 1767179304412);
INSERT OR IGNORE INTO healthcare_consultations (id, company_id, patient_id, module, consultation_date, reason, diagnosis, treatment_plan, notes, status, created_by, created_at, updated_at) VALUES ('cardio-consult-000300', 'company-0001', 'hc-patient-cardio-01558', 'cardiology', 1755096173201, 'Douleur thoracique', 'Arythmie ventriculaire', 'Plan de traitement cardiologique', 'Consultation cardiologie', 'scheduled', 'user-admin-001', 1767179304412, 1767179304412);
INSERT OR IGNORE INTO healthcare_consultations (id, company_id, patient_id, module, consultation_date, reason, diagnosis, treatment_plan, notes, status, created_by, created_at, updated_at) VALUES ('cardio-consult-000301', 'company-0001', 'hc-patient-cardio-01218', 'cardiology', 1737246506760, 'Suivi', 'Hypertension arterielle', 'Plan de traitement cardiologique', 'Consultation cardiologie', 'cancelled', 'user-admin-001', 1767179304412, 1767179304412);
INSERT OR IGNORE INTO healthcare_consultations (id, company_id, patient_id, module, consultation_date, reason, diagnosis, treatment_plan, notes, status, created_by, created_at, updated_at) VALUES ('cardio-consult-000302', 'company-0001', 'hc-patient-cardio-01242', 'cardiology', 1733977500103, 'Douleur thoracique', 'Cardiomyopathie dilatee', 'Plan de traitement cardiologique', 'Consultation cardiologie', 'scheduled', 'user-admin-001', 1767179304412, 1767179304412);
INSERT OR IGNORE INTO healthcare_consultations (id, company_id, patient_id, module, consultation_date, reason, diagnosis, treatment_plan, notes, status, created_by, created_at, updated_at) VALUES ('cardio-consult-000303', 'company-0001', 'hc-patient-cardio-01751', 'cardiology', 1754080046285, 'Douleur thoracique', 'Insuffisance cardiaque', 'Plan de traitement cardiologique', 'Consultation cardiologie', 'scheduled', 'user-admin-001', 1767179304412, 1767179304412);
INSERT OR IGNORE INTO healthcare_consultations (id, company_id, patient_id, module, consultation_date, reason, diagnosis, treatment_plan, notes, status, created_by, created_at, updated_at) VALUES ('cardio-consult-000304', 'company-0001', 'hc-patient-cardio-00570', 'cardiology', 1706910448878, 'Syncope', 'Syndrome coronarien aigu', 'Plan de traitement cardiologique', 'Consultation cardiologie', 'cancelled', 'user-admin-001', 1767179304412, 1767179304412);
INSERT OR IGNORE INTO healthcare_consultations (id, company_id, patient_id, module, consultation_date, reason, diagnosis, treatment_plan, notes, status, created_by, created_at, updated_at) VALUES ('cardio-consult-000305', 'company-0001', 'hc-patient-cardio-01237', 'cardiology', 1752753396597, 'Suivi', 'Arythmie ventriculaire', 'Plan de traitement cardiologique', 'Consultation cardiologie', 'scheduled', 'user-admin-001', 1767179304412, 1767179304412);
INSERT OR IGNORE INTO healthcare_consultations (id, company_id, patient_id, module, consultation_date, reason, diagnosis, treatment_plan, notes, status, created_by, created_at, updated_at) VALUES ('cardio-consult-000306', 'company-0001', 'hc-patient-cardio-01194', 'cardiology', 1761386372031, 'Controle post-intervention', 'Cardiopathie ischemique', 'Plan de traitement cardiologique', 'Consultation cardiologie', 'cancelled', 'user-admin-001', 1767179304412, 1767179304412);
INSERT OR IGNORE INTO healthcare_consultations (id, company_id, patient_id, module, consultation_date, reason, diagnosis, treatment_plan, notes, status, created_by, created_at, updated_at) VALUES ('cardio-consult-000307', 'company-0001', 'hc-patient-cardio-01985', 'cardiology', 1727886583153, 'Dyspnee', 'Arythmie ventriculaire', 'Plan de traitement cardiologique', 'Consultation cardiologie', 'cancelled', 'user-admin-001', 1767179304412, 1767179304412);
INSERT OR IGNORE INTO healthcare_consultations (id, company_id, patient_id, module, consultation_date, reason, diagnosis, treatment_plan, notes, status, created_by, created_at, updated_at) VALUES ('cardio-consult-000308', 'company-0001', 'hc-patient-cardio-01245', 'cardiology', 1753688929365, 'Suivi', 'Insuffisance cardiaque', 'Plan de traitement cardiologique', 'Consultation cardiologie', 'scheduled', 'user-admin-001', 1767179304412, 1767179304412);
INSERT OR IGNORE INTO healthcare_consultations (id, company_id, patient_id, module, consultation_date, reason, diagnosis, treatment_plan, notes, status, created_by, created_at, updated_at) VALUES ('cardio-consult-000309', 'company-0001', 'hc-patient-cardio-00500', 'cardiology', 1714457214742, 'Douleur thoracique', 'Cardiomyopathie dilatee', 'Plan de traitement cardiologique', 'Consultation cardiologie', 'scheduled', 'user-admin-001', 1767179304412, 1767179304412);
INSERT OR IGNORE INTO healthcare_consultations (id, company_id, patient_id, module, consultation_date, reason, diagnosis, treatment_plan, notes, status, created_by, created_at, updated_at) VALUES ('cardio-consult-000310', 'company-0001', 'hc-patient-cardio-01378', 'cardiology', 1718151035498, 'Suivi', 'Insuffisance cardiaque', 'Plan de traitement cardiologique', 'Consultation cardiologie', 'completed', 'user-admin-001', 1767179304412, 1767179304412);
INSERT OR IGNORE INTO healthcare_consultations (id, company_id, patient_id, module, consultation_date, reason, diagnosis, treatment_plan, notes, status, created_by, created_at, updated_at) VALUES ('cardio-consult-000311', 'company-0001', 'hc-patient-cardio-00311', 'cardiology', 1730870403576, 'Douleur thoracique', 'Endocardite', 'Plan de traitement cardiologique', 'Consultation cardiologie', 'cancelled', 'user-admin-001', 1767179304412, 1767179304412);
INSERT OR IGNORE INTO healthcare_consultations (id, company_id, patient_id, module, consultation_date, reason, diagnosis, treatment_plan, notes, status, created_by, created_at, updated_at) VALUES ('cardio-consult-000312', 'company-0001', 'hc-patient-cardio-01111', 'cardiology', 1750853300488, 'Syncope', 'Hypertension arterielle', 'Plan de traitement cardiologique', 'Consultation cardiologie', 'cancelled', 'user-admin-001', 1767179304412, 1767179304412);
INSERT OR IGNORE INTO healthcare_consultations (id, company_id, patient_id, module, consultation_date, reason, diagnosis, treatment_plan, notes, status, created_by, created_at, updated_at) VALUES ('cardio-consult-000313', 'company-0001', 'hc-patient-cardio-01228', 'cardiology', 1722192266328, 'Suivi', 'Valvulopathie', 'Plan de traitement cardiologique', 'Consultation cardiologie', 'completed', 'user-admin-001', 1767179304412, 1767179304412);
INSERT OR IGNORE INTO healthcare_consultations (id, company_id, patient_id, module, consultation_date, reason, diagnosis, treatment_plan, notes, status, created_by, created_at, updated_at) VALUES ('cardio-consult-000314', 'company-0001', 'hc-patient-cardio-00768', 'cardiology', 1706241968485, 'Palpitations', 'Endocardite', 'Plan de traitement cardiologique', 'Consultation cardiologie', 'completed', 'user-admin-001', 1767179304412, 1767179304412);
INSERT OR IGNORE INTO healthcare_consultations (id, company_id, patient_id, module, consultation_date, reason, diagnosis, treatment_plan, notes, status, created_by, created_at, updated_at) VALUES ('cardio-consult-000315', 'company-0001', 'hc-patient-cardio-00039', 'cardiology', 1735471087031, 'Controle post-intervention', 'Arythmie ventriculaire', 'Plan de traitement cardiologique', 'Consultation cardiologie', 'cancelled', 'user-admin-001', 1767179304412, 1767179304412);
INSERT OR IGNORE INTO healthcare_consultations (id, company_id, patient_id, module, consultation_date, reason, diagnosis, treatment_plan, notes, status, created_by, created_at, updated_at) VALUES ('cardio-consult-000316', 'company-0001', 'hc-patient-cardio-00821', 'cardiology', 1737377521421, 'Suivi', 'Cardiomyopathie dilatee', 'Plan de traitement cardiologique', 'Consultation cardiologie', 'completed', 'user-admin-001', 1767179304412, 1767179304412);
INSERT OR IGNORE INTO healthcare_consultations (id, company_id, patient_id, module, consultation_date, reason, diagnosis, treatment_plan, notes, status, created_by, created_at, updated_at) VALUES ('cardio-consult-000317', 'company-0001', 'hc-patient-cardio-00356', 'cardiology', 1727957913761, 'Suivi', 'Insuffisance cardiaque', 'Plan de traitement cardiologique', 'Consultation cardiologie', 'completed', 'user-admin-001', 1767179304412, 1767179304412);
INSERT OR IGNORE INTO healthcare_consultations (id, company_id, patient_id, module, consultation_date, reason, diagnosis, treatment_plan, notes, status, created_by, created_at, updated_at) VALUES ('cardio-consult-000318', 'company-0001', 'hc-patient-cardio-01726', 'cardiology', 1761091376086, 'Douleur thoracique', 'Cardiomyopathie dilatee', 'Plan de traitement cardiologique', 'Consultation cardiologie', 'scheduled', 'user-admin-001', 1767179304412, 1767179304412);
INSERT OR IGNORE INTO healthcare_consultations (id, company_id, patient_id, module, consultation_date, reason, diagnosis, treatment_plan, notes, status, created_by, created_at, updated_at) VALUES ('cardio-consult-000319', 'company-0001', 'hc-patient-cardio-00418', 'cardiology', 1729476674777, 'Controle post-intervention', 'Cardiopathie ischemique', 'Plan de traitement cardiologique', 'Consultation cardiologie', 'cancelled', 'user-admin-001', 1767179304412, 1767179304412);
INSERT OR IGNORE INTO healthcare_consultations (id, company_id, patient_id, module, consultation_date, reason, diagnosis, treatment_plan, notes, status, created_by, created_at, updated_at) VALUES ('cardio-consult-000320', 'company-0001', 'hc-patient-cardio-00078', 'cardiology', 1737736311826, 'Palpitations', 'Insuffisance cardiaque', 'Plan de traitement cardiologique', 'Consultation cardiologie', 'completed', 'user-admin-001', 1767179304412, 1767179304412);